cycle,phase,pattern,label,reset_gradient,applied_update,target_out,other_out,margin,score0,score1,score0_cmp,score1_cmp,out0_cmp,out1_cmp,correct,mean_hidden_act,act0,act1,act2,act3,act4,act5,act6,act7,lose0,lose1,lead01,lead10,max_abs_hidden_delta_signal,max_abs_hidden_grad_signal,max_hidden_grad_node,post_update_margin,d_margin_after_update,max_abs_readout_weight_signed_delta,max_abs_output_bias_signed_delta,max_abs_readout_signed_delta,max_abs_hidden_signed_delta
0,initial_eval,0,0,False,False,0.13091,0.137478,-0.00656763,0.12549,0.133759,0.0141951,0.0140901,0.130903,0.13747,False,0.111727725,0.160017,0.098667,0.119667,0.115452,0.0692549,0.0968149,0.101436,0.132513,0.343408,0.343203,1.21429,1.21421,,,,,,,,,
1,initial_eval,1,0,False,False,0.143107,0.150291,-0.00718349,0.174769,0.18257,0.0071471,0.00695829,0.1431,0.150283,False,0.0629662,0.126539,0.0524874,0.0329494,0.100647,0.0224351,0.075213,0.0452517,0.048207,0.338077,0.338066,1.20366,1.20352,,,,,,,,,
2,initial_eval,2,0,False,False,0.147249,0.154376,-0.00712632,0.18003,0.187526,0.0020666,0.00185068,0.147241,0.154367,False,0.0643493625,0.0739293,0.0416316,0.103905,0.0341516,0.0514119,0.0564989,0.0828962,0.0703704,0.337324,0.337334,1.19312,1.19293,,,,,,,,,
3,initial_eval,3,0,False,False,0.155886,0.163146,-0.00725945,0.190786,0.19828,0.000511686,0.000268755,0.155878,0.163138,False,0.048477025,0.0412271,0.0753363,0.0363457,0.0705286,0.0147869,0.0608222,0.0402417,0.0485277,0.336053,0.336047,1.18257,1.18233,,,,,,,,,
4,initial_eval,4,1,False,False,0.119989,0.11481,0.00517821,0.0911827,0.0936535,0.0455809,0.0453452,0.114804,0.119982,True,0.22176975,0.238238,0.219287,0.202987,0.246578,0.202827,0.200844,0.228697,0.2347,0.220704,0.224099,1.17245,1.17217,,,,,,,,,
5,initial_eval,5,1,False,False,0.115999,0.110991,0.00500787,0.097395,0.0997476,0.00617131,0.00609662,0.110985,0.115993,True,0.25523212500000003,0.26696,0.26236,0.216674,0.287754,0.241835,0.236954,0.26696,0.26236,0.337469,0.337439,1.16259,1.16227,,,,,,,,,
6,initial_eval,6,1,False,False,0.117358,0.112346,0.00501137,0.0973949,0.0997474,0.00617134,0.00609665,0.11234,0.117351,True,0.25523175000000003,0.266959,0.26236,0.216674,0.287753,0.241835,0.236954,0.266959,0.26236,0.337469,0.337439,1.15265,1.1523,,,,,,,,,
7,initial_eval,7,1,False,False,0.125844,0.119679,0.00616547,0.112357,0.11952,0.0117578,0.0115999,0.119672,0.125837,True,0.1310348625,0.110397,0.158195,0.0788692,0.258363,0.108572,0.0805127,0.151577,0.101793,0.340887,0.340677,1.14272,1.14232,,,,,,,,,
8,train,0,0,True,True,0.130935,0.137519,-0.00658358,0.125489,0.133758,0.0141949,0.0140899,0.130928,0.137511,False,0.1117255,0.160015,0.0986649,0.119665,0.115449,0.0692528,0.0968133,0.101433,0.132511,0.343449,0.343244,0.880622,0.92491,0.0,0.0,0.0,-0.00482022,0.00176336,0.0521333,0.00289851,0.0521333,2.68079e-07
9,train,4,1,True,True,0.113896,0.10982,0.00407517,0.0913284,0.0931205,0.0456214,0.0453859,0.109814,0.113889,True,0.22176800000000002,0.238237,0.219285,0.202986,0.246576,0.202825,0.200842,0.228695,0.234698,0.220106,0.223556,0.863472,0.953896,0.0,0.0,0.0,0.00476952,0.000694345,0.111686,0.00126061,0.111686,2.68079e-07
10,train,1,0,True,True,0.142464,0.14877,-0.00630632,0.174166,0.181334,0.00706729,0.00709468,0.142456,0.148762,False,0.06296476250000001,0.126537,0.052486,0.032948,0.100646,0.0224336,0.0752116,0.0452502,0.0482057,0.338102,0.338056,0.886744,0.917338,0.0,0.0,0.0,-0.00386598,0.00244034,0.00208652,0.00377106,0.00377106,2.68079e-07
11,train,5,1,True,True,0.107128,0.104269,0.00285974,0.0950273,0.101999,0.00666448,0.0059329,0.104263,0.107122,True,0.25523025,0.266958,0.262358,0.216673,0.287752,0.241833,0.236952,0.266958,0.262358,0.337725,0.33729,0.843283,1.07852,0.0,0.0,0.0,0.00319668,0.000336937,0.0876972,0.00102175,0.0876972,2.68078e-07
12,train,2,0,True,True,0.146051,0.150628,-0.00457735,0.178776,0.184015,0.00197835,0.00206378,0.146043,0.15062,False,0.0643479875,0.0739287,0.0416295,0.103903,0.0341501,0.0514106,0.0564978,0.082895,0.0703692,0.337353,0.337282,0.891314,0.9122,0.0,0.0,0.0,-0.00200607,0.00257128,0.000182177,0.00392366,0.00392366,2.68078e-07
13,train,6,1,True,True,0.113646,0.112459,0.0011866,0.0914359,0.105471,0.00746426,0.00569802,0.112453,0.113639,True,0.25523025,0.266958,0.262358,0.216673,0.287752,0.241833,0.236952,0.266958,0.262358,0.338132,0.337057,0.88892,0.913505,0.0,0.0,0.0,0.00221577,0.00102917,0.124269,0.001391,0.124269,2.68078e-07
14,train,3,0,True,True,0.154197,0.157478,-0.00328195,0.189035,0.192516,0.000501996,0.00155083,0.154189,0.157472,False,0.0484758,0.0412263,0.0753352,0.0363448,0.0705266,0.0147859,0.0608203,0.0402409,0.0485264,0.336079,0.336016,0.895454,0.908045,0.0,0.0,0.0,-0.000263805,0.00301814,0.000156708,0.00452561,0.00452561,2.68078e-07
15,train,7,1,True,True,0.121545,0.119714,0.00183148,0.101892,0.131971,0.013516,0.0112169,0.119707,0.121538,True,0.1310331375,0.110395,0.158194,0.0788673,0.258362,0.10857,0.0805108,0.151575,0.101791,0.344199,0.339173,0.890014,0.912763,0.0,0.0,0.0,0.0131498,0.0113183,0.161791,0.00177169,0.161791,2.68078e-07
16,train,0,0,True,True,0.129543,0.131442,-0.00189856,0.122171,0.142908,0.0122935,0.0150839,0.129536,0.131435,False,0.11172373749999999,0.160014,0.0986627,0.119663,0.115447,0.0692506,0.0968116,0.101431,0.13251,0.344605,0.340448,0.893901,0.909038,0.0,0.0,0.0,-0.000509972,0.00138858,0.0509802,0.00246366,0.0509802,2.68077e-07
17,train,4,1,True,True,0.108273,0.106742,0.00153098,0.0752324,0.112692,0.03743,0.0511108,0.106736,0.108267,True,0.221766,0.238235,0.219282,0.202985,0.246574,0.202823,0.20084,0.228693,0.234696,0.317326,0.123449,0.874893,0.931532,0.0,0.0,0.0,0.00246302,0.000932033,0.0979196,0.00113234,0.0979196,2.68077e-07
18,train,1,0,True,True,0.140318,0.148068,-0.0077503,0.171615,0.182852,0.000760171,0.0136099,0.14031,0.148063,False,0.062963425,0.126535,0.0524847,0.0329468,0.100645,0.0224322,0.0752104,0.0452489,0.0482044,0.338074,0.336722,0.883133,0.921818,0.0,0.0,0.0,-0.0053611,0.00238921,0.0023731,0.00370079,0.00370079,2.68077e-07
19,train,5,1,True,True,0.113672,0.108451,0.00522137,0.0591781,0.147795,0.0120143,0.00423461,0.108445,0.113683,True,0.255228875,0.266956,0.262357,0.216672,0.28775,0.241832,0.236951,0.266956,0.262357,0.363911,0.335189,0.851464,0.985729,0.0,0.0,0.0,0.050004,0.0447827,0.105487,0.00121009,0.105487,2.68077e-07
20,train,2,0,True,True,0.143702,0.150797,-0.00709504,0.176056,0.185775,-0.00342291,0.00978569,0.143694,0.150795,False,0.06434694999999999,0.0739282,0.0416279,0.103902,0.0341489,0.0514095,0.0564968,0.082894,0.0703683,0.337328,0.336033,0.885718,0.918618,0.0,0.0,0.0,-0.00457364,0.00252139,0.000459377,0.00392638,0.00392638,2.68077e-07
21,train,6,1,True,True,0.154748,0.108268,0.0464802,0.0516685,0.190092,0.00242205,0.00949065,0.108262,0.154758,True,0.255228125,0.266956,0.262356,0.216671,0.287749,0.241831,0.23695,0.266956,0.262356,0.622455,0.330722,0.784344,1.2,0.0,0.0,0.0,0.0560941,0.00961388,0.104657,0.00120465,0.104657,2.68076e-07
22,train,3,0,True,True,0.15197,0.155095,-0.00312542,0.186723,0.190305,-0.00236613,0.0318979,0.151962,0.155098,False,0.0484749625,0.0412257,0.0753345,0.0363442,0.0705253,0.0147851,0.060819,0.0402404,0.0485255,0.336055,0.328015,0.895395,0.908066,0.0,0.0,0.0,-0.00028962,0.0028358,0.000462896,0.00429794,0.00429794,2.68076e-07
23,train,7,1,True,True,0.15442,0.117704,0.0367154,0.0965984,0.189648,-0.00450614,0.0396164,0.117698,0.154424,True,0.13103142499999998,0.110393,0.158192,0.0788655,0.258361,0.108568,0.0805089,0.151574,0.101789,0.346545,0.284236,0.818034,1.2,0.0,0.0,0.0,0.0404344,0.00371901,0.00722553,0.00167113,0.00722553,2.68076e-07
24,final_eval,0,0,False,False,0.126584,0.152651,-0.0260673,0.119017,0.187791,-0.004522,0.035169,0.126577,0.152654,False,0.11172186249999999,0.160013,0.0986605,0.119662,0.115444,0.0692484,0.09681,0.101429,0.132508,0.349283,0.316469,1.15215,1.19674,,,,,,,,,
25,final_eval,1,0,False,False,0.138566,0.152651,-0.0140847,0.169726,0.18779,-0.00532726,0.0342662,0.138558,0.152653,False,0.06296235,0.126534,0.0524836,0.0329458,0.100644,0.022431,0.0752093,0.0452477,0.0482034,0.338014,0.320554,1.14205,1.18622,,,,,,,,,
26,final_eval,2,0,False,False,0.142647,0.15265,-0.0100032,0.174829,0.18779,-0.00731863,0.0329108,0.142639,0.152653,False,0.0643461125,0.0739277,0.0416266,0.103901,0.034148,0.0514086,0.0564961,0.0828933,0.0703676,0.337272,0.325498,1.13962,1.1758,,,,,,,,,
27,final_eval,3,0,False,False,0.15138,0.15265,-0.00127007,0.18611,0.187789,-0.00231455,0.0322384,0.151372,0.152652,False,0.0484744125,0.0412253,0.075334,0.0363438,0.0705244,0.0147846,0.0608182,0.04024,0.048525,0.336006,0.327252,1.13956,1.16545,,,,,,,,,
28,final_eval,4,1,False,False,0.153922,0.11165,0.0422719,0.0557762,0.189153,0.00382798,0.0850087,0.111644,0.153927,True,0.221763,0.238232,0.219279,0.202984,0.24657,0.20282,0.200837,0.228689,0.234693,0.393699,0.00665866,1.13993,1.15517,,,,,,,,,
29,final_eval,5,1,False,False,0.163027,0.109064,0.0539631,0.0508739,0.198594,-0.00191082,0.0980058,0.109058,0.163037,True,0.255226375,0.266954,0.262354,0.21667,0.287747,0.24183,0.236948,0.266954,0.262354,0.662716,0.00527048,1.13976,1.14488,,,,,,,,,
30,final_eval,6,1,False,False,0.163027,0.109072,0.0539553,0.0508738,0.198594,-0.00191082,0.0980057,0.109066,0.163036,True,0.25522625,0.266954,0.262354,0.216669,0.287747,0.24183,0.236948,0.266954,0.262354,0.662722,0.00527048,1.13974,1.13961,,,,,,,,,
31,final_eval,7,1,False,False,0.154402,0.11633,0.0380713,0.0957674,0.18963,-0.00447871,0.0396436,0.116324,0.154406,True,0.1310296875,0.110391,0.158191,0.0788635,0.25836,0.108566,0.080507,0.151572,0.101787,0.346603,0.28395,1.13965,1.13971,,,,,,,,,
