experiment,theta,act,pre,delta,write_width_u,score_initial,score_final,read_response,w_final,w_before,w_after,discharge,charge,state_delta_v,signed_state_delta_v,read_slope,read_gain,write_discharge_v,effective_mobility
read_positive,0.05,0.25,,,,0.0,-4.55825e-111,-4.55825e-111,0.05,,,,,,,-1.4132699999999998e-109,-1.8233e-110,-0.00432693,6.115120361099999e-112
read_positive,0.1,0.25,,,,0.0,-1.16246e-110,-1.16246e-110,0.1,,,,,,,0.2843401515151515,-4.64984e-110,-0.00294403,-0.0008371059362651514
read_positive,0.16,0.25,,,,0.0,0.0375329,0.0375329,0.16,,,,,,,0.761396011904762,0.1501316,-0.00144727,-0.001101945606149405
read_positive,0.24,0.25,,,,0.0,0.112935,0.112935,0.24,,,,,,,0.9439101388888885,0.45174,0.000265154,0.0002502815489669443
read_positive,0.34,0.25,,,,0.0,0.207499,0.207499,0.34,,,,,,,0.5386596969696966,0.829996,0.00194956,0.0010501493988242416
read_positive,0.46,0.25,,,,0.0,0.213533,0.213533,0.46,,,,,,,0.02514166666666673,0.854132,0.00328614,8.26190365000002e-05
read_positive,0.58,0.25,,,,0.0,0.213533,0.213533,0.58,,,,,,,0.0,0.854132,0.00380994,0.0
read_positive,0.7,0.25,,,,0.0,0.213533,0.213533,0.7,,,,,,,0.0,0.854132,0.00393976,0.0
read_positive,0.82,0.25,,,,0.0,0.213533,0.213533,0.82,,,,,,,0.0,0.854132,0.00404922,0.0
read_positive,0.94,0.25,,,,0.0,0.213533,0.213533,0.94,,,,,,,0.0,0.854132,0.00412665,0.0
read_positive,1.06,0.25,,,,0.0,0.213533,0.213533,1.06,,,,,,,2.220446049250313e-16,0.854132,0.00415115,9.217404617345437e-19
read_positive,1.15,0.25,,,,0.0,0.213533,0.213533,1.15,,,,,,,0.0,0.854132,0.00415163,0.0
read_negative,0.05,0.25,,,,0.299982,0.299887,9.48962e-05,0.05,,,,,,,0.0,0.0003795848,-0.00432693,-0.0
read_negative,0.1,0.25,,,,0.299982,0.299887,9.48962e-05,0.1,,,,,,,2.2718719984848486,0.0003795848,-0.00294403,-0.0066884593196993485
read_negative,0.16,0.25,,,,0.299982,4.64312e-215,0.299982,0.16,,,,,,,2.856067655238096,1.199928,-0.00144727,-0.00413350103539644
read_negative,0.24,0.25,,,,0.299982,-1.90102e-272,0.299982,0.24,,,,,,,-2.220446049250313e-16,1.199928,0.000265154,-5.887601517429175e-20
read_negative,0.34,0.25,,,,0.299982,3.06411e-300,0.299982,0.34,,,,,,,-2.220446049250313e-16,1.199928,0.00194956,-4.32889279977644e-19
read_negative,0.46,0.25,,,,0.299982,0.0,0.299982,0.46,,,,,,,0.0,1.199928,0.00328614,0.0
read_negative,0.58,0.25,,,,0.299982,0.0,0.299982,0.58,,,,,,,0.0,1.199928,0.00380994,0.0
read_negative,0.7,0.25,,,,0.299982,0.0,0.299982,0.7,,,,,,,0.0,1.199928,0.00393976,0.0
read_negative,0.82,0.25,,,,0.299982,0.0,0.299982,0.82,,,,,,,0.0,1.199928,0.00404922,0.0
read_negative,0.94,0.25,,,,0.299982,0.0,0.299982,0.94,,,,,,,-2.220446049250313e-16,1.199928,0.00412665,-9.163003689138804e-19
read_negative,1.06,0.25,,,,0.299982,0.0,0.299982,1.06,,,,,,,2.220446049250313e-16,1.199928,0.00415115,9.217404617345437e-19
read_negative,1.15,0.25,,,,0.299982,0.0,0.299982,1.15,,,,,,,0.0,1.199928,0.00415163,0.0
read_positive,0.05,0.5,,,,0.0,-3.88736e-112,-3.88736e-112,0.05,,,,,,,-3.403979999999999e-111,-7.77472e-112,-0.00432693,1.4728783181399996e-113
read_positive,0.1,0.5,,,,0.0,-5.58935e-112,-5.58935e-112,0.1,,,,,,,0.28434469696969694,-1.11787e-111,-0.00294403,-0.0008371193182196968
read_positive,0.16,0.5,,,,0.0,0.0375335,0.0375335,0.16,,,,,,,0.761398511904762,0.075067,-0.00144727,-0.001101949224324405
read_positive,0.24,0.5,,,,0.0,0.112935,0.112935,0.24,,,,,,,0.9439104166666663,0.22587,0.000265154,0.00025028162262083324
read_positive,0.34,0.5,,,,0.0,0.2075,0.2075,0.34,,,,,,,0.9471083333333331,0.415,0.00194956,0.0018464445223333329
read_positive,0.46,0.5,,,,0.0,0.321363,0.321363,0.46,,,,,,,0.9503208333333335,0.642726,0.00328614,0.0031228873032500006
read_positive,0.58,0.5,,,,0.0,0.435577,0.435577,0.58,,,,,,,0.565983333333334,0.871154,0.00380994,0.0021563625410000024
read_positive,0.7,0.5,,,,0.0,0.457199,0.457199,0.7,,,,,,,0.0900916666666669,0.914398,0.00393976,0.0003549395446666676
read_positive,0.82,0.5,,,,0.0,0.457199,0.457199,0.82,,,,,,,0.0,0.914398,0.00404922,0.0
read_positive,0.94,0.5,,,,0.0,0.457199,0.457199,0.94,,,,,,,0.0,0.914398,0.00412665,0.0
read_positive,1.06,0.5,,,,0.0,0.457199,0.457199,1.06,,,,,,,4.440892098500626e-16,0.914398,0.00415115,1.8434809234690875e-18
read_positive,1.15,0.5,,,,0.0,0.457199,0.457199,1.15,,,,,,,0.0,0.914398,0.00415163,0.0
read_negative,0.05,0.5,,,,0.299982,0.299887,9.4948e-05,0.05,,,,,,,-1.99999999986886e-09,0.000189896,-0.00432693,8.653859999432566e-12
read_negative,0.1,0.5,,,,0.299982,0.299887,9.49479e-05,0.1,,,,,,,2.2718716057272728,0.0001898958,-0.00294403,-0.006688458163409262
read_negative,0.16,0.5,,,,0.299982,6.84129e-220,0.299982,0.16,,,,,,,2.8560671628571432,0.599964,-0.00144727,-0.004133500322788258
read_negative,0.24,0.5,,,,0.299982,4.08555e-290,0.299982,0.24,,,,,,,-2.220446049250313e-16,0.599964,0.000265154,-5.887601517429175e-20
read_negative,0.34,0.5,,,,0.299982,0.0,0.299982,0.34,,,,,,,-2.220446049250313e-16,0.599964,0.00194956,-4.32889279977644e-19
read_negative,0.46,0.5,,,,0.299982,0.0,0.299982,0.46,,,,,,,0.0,0.599964,0.00328614,0.0
read_negative,0.58,0.5,,,,0.299982,0.0,0.299982,0.58,,,,,,,0.0,0.599964,0.00380994,0.0
read_negative,0.7,0.5,,,,0.299982,0.0,0.299982,0.7,,,,,,,0.0,0.599964,0.00393976,0.0
read_negative,0.82,0.5,,,,0.299982,0.0,0.299982,0.82,,,,,,,0.0,0.599964,0.00404922,0.0
read_negative,0.94,0.5,,,,0.299982,0.0,0.299982,0.94,,,,,,,-2.220446049250313e-16,0.599964,0.00412665,-9.163003689138804e-19
read_negative,1.06,0.5,,,,0.299982,0.0,0.299982,1.06,,,,,,,2.220446049250313e-16,0.599964,0.00415115,9.217404617345437e-19
read_negative,1.15,0.5,,,,0.299982,0.0,0.299982,1.15,,,,,,,0.0,0.599964,0.00415163,0.0
read_positive,0.05,0.75,,,,0.0,7.81833e-102,7.81833e-102,0.05,,,,,,,-1.5612484400000001e-100,1.0424440000000001e-101,-0.00432693,6.7554127124892e-103
read_positive,0.1,0.75,,,,0.0,1.20878e-104,1.20878e-104,0.1,,,,,,,0.28434848484848485,1.6117066666666666e-104,-0.00294403,-0.0008371304698484848
read_positive,0.16,0.75,,,,0.0,0.037534,0.037534,0.16,,,,,,,0.7614059523809524,0.05004533333333333,-0.00144727,-0.001101959992702381
read_positive,0.24,0.75,,,,0.0,0.112936,0.112936,0.24,,,,,,,0.9439138888888887,0.15058133333333332,0.000265154,0.00025028254329444437
read_positive,0.34,0.75,,,,0.0,0.207501,0.207501,0.34,,,,,,,0.9471045454545453,0.27666799999999997,0.00194956,0.0018464371376363633
read_positive,0.46,0.75,,,,0.0,0.321363,0.321363,0.46,,,,,,,0.9503166666666668,0.42848400000000003,0.00328614,0.0031228736110000006
read_positive,0.58,0.75,,,,0.0,0.435577,0.435577,0.58,,,,,,,0.9530208333333337,0.5807693333333334,0.00380994,0.003630952193750001
read_positive,0.7,0.75,,,,0.0,0.550088,0.550088,0.7,,,,,,,0.9553291666666668,0.7334506666666667,0.00393976,0.0037637676376666668
read_positive,0.82,0.75,,,,0.0,0.664856,0.664856,0.82,,,,,,,0.631075,0.8864746666666666,0.00404922,0.0025553615115000003
read_positive,0.94,0.75,,,,0.0,0.701546,0.701546,0.94,,,,,,,0.15287499999999943,0.9353946666666667,0.00412665,0.0006308616187499977
read_positive,1.06,0.75,,,,0.0,0.701546,0.701546,1.06,,,,,,,6.3492063491210615e-06,0.9353946666666667,0.00415115,2.6356507936153897e-08
read_positive,1.15,0.75,,,,0.0,0.701547,0.701547,1.15,,,,,,,1.1111111111430636e-05,0.935396,0.00415163,4.612922222354877e-08
read_negative,0.05,0.75,,,,0.299982,0.299887,9.49482e-05,0.05,,,,,,,0.0,0.0001265976,-0.00432693,-0.0
read_negative,0.1,0.75,,,,0.299982,0.299887,9.49482e-05,0.1,,,,,,,2.271871604545455,0.0001265976,-0.00294403,-0.006688458159929955
read_negative,0.16,0.75,,,,0.299982,2.28519e-221,0.299982,0.16,,,,,,,2.8560671600000003,0.39997600000000005,-0.00144727,-0.0041335003186532
read_negative,0.24,0.75,,,,0.299982,-4.81537e-295,0.299982,0.24,,,,,,,-2.220446049250313e-16,0.39997600000000005,0.000265154,-5.887601517429175e-20
read_negative,0.34,0.75,,,,0.299982,0.0,0.299982,0.34,,,,,,,-2.220446049250313e-16,0.39997600000000005,0.00194956,-4.32889279977644e-19
read_negative,0.46,0.75,,,,0.299982,0.0,0.299982,0.46,,,,,,,0.0,0.39997600000000005,0.00328614,0.0
read_negative,0.58,0.75,,,,0.299982,0.0,0.299982,0.58,,,,,,,0.0,0.39997600000000005,0.00380994,0.0
read_negative,0.7,0.75,,,,0.299982,0.0,0.299982,0.7,,,,,,,0.0,0.39997600000000005,0.00393976,0.0
read_negative,0.82,0.75,,,,0.299982,0.0,0.299982,0.82,,,,,,,0.0,0.39997600000000005,0.00404922,0.0
read_negative,0.94,0.75,,,,0.299982,0.0,0.299982,0.94,,,,,,,-2.220446049250313e-16,0.39997600000000005,0.00412665,-9.163003689138804e-19
read_negative,1.06,0.75,,,,0.299982,0.0,0.299982,1.06,,,,,,,2.220446049250313e-16,0.39997600000000005,0.00415115,9.217404617345437e-19
read_negative,1.15,0.75,,,,0.299982,0.0,0.299982,1.15,,,,,,,0.0,0.39997600000000005,0.00415163,0.0
write_discharge,0.05,,0.65,1.0,0.0008,,,,,0.05,0.0543269,-0.00432693,0.00432693,-0.00432693,0.00432693,,,-0.00432693,
write_discharge,0.1,,0.65,1.0,0.0008,,,,,0.1,0.102944,-0.00294403,0.00294403,-0.00294403,0.00294403,,,-0.00294403,
write_discharge,0.16,,0.65,1.0,0.0008,,,,,0.16,0.161447,-0.00144727,0.00144727,-0.00144727,0.00144727,,,-0.00144727,
write_discharge,0.24,,0.65,1.0,0.0008,,,,,0.24,0.239735,0.000265154,-0.000265154,0.000265154,-0.000265154,,,0.000265154,
write_discharge,0.34,,0.65,1.0,0.0008,,,,,0.34,0.33805,0.00194956,-0.00194956,0.00194956,-0.00194956,,,0.00194956,
write_discharge,0.46,,0.65,1.0,0.0008,,,,,0.46,0.456714,0.00328614,-0.00328614,0.00328614,-0.00328614,,,0.00328614,
write_discharge,0.58,,0.65,1.0,0.0008,,,,,0.58,0.57619,0.00380994,-0.00380994,0.00380994,-0.00380994,,,0.00380994,
write_discharge,0.7,,0.65,1.0,0.0008,,,,,0.7,0.69606,0.00393976,-0.00393976,0.00393976,-0.00393976,,,0.00393976,
write_discharge,0.82,,0.65,1.0,0.0008,,,,,0.82,0.815951,0.00404922,-0.00404922,0.00404922,-0.00404922,,,0.00404922,
write_discharge,0.94,,0.65,1.0,0.0008,,,,,0.94,0.935873,0.00412665,-0.00412665,0.00412665,-0.00412665,,,0.00412665,
write_discharge,1.06,,0.65,1.0,0.0008,,,,,1.06,1.05585,0.00415115,-0.00415115,0.00415115,-0.00415115,,,0.00415115,
write_discharge,1.15,,0.65,1.0,0.0008,,,,,1.15,1.14585,0.00415163,-0.00415163,0.00415163,-0.00415163,,,0.00415163,
