cycle,phase,pattern,label,reset_gradient,applied_update,target_out,other_out,margin,score0,score1,score0_cmp,score1_cmp,out0_cmp,out1_cmp,correct,mean_hidden_act,target_out_2550ps,other_out_2550ps,margin_2550ps,correct_2550ps,target_out_2950ps,other_out_2950ps,margin_2950ps,correct_2950ps,target_out_3350ps,other_out_3350ps,margin_3350ps,correct_3350ps,act0,act1,act2,act3,act4,act5,act6,act7,lose0,lose1,lead01,lead10,bwd_signal
0,initial_eval,0,0,False,False,0.179495,0.179681,-0.000186215,0.215558,0.215747,0.215544,0.215733,0.179738,0.179922,False,0.44786,0.179495,0.179681,-0.000186215,False,0.179613,0.179799,-0.000185424,False,0.179692,0.179877,-0.000184976,False,0.741245,0.57729,0.633202,0.770112,0.107267,0.142146,0.109099,0.502519,0.00187194,0.00187002,1.2,7.76472e-10,
1,initial_eval,1,0,False,False,0.17949,0.179676,-0.000186009,0.215556,0.215746,0.215544,0.215733,0.179737,0.179922,False,0.383877,0.17949,0.179676,-0.000186009,False,0.17961,0.179795,-0.00018532,False,0.17969,0.179875,-0.000184932,False,0.632611,0.475342,0.540965,0.624457,0.124163,0.08,0.282379,0.311099,0.00187194,0.00187002,7.76471e-10,1.2,
2,initial_eval,2,0,False,False,0.179488,0.17967,-0.000181744,0.215552,0.21574,0.215539,0.215728,0.179733,0.179915,False,0.29886775000000004,0.179488,0.17967,-0.000181744,False,0.179607,0.17979,-0.000182191,False,0.179687,0.179869,-0.000182442,False,0.460496,0.315118,0.428067,0.491527,0.139719,0.324761,0.106536,0.124718,0.00187199,0.00187007,1.2,7.76471e-10,
3,initial_eval,3,0,False,False,0.179479,0.179662,-0.000183347,0.215541,0.21573,0.215528,0.215717,0.179722,0.179906,False,0.34778837500000004,0.179479,0.179662,-0.000183347,False,0.179597,0.179781,-0.00018356,False,0.179676,0.17986,-0.000183677,False,0.465983,0.392788,0.363332,0.423047,0.177356,0.430341,0.224457,0.305003,0.0018721,0.00187018,7.76471e-10,1.2,
4,initial_eval,4,0,False,False,0.179474,0.179662,-0.000188021,0.215539,0.215729,0.215527,0.215716,0.179719,0.179905,False,0.383445,0.179474,0.179662,-0.000188021,False,0.179594,0.17978,-0.000186772,False,0.179674,0.17986,-0.000186068,False,0.584164,0.47028,0.462056,0.628547,0.255224,0.176976,0.145681,0.344632,0.00187212,0.00187019,7.76472e-10,1.2,
5,initial_eval,5,0,False,False,0.179473,0.179656,-0.000182768,0.215536,0.215725,0.215523,0.215712,0.179717,0.1799,False,0.37133174999999996,0.179473,0.179656,-0.000182768,False,0.179592,0.179775,-0.00018307,False,0.179671,0.179855,-0.000183238,False,0.543454,0.493438,0.523504,0.44525,0.181826,0.385814,0.148522,0.248846,0.00187215,0.00187023,1.2,7.76471e-10,
6,initial_eval,6,0,False,False,0.179474,0.179658,-0.00018446,0.215537,0.215726,0.215524,0.215713,0.179718,0.179902,False,0.543639625,0.179474,0.179658,-0.00018446,False,0.179593,0.179777,-0.000184094,False,0.179672,0.179856,-0.000183887,False,0.676339,0.66374,0.770112,0.650108,0.375466,0.351668,0.149631,0.712053,0.00187214,0.00187022,7.76471e-10,1.2,
7,initial_eval,7,0,False,False,0.17947,0.179655,-0.00018494,0.215535,0.215724,0.215522,0.215711,0.179715,0.179899,False,0.42723375,0.17947,0.179655,-0.00018494,False,0.17959,0.179774,-0.000184541,False,0.17967,0.179854,-0.000184314,False,0.580763,0.423695,0.455836,0.753179,0.370996,0.391278,0.100993,0.34113,0.00187216,0.00187024,7.76472e-10,1.2,
8,initial_eval,8,0,False,False,0.179464,0.179649,-0.000184867,0.215527,0.215716,0.215515,0.215703,0.17971,0.179894,False,0.41991187500000005,0.179464,0.179649,-0.000184867,False,0.179583,0.179768,-0.000184477,False,0.179663,0.179847,-0.000184256,False,0.464831,0.474401,0.515151,0.632988,0.357854,0.426654,0.152887,0.334529,0.00187224,0.00187032,1.2,7.76471e-10,
9,initial_eval,9,0,False,False,0.179463,0.179649,-0.000185047,0.215527,0.215716,0.215514,0.215704,0.179709,0.179894,False,0.5125391,0.179463,0.179649,-0.000185047,False,0.179583,0.179767,-0.000184629,False,0.179662,0.179847,-0.000184391,False,0.715184,0.569406,0.590993,0.770114,0.328889,0.269307,0.0863048,0.770115,0.00187224,0.00187032,7.76471e-10,1.2,
10,initial_eval,10,0,False,False,0.179454,0.179637,-0.000182964,0.215517,0.215705,0.215504,0.215692,0.179699,0.179883,False,0.34533500000000006,0.179454,0.179637,-0.000182964,False,0.179573,0.179756,-0.000183132,False,0.179652,0.179836,-0.000183225,False,0.460057,0.36972,0.432466,0.52793,0.162337,0.257971,0.106189,0.44601,0.00187235,0.00187043,7.76472e-10,1.2,
11,initial_eval,11,0,False,False,0.17945,0.179633,-0.000182649,0.215512,0.215701,0.215499,0.215688,0.179695,0.179878,False,0.40108024999999997,0.17945,0.179633,-0.000182649,False,0.179569,0.179752,-0.000182912,False,0.179648,0.179831,-0.000183059,False,0.521068,0.418723,0.488581,0.608506,0.171098,0.317522,0.128222,0.554922,0.00187239,0.00187048,7.76472e-10,1.2,
12,initial_eval,12,0,False,False,0.17945,0.179634,-0.000183444,0.215513,0.215702,0.2155,0.21569,0.179696,0.17988,False,0.49262754999999997,0.17945,0.179634,-0.000183444,False,0.179569,0.179753,-0.000183615,False,0.179649,0.179833,-0.000183708,False,0.685667,0.646988,0.616585,0.599858,0.0876884,0.560507,0.109723,0.634004,0.00187238,0.00187046,1.2,7.76471e-10,
13,initial_eval,13,0,False,False,0.179436,0.179626,-0.000190531,0.215499,0.215694,0.215486,0.215681,0.179682,0.179871,False,0.41943698749999997,0.179436,0.179626,-0.000190531,False,0.179555,0.179745,-0.000190147,False,0.179635,0.179825,-0.000189944,False,0.599362,0.50374,0.580641,0.650401,0.0920689,0.244312,0.18933,0.495641,0.00187253,0.00187055,7.76471e-10,1.2,
14,initial_eval,14,0,False,False,0.179441,0.179626,-0.00018486,0.215504,0.215693,0.215491,0.21568,0.179686,0.179871,False,0.5126675,0.179441,0.179626,-0.00018486,False,0.17956,0.179744,-0.00018447,False,0.17964,0.179824,-0.000184249,False,0.423736,0.592923,0.632225,0.63737,0.432503,0.537697,0.160092,0.684794,0.00187248,0.00187056,1.2,7.76471e-10,
15,initial_eval,15,0,False,False,0.179432,0.179618,-0.000186346,0.215496,0.215686,0.215483,0.215673,0.179679,0.179864,False,0.456683375,0.179432,0.179618,-0.000186346,False,0.179552,0.179737,-0.000185539,False,0.179632,0.179817,-0.000185082,False,0.618181,0.572318,0.6045,0.673188,0.185134,0.114966,0.123926,0.761254,0.00187255,0.00187063,7.76471e-10,1.2,
16,initial_eval,16,0,False,False,0.179421,0.179609,-0.000187776,0.215483,0.215672,0.21547,0.215659,0.179666,0.179852,False,0.30304525,0.179421,0.179609,-0.000187776,False,0.17954,0.179727,-0.000186499,False,0.17962,0.179805,-0.000185777,False,0.22759,0.408197,0.427667,0.31717,0.305109,0.211941,0.203672,0.323016,0.00187269,0.00187077,1.2,7.76471e-10,
17,initial_eval,17,0,False,False,0.17943,0.179613,-0.000182838,0.215492,0.215681,0.215479,0.215668,0.179675,0.179859,False,0.489279625,0.17943,0.179613,-0.000182838,False,0.179549,0.179732,-0.000183064,False,0.179629,0.179812,-0.00018319,False,0.640951,0.717267,0.770113,0.685167,0.108697,0.284195,0.178522,0.529325,0.0018726,0.00187068,1.2,7.76472e-10,
18,initial_eval,18,0,False,False,0.179428,0.179614,-0.000185275,0.215491,0.215681,0.215479,0.215668,0.179674,0.179859,False,0.6504155,0.179428,0.179614,-0.000185275,False,0.179548,0.179732,-0.000184865,False,0.179627,0.179812,-0.000184632,False,0.396961,0.770112,0.770112,0.710292,0.629719,0.710614,0.445404,0.77011,0.0018726,0.00187068,1.2,7.76472e-10,
19,initial_eval,19,0,False,False,0.17942,0.179607,-0.00018739,0.215483,0.215672,0.215471,0.21566,0.179666,0.179851,False,0.531151625,0.17942,0.179607,-0.00018739,False,0.179539,0.179725,-0.000186108,False,0.179619,0.179805,-0.000185386,False,0.770115,0.613438,0.73708,0.770115,0.288301,0.178341,0.121709,0.770114,0.00187268,0.00187076,7.76471e-10,1.2,
20,initial_eval,20,0,False,False,0.179418,0.1796,-0.000182145,0.21548,0.215668,0.215467,0.215655,0.179663,0.179846,False,0.5292487499999999,0.179418,0.1796,-0.000182145,False,0.179537,0.179719,-0.000182427,False,0.179616,0.179799,-0.000182586,False,0.75562,0.482195,0.633557,0.770114,0.106731,0.619649,0.159538,0.706586,0.00187272,0.00187081,7.76472e-10,1.2,
21,initial_eval,21,0,False,False,0.179412,0.179595,-0.000183328,0.215473,0.215662,0.21546,0.215649,0.179657,0.17984,False,0.3978995,0.179412,0.179595,-0.000183328,False,0.17953,0.179714,-0.00018353,False,0.17961,0.179794,-0.000183642,False,0.618181,0.473595,0.444862,0.551244,0.122733,0.505327,0.128291,0.338963,0.00187279,0.00187087,1.2,7.76471e-10,
22,initial_eval,22,0,False,False,0.179412,0.179596,-0.00018445,0.215474,0.215663,0.215461,0.21565,0.179658,0.179842,False,0.5125206250000001,0.179412,0.179596,-0.00018445,False,0.179531,0.179715,-0.000184118,False,0.179611,0.179795,-0.00018393,False,0.572917,0.476237,0.588594,0.770113,0.330766,0.770113,0.260624,0.330801,0.00187278,0.00187086,1.2,7.76472e-10,
23,initial_eval,23,0,False,False,0.179402,0.179589,-0.000187583,0.215465,0.215654,0.215452,0.215641,0.179648,0.179833,False,0.493214,0.179402,0.179589,-0.000187583,False,0.179521,0.179708,-0.000186222,False,0.179601,0.179787,-0.000185453,False,0.770111,0.473998,0.604056,0.755224,0.421596,0.138322,0.137644,0.644761,0.00187288,0.00187095,1.2,7.76472e-10,
24,initial_eval,24,0,False,False,0.179401,0.179585,-0.00018349,0.215462,0.215651,0.21545,0.215638,0.179647,0.17983,False,0.35681999999999997,0.179401,0.179585,-0.00018349,False,0.17952,0.179703,-0.000183334,False,0.1796,0.179783,-0.000183247,False,0.516789,0.262486,0.42709,0.516068,0.296973,0.399473,0.14388,0.291801,0.0018729,0.00187098,1.2,7.76472e-10,
25,initial_eval,25,0,False,False,0.179401,0.179585,-0.000184359,0.215463,0.215651,0.21545,0.215639,0.179647,0.17983,False,0.560572625,0.179401,0.179585,-0.000184359,False,0.17952,0.179704,-0.000184024,False,0.1796,0.179784,-0.000183835,False,0.50609,0.566316,0.698648,0.753646,0.289464,0.770115,0.251963,0.648339,0.00187289,0.00187098,7.76471e-10,1.2,
26,initial_eval,26,0,False,False,0.179387,0.179576,-0.000188984,0.21545,0.21564,0.215437,0.215627,0.179634,0.17982,False,0.56040025,0.179387,0.179576,-0.000188984,False,0.179507,0.179695,-0.000187535,False,0.179587,0.179774,-0.000186716,False,0.436849,0.770112,0.681453,0.713739,0.770114,0.151298,0.22418,0.735457,0.00187302,0.00187109,7.76472e-10,1.2,
27,initial_eval,27,0,False,False,0.179385,0.179571,-0.000186528,0.215447,0.215637,0.215434,0.215624,0.179631,0.179816,False,0.542052875,0.179385,0.179571,-0.000186528,False,0.179504,0.17969,-0.000185708,False,0.179584,0.179769,-0.000185243,False,0.770113,0.770114,0.770114,0.770114,0.241903,0.12439,0.119561,0.770114,0.00187305,0.00187113,1.2,7.76471e-10,
28,initial_eval,28,0,False,False,0.179386,0.179569,-0.000182501,0.215447,0.215635,0.215434,0.215623,0.179632,0.179814,False,0.36707737499999993,0.179386,0.179569,-0.000182501,False,0.179505,0.179688,-0.000182769,False,0.179585,0.179768,-0.000182919,False,0.52447,0.365733,0.453304,0.600734,0.118889,0.344019,0.136189,0.393281,0.00187306,0.00187114,7.76471e-10,1.2,
29,initial_eval,29,0,False,False,0.179377,0.179563,-0.000186184,0.215439,0.215629,0.215426,0.215616,0.179624,0.179808,False,0.36093624999999996,0.179377,0.179563,-0.000186184,False,0.179497,0.179682,-0.000185422,False,0.179577,0.179762,-0.000184991,False,0.531274,0.502889,0.534256,0.557204,0.152056,0.089561,0.157529,0.362721,0.00187313,0.00187121,7.76472e-10,1.2,
30,initial_eval,30,0,False,False,0.17937,0.179556,-0.000186038,0.215431,0.21562,0.215418,0.215607,0.179615,0.1798,False,0.4866560000000001,0.17937,0.179556,-0.000186038,False,0.179489,0.179674,-0.000185254,False,0.179569,0.179753,-0.000184811,False,0.743989,0.637715,0.708511,0.703339,0.198008,0.152937,0.1903,0.558449,0.00187322,0.0018713,1.2,7.76471e-10,
31,initial_eval,31,0,False,False,0.17937,0.179558,-0.000188443,0.215432,0.215622,0.21542,0.215609,0.179617,0.179802,False,0.315127875,0.17937,0.179558,-0.000188443,False,0.179489,0.179676,-0.000187047,False,0.179569,0.179756,-0.000186258,False,0.291619,0.360851,0.342939,0.426903,0.444661,0.192956,0.107367,0.353727,0.0018732,0.00187127,7.76471e-10,1.2,
32,initial_eval,32,1,False,False,0.179554,0.179369,0.000185168,0.21543,0.215619,0.215417,0.215606,0.179613,0.179798,True,0.3103241375,0.179554,0.179369,0.000185168,True,0.179673,0.179488,0.000184825,True,0.179752,0.179568,0.000184627,True,0.0938811,0.456305,0.374484,0.163556,0.490971,0.26999,0.367252,0.266154,0.00187323,0.0018713,7.76472e-10,1.2,
33,initial_eval,33,1,False,False,0.176973,0.176781,0.000191144,0.212769,0.212958,0.212756,0.212946,0.177026,0.177213,True,0.2686391125,0.176973,0.176781,0.000191144,True,0.177089,0.176901,0.000188768,True,0.177168,0.17698,0.000187423,True,0.361298,0.0966629,0.122031,0.492813,0.349183,0.300039,0.218776,0.20831,0.00190074,0.00189876,1.2,7.76471e-10,
34,initial_eval,34,1,False,False,0.179546,0.179359,0.000187464,0.215419,0.215609,0.215406,0.215595,0.179603,0.179788,True,0.247402075,0.179546,0.179359,0.000187464,True,0.179664,0.179478,0.000186285,True,0.179743,0.179557,0.00018561,True,0.0838406,0.400537,0.39741,0.10904,0.266488,0.131902,0.385266,0.204733,0.00187335,0.00187142,7.76471e-10,1.2,
35,initial_eval,35,1,False,False,0.176973,0.172569,0.00440454,0.208448,0.212961,0.208438,0.212948,0.172822,0.177214,True,0.28502317499999996,0.176973,0.172569,0.00440454,True,0.177091,0.172692,0.00439822,True,0.177169,0.172775,0.00439437,True,0.497202,0.08,0.0873754,0.571344,0.284368,0.089561,0.410277,0.260058,0.00194716,0.00189873,1.2,7.76471e-10,
36,initial_eval,36,1,False,False,0.179534,0.179352,0.000182119,0.215411,0.215599,0.215398,0.215586,0.179595,0.179778,True,0.4669079,0.179534,0.179352,0.000182119,True,0.179653,0.17947,0.000182464,True,0.179732,0.17955,0.000182658,True,0.16197,0.684524,0.770112,0.221052,0.0829502,0.459844,0.75628,0.598531,0.00187343,0.00187151,1.2,7.76472e-10,
37,initial_eval,37,1,False,False,0.179535,0.179349,0.000185821,0.21541,0.215599,0.215397,0.215586,0.179594,0.179778,True,0.33589074999999996,0.179535,0.179349,0.000185821,True,0.179653,0.179468,0.000185089,True,0.179733,0.179548,0.00018467,True,0.102989,0.509698,0.564957,0.103372,0.107356,0.134907,0.770113,0.393734,0.00187344,0.00187151,1.2,7.76472e-10,
38,initial_eval,38,1,False,False,0.179529,0.179344,0.000184929,0.215404,0.215593,0.215392,0.21558,0.179589,0.179773,True,0.382305125,0.179529,0.179344,0.000184929,True,0.179648,0.179463,0.000184517,True,0.179727,0.179543,0.000184283,True,0.370735,0.363315,0.391723,0.528047,0.377254,0.374888,0.202841,0.449638,0.00187349,0.00187157,7.76471e-10,1.2,
39,initial_eval,39,1,False,False,0.179521,0.179337,0.000184707,0.215398,0.215586,0.215385,0.215574,0.179582,0.179766,True,0.20175882499999997,0.179521,0.179337,0.000184707,True,0.17964,0.179456,0.000184268,True,0.17972,0.179536,0.000184018,True,0.0808779,0.279686,0.34867,0.0841486,0.0901021,0.181483,0.39448,0.154623,0.00187356,0.00187164,7.76472e-10,1.2,
40,initial_eval,40,1,False,False,0.179514,0.17933,0.000184552,0.215388,0.215577,0.215375,0.215564,0.179573,0.179757,True,0.21241474999999999,0.179514,0.17933,0.000184552,True,0.179632,0.179448,0.000184127,True,0.179712,0.179528,0.000183885,True,0.133549,0.283897,0.37404,0.08,0.19023,0.105815,0.336074,0.195713,0.00187366,0.00187174,1.2,7.76471e-10,
41,initial_eval,41,1,False,False,0.179513,0.179326,0.000187697,0.215384,0.215573,0.21537,0.21556,0.179569,0.179754,True,0.24675849999999996,0.179513,0.179326,0.000187697,True,0.17963,0.179444,0.000186488,True,0.179709,0.179523,0.0001858,True,0.105732,0.36215,0.325922,0.165835,0.384943,0.156351,0.267067,0.206068,0.00187371,0.00187178,1.2,7.76472e-10,
42,initial_eval,42,1,False,False,0.175658,0.179312,-0.00365431,0.215371,0.21163,0.215358,0.21162,0.179556,0.175914,False,0.18587850000000003,0.175658,0.179312,-0.00365431,False,0.175783,0.179431,-0.00364781,False,0.175866,0.17951,-0.00364392,False,0.212831,0.207436,0.26523,0.224674,0.113793,0.145288,0.128915,0.188861,0.00187384,0.00191275,1.2,7.76472e-10,
43,initial_eval,43,1,False,False,0.17951,0.173988,0.0055227,0.20989,0.215574,0.209877,0.215559,0.174229,0.179753,True,0.27282999999999996,0.17951,0.173988,0.0055227,True,0.179629,0.174105,0.00552364,True,0.179708,0.174184,0.00552415,True,0.11078,0.257738,0.13034,0.399908,0.770115,0.240898,0.097806,0.175055,0.00193144,0.00187179,1.2,7.76472e-10,
44,initial_eval,44,1,False,False,0.17694,0.172553,0.00438638,0.208429,0.212926,0.208419,0.212913,0.172805,0.17718,True,0.32688025,0.17694,0.172553,0.00438638,True,0.177057,0.172676,0.0043809,True,0.177135,0.172758,0.00437754,True,0.463514,0.106965,0.08,0.646135,0.52235,0.243356,0.304203,0.248519,0.00194737,0.0018991,7.76471e-10,1.2,
45,initial_eval,45,1,False,False,0.175657,0.172525,0.00313182,0.208409,0.211627,0.208398,0.211616,0.172782,0.175912,True,0.16899925000000002,0.175657,0.172525,0.00313182,True,0.175781,0.172651,0.00313088,True,0.175864,0.172734,0.00313027,True,0.229949,0.132228,0.173526,0.267329,0.185581,0.149795,0.08,0.133586,0.0019476,0.00191278,7.76472e-10,1.2,
46,initial_eval,46,1,False,False,0.179499,0.179314,0.00018441,0.215373,0.215562,0.21536,0.215549,0.179558,0.179742,True,0.31425375,0.179499,0.179314,0.00018441,True,0.179617,0.179433,0.000184158,True,0.179697,0.179513,0.000184013,True,0.099258,0.348219,0.354446,0.303381,0.520741,0.456976,0.180046,0.250963,0.00187381,0.00187189,1.2,7.76471e-10,
47,initial_eval,47,1,False,False,0.176914,0.172537,0.00437743,0.20841,0.212896,0.2084,0.212883,0.172787,0.177153,True,0.26820845,0.176914,0.172537,0.00437743,True,0.17703,0.172658,0.00437145,True,0.177108,0.17274,0.00436784,True,0.162354,0.228891,0.0978166,0.426085,0.770114,0.161678,0.13612,0.162609,0.00194758,0.00189941,1.2,7.76472e-10,
48,initial_eval,48,1,False,False,0.179486,0.179298,0.000188251,0.215357,0.215546,0.215344,0.215534,0.179542,0.179728,True,0.253805,0.179486,0.179298,0.000188251,True,0.179604,0.179417,0.000186909,True,0.179683,0.179497,0.000186147,True,0.08,0.351668,0.279981,0.202821,0.554981,0.115102,0.24642,0.199467,0.00187398,0.00187205,7.76471e-10,1.2,
49,initial_eval,49,1,False,False,0.179489,0.179302,0.000186915,0.215361,0.215551,0.215348,0.215539,0.179546,0.179732,True,0.49324425,0.179489,0.179302,0.000186915,True,0.179607,0.179421,0.000186331,True,0.179687,0.179501,0.000185996,True,0.437398,0.585711,0.328765,0.48025,0.766049,0.770115,0.148938,0.428728,0.00187393,0.00187199,1.2,7.76471e-10,
50,initial_eval,50,1,False,False,0.179486,0.1793,0.000185332,0.215362,0.215551,0.215349,0.215538,0.179546,0.179731,True,0.25741375,0.179486,0.1793,0.000185332,True,0.179605,0.17942,0.000184739,True,0.179685,0.1795,0.000184404,True,0.121863,0.439552,0.500355,0.112137,0.08,0.123707,0.406674,0.275022,0.00187392,0.001872,7.76471e-10,1.2,
51,initial_eval,51,1,False,False,0.176907,0.172542,0.00436519,0.208419,0.212891,0.208409,0.212879,0.172794,0.177147,True,0.208235925,0.176907,0.172542,0.00436519,True,0.177024,0.172665,0.00435893,True,0.177102,0.172747,0.00435513,True,0.0934422,0.186428,0.10577,0.280885,0.673256,0.147746,0.0947575,0.0836027,0.00194749,0.00189946,7.76472e-10,1.2,
52,initial_eval,52,1,False,False,0.179467,0.17928,0.000186303,0.215338,0.215527,0.215325,0.215514,0.179524,0.179709,True,0.19452275,0.179467,0.17928,0.000186303,True,0.179585,0.179399,0.000185401,True,0.179664,0.179479,0.00018489,True,0.08,0.25617,0.274205,0.152513,0.299029,0.186263,0.182402,0.1256,0.00187417,0.00187224,1.2,7.76471e-10,
53,initial_eval,53,1,False,False,0.179467,0.179278,0.000188097,0.215338,0.215527,0.215325,0.215514,0.179523,0.179709,True,0.36896112499999995,0.179467,0.179278,0.000188097,True,0.179585,0.179398,0.000186722,True,0.179664,0.179478,0.000185946,True,0.490344,0.306697,0.332631,0.596352,0.292771,0.227785,0.206721,0.498388,0.00187417,0.00187224,7.76471e-10,1.2,
54,initial_eval,54,1,False,False,0.179461,0.179276,0.000185452,0.215335,0.215524,0.215322,0.215511,0.179521,0.179705,True,0.2491034375,0.179461,0.179276,0.000185452,True,0.17958,0.179395,0.000184814,True,0.17966,0.179475,0.00018445,True,0.0908635,0.402777,0.436154,0.113948,0.189068,0.119883,0.402171,0.237963,0.0018742,0.00187227,1.2,7.76471e-10,
55,initial_eval,55,1,False,False,0.179462,0.179274,0.000187445,0.215333,0.215522,0.21532,0.21551,0.179519,0.179704,True,0.288436375,0.179462,0.179274,0.000187445,True,0.17958,0.179394,0.000186294,True,0.179659,0.179473,0.000185643,True,0.10672,0.473012,0.469743,0.127738,0.256922,0.143785,0.435427,0.294144,0.00187422,0.00187229,1.2,7.76472e-10,
56,initial_eval,56,1,False,False,0.179457,0.179269,0.000187915,0.215327,0.215517,0.215314,0.215504,0.179513,0.179699,True,0.3319903,0.179457,0.179269,0.000187915,True,0.179575,0.179388,0.000186631,True,0.179654,0.179468,0.000185906,True,0.0835114,0.48009,0.460324,0.210826,0.454942,0.2032,0.440416,0.322613,0.00187428,0.00187235,1.2,7.76472e-10,
57,initial_eval,57,1,False,False,0.179458,0.179273,0.000184758,0.215331,0.21552,0.215319,0.215508,0.179518,0.179702,True,0.36300319999999997,0.179458,0.179273,0.000184758,True,0.179577,0.179392,0.000184448,True,0.179656,0.179472,0.000184271,True,0.0818106,0.48645,0.483783,0.251085,0.484802,0.354263,0.420878,0.340954,0.00187424,0.00187231,7.76471e-10,1.2,
58,initial_eval,58,1,False,False,0.179452,0.179264,0.000187876,0.215323,0.215513,0.215311,0.2155,0.179509,0.179695,True,0.30504495000000004,0.179452,0.179264,0.000187876,True,0.17957,0.179384,0.000186596,True,0.179649,0.179464,0.000185874,True,0.0908086,0.483583,0.467344,0.172846,0.377791,0.10718,0.425727,0.31508,0.00187432,0.00187239,7.76472e-10,1.2,
59,initial_eval,59,1,False,False,0.176872,0.173924,0.0029486,0.209828,0.212853,0.209815,0.212839,0.174167,0.17711,True,0.235791625,0.176872,0.173924,0.0029486,True,0.176988,0.174042,0.00294582,True,0.177065,0.174121,0.00294421,True,0.082853,0.247884,0.142691,0.288773,0.750944,0.118654,0.138684,0.11585,0.00193212,0.00189988,1.2,7.76471e-10,
60,initial_eval,60,1,False,False,0.175642,0.176673,-0.00103117,0.212657,0.211616,0.212644,0.211606,0.176917,0.1759,False,0.1511760125,0.175642,0.176673,-0.00103117,False,0.175768,0.176792,-0.00102393,False,0.175852,0.176872,-0.00101963,False,0.209429,0.0830459,0.168639,0.236886,0.0841124,0.264663,0.0826328,0.08,0.00190192,0.00191289,7.76471e-10,1.2,
61,initial_eval,61,1,False,False,0.175666,0.179239,-0.00357256,0.215295,0.211608,0.215282,0.211595,0.179482,0.175902,False,0.19387995,0.175666,0.179239,-0.00357256,False,0.175781,0.179358,-0.00357704,False,0.175857,0.179437,-0.00357955,False,0.0863096,0.241792,0.27736,0.148773,0.247982,0.215356,0.199654,0.133813,0.00187461,0.00191301,1.2,7.76471e-10,
62,initial_eval,62,1,False,False,0.179434,0.179246,0.00018795,0.215304,0.215493,0.215291,0.21548,0.179491,0.179676,True,0.282842625,0.179434,0.179246,0.00018795,True,0.179552,0.179365,0.000186635,True,0.179631,0.179445,0.000185891,True,0.08203,0.405599,0.394167,0.173139,0.384138,0.142556,0.412841,0.268271,0.00187452,0.00187259,1.2,7.76472e-10,
63,initial_eval,63,1,False,False,0.176858,0.172517,0.00434128,0.208391,0.212839,0.208381,0.212826,0.172768,0.177097,True,0.3316285,0.176858,0.172517,0.00434128,True,0.176974,0.172639,0.00433509,True,0.177052,0.172721,0.00433135,True,0.306762,0.236775,0.145135,0.56106,0.770112,0.239122,0.139169,0.254893,0.00194779,0.00190001,7.76471e-10,1.2,
64,train,0,0,True,True,0.179241,0.179428,-0.000186539,0.2153,0.215489,0.215288,0.215477,0.179487,0.179672,False,0.44785974999999995,0.179241,0.179428,-0.000186539,False,0.179361,0.179547,-0.000185595,False,0.179441,0.179626,-0.000185056,False,0.741245,0.57729,0.633202,0.77011,0.107267,0.142146,0.109099,0.502519,0.00187455,0.00187263,0.537221,0.551793,1.0464
65,train,32,1,True,True,0.175234,0.192506,-0.017272,0.228943,0.211127,0.228929,0.21097,0.192753,0.175399,False,0.3103241375,0.175234,0.192506,-0.017272,False,0.175336,0.192627,-0.0172906,False,0.175378,0.192707,-0.0173291,False,0.0938811,0.456305,0.374484,0.163556,0.490971,0.26999,0.367252,0.266154,0.00174502,0.00191968,-0.000301232,1.20394,0.0229368
66,train,1,0,True,True,0.217131,0.174104,0.0430273,0.254252,0.209965,0.254236,0.209803,0.217375,0.174267,True,0.383877,0.217131,0.174104,0.0430273,True,0.21725,0.174206,0.0430445,True,0.21733,0.174247,0.0430829,True,0.632611,0.475342,0.540965,0.624457,0.124163,0.08,0.282379,0.311099,0.00154689,0.00193225,9.07067e-05,1.20203,1.0464
67,train,33,1,True,True,0.162389,0.220768,-0.0583799,0.257982,0.197913,0.257965,0.181678,0.221007,0.1625,False,0.2686391125,0.162389,0.220768,-0.0583799,False,0.16249,0.220885,-0.0583947,False,0.162502,0.220963,-0.0584607,False,0.361298,0.0966629,0.122031,0.492813,0.349183,0.300039,0.218776,0.20831,0.00152145,0.00229488,9.34217e-05,1.20129,0.022937
68,train,2,0,True,True,0.220756,0.162775,0.0579813,0.257975,0.198311,0.25796,0.18275,0.220999,0.162886,True,0.29886775000000004,0.220756,0.162775,0.0579813,True,0.220875,0.162877,0.0579982,True,0.220954,0.162889,0.0580656,True,0.460496,0.315118,0.428067,0.491527,0.139719,0.324761,0.106536,0.124718,0.00152149,0.00227855,9.34352e-05,1.20131,1.0464
69,train,34,1,True,True,0.15911,0.187988,-0.0288779,0.224296,0.194541,0.224283,0.167305,0.188234,0.159221,False,0.247402075,0.15911,0.187988,-0.0288779,False,0.159212,0.188108,-0.0288964,False,0.159223,0.188189,-0.0289654,False,0.0838406,0.400537,0.39741,0.10904,0.266488,0.131902,0.385266,0.204733,0.00178707,0.00253886,9.36237e-05,1.20127,0.0198619
70,train,3,0,True,True,0.216426,0.159634,0.0567916,0.253525,0.19508,0.25351,0.16907,0.216669,0.159745,True,0.34778837500000004,0.216426,0.159634,0.0567916,True,0.216545,0.159736,0.0568084,True,0.216624,0.159748,0.0568761,True,0.465983,0.392788,0.363332,0.423047,0.177356,0.430341,0.224457,0.305003,0.00155195,0.00250611,9.33072e-05,1.20103,1.0464
71,train,35,1,True,True,0.157301,0.212595,-0.0552931,0.249585,0.19268,0.249569,0.15826,0.212836,0.157412,False,0.28502317499999996,0.157301,0.212595,-0.0552931,False,0.157403,0.212712,-0.0553089,False,0.157415,0.212791,-0.0553762,False,0.497202,0.08,0.0873754,0.571344,0.284368,0.089561,0.410277,0.260058,0.00157996,0.00272122,7.35968e-05,1.20102,0.0198552
72,train,4,0,True,True,0.212588,0.157812,0.0547756,0.249577,0.193206,0.249561,0.159749,0.212828,0.157923,True,0.383445,0.212588,0.157812,0.0547756,True,0.212705,0.157914,0.054791,True,0.212784,0.157926,0.0548578,True,0.584164,0.47028,0.462056,0.628547,0.255224,0.176976,0.145681,0.344632,0.00158002,0.0026894,7.61258e-05,1.20102,1.0464
73,train,36,1,True,True,0.151891,0.182814,-0.0309233,0.218976,0.187113,0.218964,0.136817,0.183061,0.152001,False,0.46690777499999997,0.151891,0.182814,-0.0309233,False,0.151993,0.182934,-0.0309419,False,0.152003,0.183015,-0.0310118,False,0.16197,0.684524,0.770111,0.221052,0.0829502,0.459844,0.75628,0.598531,0.00183778,0.00328167,6.34178e-05,1.20099,0.0198554
74,train,5,0,True,True,0.21791,0.153125,0.0647855,0.255054,0.188384,0.255038,0.138691,0.218155,0.153235,True,0.37133174999999996,0.21791,0.153125,0.0647855,True,0.21803,0.153227,0.0648033,True,0.21811,0.153238,0.0648724,True,0.543454,0.493438,0.523504,0.44525,0.181826,0.385814,0.148522,0.248846,0.00154135,0.0032235,6.59753e-05,1.20097,1.0464
75,train,37,1,True,True,0.148784,0.181143,-0.0323593,0.217258,0.183916,0.217246,0.122789,0.18139,0.148893,False,0.335891,0.148784,0.181143,-0.0323593,False,0.148886,0.181264,-0.032378,False,0.148896,0.181344,-0.0324484,False,0.102989,0.509698,0.564957,0.103372,0.107356,0.134907,0.770115,0.393734,0.00185478,0.0037957,7.06816e-05,1.20102,0.0229374
76,train,6,0,True,True,0.213894,0.151868,0.0620263,0.250926,0.18709,0.25091,0.127658,0.214139,0.151978,True,0.543639875,0.213894,0.151868,0.0620263,True,0.214014,0.15197,0.0620441,True,0.214093,0.15198,0.0621131,True,0.676339,0.66374,0.770114,0.650108,0.375466,0.351668,0.149631,0.712053,0.00157031,0.00359966,6.99567e-05,1.20101,1.0464
77,train,38,1,True,True,0.149204,0.227843,-0.0786391,0.265258,0.18435,0.265241,0.102993,0.228086,0.149314,False,0.382305125,0.149204,0.227843,-0.0786391,False,0.149306,0.227962,-0.0786557,False,0.149317,0.228041,-0.0787244,False,0.370735,0.363315,0.391723,0.528047,0.377254,0.374888,0.202841,0.449638,0.00147415,0.00488548,1.20027,4.53105e-05,1.0464
78,train,7,0,True,True,0.225861,0.151021,0.0748395,0.263221,0.186219,0.263204,0.119777,0.226104,0.151131,True,0.42723375,0.225861,0.151021,0.0748395,True,0.22598,0.151123,0.0748563,True,0.226059,0.151134,0.0749248,True,0.580763,0.423695,0.455836,0.753179,0.370996,0.391278,0.100993,0.34113,0.00148709,0.00392834,7.18912e-05,1.20103,1.0464
79,train,39,1,True,True,0.142071,0.22253,-0.0804591,0.259802,0.177008,0.259786,0.0989989,0.222775,0.14218,False,0.20175882499999997,0.142071,0.22253,-0.0804591,False,0.142173,0.22265,-0.0804774,False,0.142183,0.22273,-0.0805473,False,0.0808779,0.279686,0.34867,0.0841486,0.0901021,0.181483,0.39448,0.154623,0.00150933,0.00518909,1.19988,4.00324e-06,1.0464
80,train,8,0,True,True,0.248246,0.15052,0.0977263,0.28622,0.185703,0.286202,0.120699,0.248489,0.15063,True,0.41991187500000005,0.248246,0.15052,0.0977263,True,0.248365,0.150622,0.0977433,True,0.248444,0.150633,0.0978119,True,0.464831,0.474401,0.515151,0.632988,0.357854,0.426654,0.152887,0.334529,0.00135302,0.00388673,7.1583e-05,1.20102,1.0464
81,train,40,1,True,True,0.141705,0.217669,-0.0759635,0.254806,0.176632,0.254791,0.0978168,0.217914,0.141815,False,0.21241474999999999,0.141705,0.217669,-0.0759635,False,0.141807,0.217789,-0.0759819,False,0.141817,0.217869,-0.0760519,False,0.133549,0.283897,0.37404,0.08,0.19023,0.105815,0.336074,0.195713,0.00154306,0.00528665,1.1999,2.4219e-06,1.0464
82,train,9,0,True,True,0.242967,0.150049,0.0929183,0.280755,0.185219,0.280643,0.121684,0.24315,0.150159,True,0.5125391,0.242967,0.150049,0.0929183,True,0.243072,0.150151,0.092921,True,0.243123,0.150162,0.092962,True,0.715184,0.569406,0.590993,0.770114,0.328889,0.269307,0.0863048,0.770115,0.00138316,0.00384331,7.19786e-05,1.20104,1.0464
83,train,41,1,True,True,0.141983,0.215226,-0.0732429,0.252253,0.176918,0.252213,0.0876582,0.215436,0.142092,False,0.24675849999999996,0.141983,0.215226,-0.0732429,False,0.142084,0.215331,-0.0732469,False,0.142095,0.215398,-0.0733035,False,0.105732,0.36215,0.325922,0.165835,0.384943,0.156351,0.267067,0.206068,0.00156105,0.00631632,1.19993,-5.21198e-10,1.0464
84,train,10,0,True,True,0.26416,0.147939,0.116221,0.302521,0.183048,0.302125,0.110864,0.264278,0.148049,True,0.34533500000000006,0.26416,0.147939,0.116221,True,0.264265,0.148041,0.116223,True,0.26428,0.148052,0.116228,True,0.460057,0.36972,0.432466,0.52793,0.162337,0.257971,0.106189,0.44601,0.00127355,0.00438298,3.25583e-05,1.20015,1.0464
85,train,42,1,True,True,0.133611,0.188583,-0.0549716,0.224863,0.168302,0.224581,0.0869778,0.188722,0.133721,False,0.18587850000000003,0.133611,0.188583,-0.0549716,False,0.133713,0.188688,-0.0549752,False,0.133723,0.188714,-0.0549913,False,0.212831,0.207436,0.26523,0.224674,0.113793,0.145288,0.128915,0.188861,0.00178431,0.00640072,1.19993,-1.06815e-09,1.0464
86,train,11,0,True,True,0.258358,0.148423,0.109935,0.296566,0.183545,0.296544,0.119925,0.258574,0.148533,True,0.40108024999999997,0.258358,0.148423,0.109935,True,0.258463,0.148525,0.109938,True,0.258534,0.148535,0.109999,True,0.521068,0.418723,0.488581,0.608506,0.171098,0.317522,0.128222,0.554922,0.00130032,0.00392161,7.11141e-05,1.20099,1.0464
87,train,43,1,True,True,0.143246,0.255404,-0.112158,0.293541,0.178218,0.293521,0.0972736,0.255627,0.143356,False,0.272829375,0.143246,0.255404,-0.112158,False,0.143348,0.255513,-0.112164,False,0.143358,0.255585,-0.112227,False,0.11078,0.257738,0.13034,0.399908,0.77011,0.240898,0.097806,0.175055,0.00131529,0.00533277,1.1999,1.74544e-06,1.0464
88,train,12,0,True,True,0.243521,0.147896,0.0956251,0.281319,0.183003,0.275746,0.122454,0.243632,0.148006,True,0.49262754999999997,0.243521,0.147896,0.0956251,True,0.243624,0.147998,0.0956263,True,0.243635,0.148008,0.0956273,True,0.685667,0.646988,0.616585,0.599858,0.0876884,0.560507,0.109723,0.634004,0.00141084,0.00381,7.2282e-05,1.20107,1.0464
89,train,44,1,True,True,0.162562,0.24139,-0.0788287,0.27913,0.198093,0.274598,0.0946782,0.241501,0.16267,False,0.32688025,0.162562,0.24139,-0.0788287,False,0.162664,0.241494,-0.0788295,False,0.162673,0.241505,-0.0788322,False,0.463514,0.106965,0.08,0.646135,0.52235,0.243356,0.304203,0.248519,0.00141749,0.00556527,1.19991,4.62593e-07,1.0464
90,train,13,0,True,True,0.229512,0.152202,0.0773098,0.266924,0.187434,0.242402,0.10945,0.22962,0.152311,True,0.41943698749999997,0.229512,0.152202,0.0773098,True,0.229614,0.152304,0.0773104,True,0.229624,0.152314,0.0773101,True,0.599362,0.50374,0.580641,0.650401,0.0920689,0.244312,0.18933,0.495641,0.0016336,0.00446527,3.25789e-05,1.20015,1.0464
91,train,45,1,True,True,0.137459,0.175393,-0.0379343,0.211292,0.172263,0.200144,0.0752483,0.175505,0.137569,False,0.16899925000000002,0.137459,0.175393,-0.0379343,False,0.137561,0.175496,-0.0379349,False,0.137571,0.175507,-0.0379367,False,0.229949,0.132228,0.173526,0.267329,0.185581,0.149795,0.08,0.133586,0.00204304,0.00836792,1.19996,7.76458e-10,1.0464
92,train,14,0,True,True,0.234148,0.165366,0.0687813,0.271688,0.200978,0.2598,0.117936,0.234257,0.165475,True,0.5126675,0.234148,0.165366,0.0687813,True,0.234251,0.165469,0.068782,True,0.234261,0.165478,0.0687835,True,0.423736,0.592923,0.632225,0.63737,0.432503,0.537697,0.160092,0.684794,0.00150924,0.00401416,7.1396e-05,1.20099,1.0464
93,train,46,1,True,True,0.1602,0.214743,-0.054543,0.251748,0.195663,0.243545,0.0908645,0.214854,0.160308,False,0.31425375,0.1602,0.214743,-0.054543,False,0.160302,0.214846,-0.0545437,False,0.160311,0.214857,-0.0545465,False,0.099258,0.348219,0.354446,0.303381,0.520741,0.456976,0.180046,0.250963,0.00162481,0.00594832,1.19992,1.39604e-08,1.0464
94,train,15,0,True,True,0.22916,0.149874,0.0792862,0.266563,0.185038,0.246463,0.103329,0.229269,0.149983,True,0.456683375,0.22916,0.149874,0.0792862,True,0.229262,0.149976,0.0792868,True,0.229272,0.149986,0.0792868,True,0.618181,0.572318,0.6045,0.673188,0.185134,0.114966,0.123926,0.761254,0.00160277,0.00486159,1.20035,5.23604e-05,0.0194716
95,train,47,1,True,True,0.163307,0.225836,-0.0625291,0.263148,0.198859,0.243236,0.116255,0.225945,0.163416,False,0.26820845,0.163307,0.225836,-0.0625291,False,0.163409,0.225939,-0.0625296,False,0.163418,0.225948,-0.0625301,False,0.162354,0.228891,0.0978166,0.426085,0.770114,0.161678,0.13612,0.162609,0.00162718,0.00409592,7.12952e-05,1.20098,0.0144743
96,train,16,0,True,True,0.222696,0.159679,0.0630176,0.259921,0.195127,0.244422,0.117198,0.222807,0.159788,True,0.30304525,0.222696,0.159679,0.0630176,True,0.222799,0.159781,0.0630182,True,0.22281,0.15979,0.0630198,True,0.22759,0.408197,0.427667,0.31717,0.305109,0.211941,0.203672,0.323016,0.00161812,0.00404964,7.16129e-05,1.201,1.0464
97,train,48,1,True,True,0.157631,0.189443,-0.0318129,0.22574,0.193019,0.216121,0.121423,0.189555,0.157739,False,0.253805,0.157631,0.189443,-0.0318129,False,0.157733,0.189546,-0.0318134,False,0.157742,0.189558,-0.0318163,False,0.08,0.351668,0.279981,0.202821,0.554981,0.115102,0.24642,0.199467,0.00186609,0.0038547,7.13632e-05,1.20104,0.0198632
98,train,17,0,True,True,0.225685,0.149333,0.0763517,0.262992,0.184482,0.252517,0.119675,0.225795,0.149443,True,0.489279125,0.225685,0.149333,0.0763517,True,0.225788,0.149435,0.0763525,True,0.225799,0.149445,0.0763535,True,0.640951,0.717267,0.770109,0.685167,0.108697,0.284195,0.178522,0.529325,0.00155891,0.003933,7.21643e-05,1.20104,1.0464
99,train,49,1,True,True,0.155589,0.239285,-0.0836963,0.276967,0.190919,0.270009,0.100631,0.239396,0.155698,False,0.49324425,0.155589,0.239285,-0.0836963,False,0.155691,0.239388,-0.083697,False,0.155701,0.2394,-0.083699,False,0.437398,0.585711,0.328765,0.48025,0.766049,0.770115,0.148938,0.428728,0.00144473,0.00506042,1.19988,5.44025e-06,1.0464
100,train,18,0,True,True,0.226362,0.193725,0.0326374,0.263689,0.230142,0.220114,0.128941,0.22647,0.193833,True,0.6504145000000001,0.226362,0.193725,0.0326374,True,0.226465,0.193828,0.0326375,True,0.226474,0.193836,0.0326381,True,0.396961,0.770109,0.770109,0.710292,0.629719,0.710614,0.445404,0.770108,0.00182657,0.00355136,6.81203e-05,1.20098,1.0464
101,train,50,1,True,True,0.139223,0.249182,-0.109959,0.287132,0.174078,0.253,0.0666296,0.249289,0.139332,False,0.25741375,0.139223,0.249182,-0.109959,False,0.139325,0.249285,-0.10996,False,0.139334,0.249293,-0.109959,False,0.121863,0.439552,0.500355,0.112137,0.08,0.123707,0.406674,0.275022,0.00155552,0.0110157,1.19997,7.76445e-10,1.0464
102,train,19,0,True,True,0.246741,0.15798,0.0887611,0.284625,0.193379,0.248454,0.103678,0.246848,0.158089,True,0.5311511250000001,0.246741,0.15798,0.0887611,True,0.246843,0.158082,0.0887615,True,0.246852,0.158091,0.0887608,True,0.770114,0.613438,0.73708,0.770113,0.288301,0.178341,0.121709,0.770113,0.00158808,0.00483703,1.19991,9.92147e-06,0.0229355
103,train,51,1,True,True,0.182198,0.178716,0.00348146,0.21471,0.218289,0.190722,0.111235,0.178826,0.182306,True,0.208235925,0.182198,0.178716,0.00348146,True,0.1823,0.178819,0.00348129,True,0.182309,0.178829,0.00347998,True,0.0934422,0.186428,0.10577,0.280885,0.673256,0.147746,0.0947575,0.0836027,0.00216416,0.00436192,2.96148e-05,1.20012,0.0122752
104,train,20,0,True,True,0.245342,0.16138,0.0839614,0.283187,0.196876,0.25392,0.112325,0.245449,0.161489,True,0.529248625,0.245342,0.16138,0.0839614,True,0.245444,0.161482,0.083962,True,0.245453,0.161491,0.0839621,True,0.75562,0.482195,0.633557,0.770113,0.106731,0.619649,0.159538,0.706586,0.00154909,0.00430118,3.07176e-06,1.20028,1.0464
105,train,52,1,True,True,0.153257,0.179946,-0.0266896,0.215974,0.18852,0.203365,0.0776797,0.180057,0.153366,False,0.19452275,0.153257,0.179946,-0.0266896,False,0.153359,0.180049,-0.0266899,False,0.153368,0.18006,-0.0266917,False,0.08,0.25617,0.274205,0.152513,0.299029,0.186263,0.182402,0.1256,0.0020047,0.00785759,1.19995,7.76461e-10,1.0464
106,train,21,0,True,True,0.256023,0.158083,0.0979398,0.294159,0.193485,0.280566,0.103876,0.256131,0.158192,True,0.3978995,0.256023,0.158083,0.0979398,True,0.256126,0.158186,0.0979403,True,0.256135,0.158195,0.0979404,True,0.618181,0.473595,0.444862,0.551244,0.122733,0.505327,0.128291,0.338963,0.00138358,0.00482323,1.20043,5.87313e-05,0.0229348
107,train,53,1,True,True,0.159223,0.25337,-0.0941469,0.291433,0.194657,0.27795,0.114946,0.253478,0.159332,False,0.36896112499999995,0.159223,0.25337,-0.0941469,False,0.159325,0.253472,-0.0941472,False,0.159335,0.253482,-0.0941473,False,0.490344,0.306697,0.332631,0.596352,0.292771,0.227785,0.206721,0.498388,0.00139824,0.00416202,2.96655e-05,1.20013,0.012276
108,train,22,0,True,True,0.255819,0.176204,0.0796149,0.29395,0.212125,0.285542,0.12129,0.255928,0.176312,True,0.5125206250000001,0.255819,0.176204,0.0796149,True,0.255922,0.176306,0.0796153,True,0.255932,0.176315,0.0796165,True,0.572917,0.476237,0.588594,0.770113,0.330766,0.770113,0.260624,0.330801,0.00135653,0.00386054,7.17638e-05,1.20103,1.0464
109,train,54,1,True,True,0.137627,0.23867,-0.101043,0.276335,0.172435,0.272274,0.0798611,0.23878,0.137736,False,0.2491034375,0.137627,0.23867,-0.101043,False,0.137729,0.238773,-0.101044,False,0.137738,0.238784,-0.101046,False,0.0908635,0.402777,0.436154,0.113948,0.189068,0.119883,0.402171,0.237963,0.00143116,0.00745434,1.19995,7.76463e-10,1.0464
110,train,23,0,True,True,0.267124,0.165916,0.101208,0.305561,0.201543,0.291172,0.111664,0.267232,0.166024,True,0.493213625,0.267124,0.165916,0.101208,True,0.267227,0.166018,0.101209,True,0.267236,0.166027,0.101209,True,0.770108,0.473998,0.604056,0.755224,0.421596,0.138322,0.137644,0.644761,0.00132717,0.0043378,3.17752e-05,1.20014,1.0464
111,train,55,1,True,True,0.142447,0.23116,-0.088713,0.268618,0.177396,0.258812,0.0762006,0.23127,0.142557,False,0.288436375,0.142447,0.23116,-0.088713,False,0.142549,0.231263,-0.0887139,False,0.142559,0.231273,-0.0887146,False,0.10672,0.473012,0.469743,0.127738,0.256922,0.143785,0.435427,0.294144,0.00151579,0.00815951,1.19995,7.76459e-10,1.0464
112,train,24,0,True,True,0.269005,0.163459,0.105545,0.307491,0.199016,0.276113,0.111144,0.269111,0.163568,True,0.35681999999999997,0.269005,0.163459,0.105545,True,0.269107,0.163561,0.105546,True,0.269115,0.163571,0.105544,True,0.516789,0.262486,0.42709,0.516068,0.296973,0.399473,0.14388,0.291801,0.00140873,0.00436708,3.18944e-05,1.20014,1.0464
113,train,56,1,True,True,0.159678,0.224613,-0.0649349,0.261891,0.195126,0.239227,0.102679,0.224723,0.159787,False,0.3319903,0.159678,0.224613,-0.0649349,False,0.15978,0.224716,-0.0649354,False,0.159789,0.224726,-0.0649369,False,0.0835114,0.48009,0.460324,0.210826,0.454942,0.2032,0.440416,0.322613,0.00165855,0.00490801,1.1999,8.36722e-06,1.0464
114,train,25,0,True,True,0.253179,0.16316,0.0900184,0.291238,0.198709,0.237201,0.126958,0.253285,0.16327,True,0.5605720000000001,0.253179,0.16316,0.0900184,True,0.253281,0.163262,0.0900189,True,0.253289,0.163272,0.0900172,True,0.50609,0.566316,0.698648,0.753646,0.289464,0.77011,0.251963,0.648339,0.00167488,0.00362655,6.96513e-05,1.201,1.0464
115,train,57,1,True,True,0.160757,0.237361,-0.0766039,0.274988,0.196235,0.234411,0.0912147,0.237468,0.160865,False,0.36300319999999997,0.160757,0.237361,-0.0766039,False,0.160859,0.237463,-0.0766044,False,0.160868,0.237472,-0.0766043,False,0.0818106,0.48645,0.483783,0.251085,0.484802,0.354263,0.420878,0.340954,0.0016979,0.00591085,1.19992,1.75337e-08,1.0464
116,train,26,0,True,True,0.256188,0.157408,0.0987805,0.294329,0.192791,0.217944,0.10649,0.256294,0.157517,True,0.5604003750000001,0.256188,0.157408,0.0987805,True,0.256291,0.15751,0.098781,True,0.256299,0.157519,0.0987793,True,0.436849,0.770113,0.681453,0.713739,0.770114,0.151298,0.22418,0.735457,0.00184783,0.00464821,3.62009e-05,1.20016,1.0464
117,train,58,1,True,True,0.150681,0.233393,-0.082712,0.270913,0.18587,0.21195,0.0710032,0.233501,0.15079,False,0.30504495000000004,0.150681,0.233393,-0.082712,False,0.150783,0.233496,-0.0827125,False,0.150793,0.233504,-0.0827119,False,0.0908086,0.483583,0.467344,0.172846,0.377791,0.10718,0.425727,0.31508,0.00190924,0.00946472,1.19996,7.76453e-10,1.0464
118,train,27,0,True,True,0.253384,0.145111,0.108273,0.291449,0.180138,0.204471,0.0910567,0.25349,0.145221,True,0.5420535000000001,0.253384,0.145111,0.108273,True,0.253487,0.145213,0.108273,True,0.253494,0.145223,0.108271,True,0.770114,0.770115,0.770115,0.770115,0.241903,0.12439,0.119561,0.770115,0.00199187,0.00592769,1.19992,1.64668e-08,0.0195136
119,train,59,1,True,True,0.15585,0.189426,-0.0335762,0.225722,0.191188,0.166545,0.102582,0.189535,0.155959,False,0.235791625,0.15585,0.189426,-0.0335762,False,0.155952,0.189529,-0.0335765,False,0.155962,0.189538,-0.0335767,False,0.082853,0.247884,0.142691,0.288773,0.750944,0.118654,0.138684,0.11585,0.00255323,0.004915,1.19991,1.02614e-05,1.0464
120,train,28,0,True,True,0.247129,0.151525,0.0956037,0.285023,0.186738,0.201717,0.120386,0.247235,0.151635,True,0.36707737499999993,0.247129,0.151525,0.0956037,True,0.247231,0.151627,0.0956043,True,0.247239,0.151637,0.0956018,True,0.52447,0.365733,0.453304,0.600734,0.118889,0.344019,0.136189,0.393281,0.00202413,0.00390076,7.10895e-05,1.20103,1.0464
121,train,60,1,True,True,0.140461,0.158806,-0.0183451,0.194229,0.175352,0.160242,0.094176,0.158916,0.14057,False,0.1511760125,0.140461,0.158806,-0.0183451,False,0.140563,0.158908,-0.0183453,False,0.140573,0.158918,-0.0183456,False,0.209429,0.0830459,0.168639,0.236886,0.0841124,0.264663,0.0826328,0.08,0.00267902,0.00561273,1.19991,1.06625e-07,1.0464
122,train,29,0,True,True,0.245847,0.145699,0.100148,0.283707,0.180743,0.236146,0.118807,0.245954,0.145809,True,0.36093624999999996,0.245847,0.145699,0.100148,True,0.24595,0.145801,0.100149,True,0.245958,0.145811,0.100147,True,0.531274,0.502889,0.534256,0.557204,0.152056,0.089561,0.157529,0.362721,0.00168351,0.00397307,7.24221e-05,1.20105,1.0464
123,train,61,1,True,True,0.141911,0.175382,-0.0334718,0.211281,0.176844,0.190106,0.100609,0.175492,0.14202,False,0.19387995,0.141911,0.175382,-0.0334718,False,0.142013,0.175485,-0.0334724,False,0.142023,0.175495,-0.0334723,False,0.0863096,0.241792,0.27736,0.148773,0.247982,0.215356,0.199654,0.133813,0.0021726,0.00506207,1.19988,6.46033e-06,1.0464
124,train,30,0,True,True,0.244465,0.145734,0.0987311,0.282286,0.180777,0.263579,0.124484,0.244572,0.145843,True,0.4866560000000001,0.244465,0.145734,0.0987311,True,0.244567,0.145835,0.098732,True,0.244576,0.145845,0.0987305,True,0.743989,0.637715,0.708511,0.703339,0.198008,0.152937,0.1903,0.558449,0.0014847,0.00372503,7.18949e-05,1.20107,1.0464
125,train,62,1,True,True,0.169157,0.233279,-0.0641217,0.270795,0.204878,0.254766,0.101826,0.233388,0.169266,False,0.282842625,0.169157,0.233279,-0.0641217,False,0.16926,0.233382,-0.064122,False,0.169269,0.233392,-0.0641235,False,0.08203,0.405599,0.394167,0.173139,0.384138,0.142556,0.412841,0.268271,0.00154322,0.00497029,1.19989,6.96577e-06,1.0464
126,train,31,0,True,True,0.243932,0.170643,0.0732894,0.28174,0.206406,0.243927,0.120838,0.244039,0.170751,True,0.315127875,0.243932,0.170643,0.0732894,True,0.244035,0.170745,0.0732897,True,0.244043,0.170754,0.0732892,True,0.291619,0.360851,0.342939,0.426903,0.444661,0.192956,0.107367,0.353727,0.00162189,0.00388056,7.28842e-05,1.20109,1.0464
127,train,63,1,True,True,0.169833,0.241825,-0.0719926,0.279576,0.205572,0.257136,0.131638,0.241933,0.169941,False,0.3316285,0.169833,0.241825,-0.0719926,False,0.169935,0.241928,-0.0719929,False,0.169944,0.241936,-0.0719926,False,0.306762,0.236775,0.145135,0.56106,0.770112,0.239122,0.139169,0.254893,0.00152704,0.00345409,6.87415e-05,1.20099,0.0229372
128,train,0,0,True,True,0.242986,0.143779,0.0992075,0.280768,0.178766,0.255707,0.110552,0.243094,0.143888,True,0.447859375,0.242986,0.143779,0.0992075,True,0.243089,0.14388,0.0992085,True,0.243098,0.143891,0.099207,True,0.741245,0.57729,0.633202,0.770107,0.107267,0.142146,0.109099,0.502519,0.00153675,0.00440087,3.28831e-06,1.20028,1.0464
129,train,32,1,True,True,0.162479,0.225518,-0.0630399,0.262822,0.198007,0.246204,0.0997964,0.225627,0.162587,False,0.3103241375,0.162479,0.225518,-0.0630399,False,0.162581,0.225621,-0.0630404,False,0.16259,0.225631,-0.0630414,False,0.0938811,0.456305,0.374484,0.163556,0.490971,0.26999,0.367252,0.266154,0.0016047,0.00512537,1.19993,1.32179e-05,1.0464
130,train,1,0,True,True,0.253921,0.143676,0.110245,0.292,0.17866,0.248867,0.107023,0.254028,0.143786,True,0.383877,0.253921,0.143676,0.110245,True,0.254024,0.143778,0.110246,True,0.254032,0.143788,0.110244,True,0.632611,0.475342,0.540965,0.624457,0.124163,0.08,0.282379,0.311099,0.00158506,0.00461418,3.64105e-05,1.20016,1.0464
131,train,33,1,True,True,0.160773,0.25223,-0.0914569,0.290263,0.196253,0.263878,0.11919,0.252337,0.160882,False,0.2686391125,0.160773,0.25223,-0.0914569,False,0.160875,0.252333,-0.0914574,False,0.160884,0.252341,-0.0914567,False,0.361298,0.0966629,0.122031,0.492813,0.349183,0.300039,0.218776,0.20831,0.00148278,0.00395527,7.16968e-05,1.20101,0.0229374
132,train,2,0,True,True,0.25318,0.14422,0.108961,0.291239,0.17922,0.268316,0.100757,0.253287,0.144329,True,0.29886775000000004,0.25318,0.14422,0.108961,True,0.253283,0.144321,0.108962,True,0.253291,0.144331,0.10896,True,0.460496,0.315118,0.428067,0.491527,0.139719,0.324761,0.106536,0.124718,0.00145504,0.00505073,1.19999,1.93166e-05,0.0122759
133,train,34,1,True,True,0.14634,0.212869,-0.0665288,0.249821,0.181402,0.221326,0.106849,0.212977,0.146449,False,0.247402075,0.14634,0.212869,-0.0665288,False,0.146442,0.212971,-0.0665295,False,0.146452,0.212981,-0.0665291,False,0.0838406,0.400537,0.39741,0.10904,0.266488,0.131902,0.385266,0.204733,0.00181491,0.00462523,3.56999e-05,1.20015,0.0143852
134,train,3,0,True,True,0.251923,0.144201,0.107721,0.289948,0.179201,0.269214,0.107028,0.25203,0.144311,True,0.34778837500000004,0.251923,0.144201,0.107721,True,0.252025,0.144303,0.107722,True,0.252034,0.144313,0.107721,True,0.465983,0.392788,0.363332,0.423047,0.177356,0.430341,0.224457,0.305003,0.00144955,0.00461383,3.70279e-05,1.20017,1.0464
135,train,35,1,True,True,0.151406,0.248207,-0.0968011,0.286131,0.186615,0.271518,0.112239,0.248315,0.151515,False,0.28502317499999996,0.151406,0.248207,-0.0968011,False,0.151508,0.248309,-0.0968017,False,0.151518,0.248319,-0.0968015,False,0.497202,0.08,0.0873754,0.571344,0.284368,0.089561,0.410277,0.260058,0.00143566,0.00430593,3.10517e-05,1.20014,0.0198634
136,train,4,0,True,True,0.249376,0.145371,0.104005,0.287332,0.180404,0.278814,0.114172,0.249484,0.14548,True,0.383445,0.249376,0.145371,0.104005,True,0.249478,0.145472,0.104006,True,0.249488,0.145482,0.104006,True,0.584164,0.47028,0.462056,0.628547,0.255224,0.176976,0.145681,0.344632,0.00139336,0.00420213,1.19995,1.37869e-05,0.0145625
137,train,36,1,True,True,0.142829,0.210655,-0.0678254,0.247546,0.177789,0.235476,0.117031,0.210765,0.142939,False,0.466908025,0.142829,0.210655,-0.0678254,False,0.142931,0.210757,-0.0678264,False,0.142941,0.210768,-0.0678272,False,0.16197,0.684524,0.770113,0.221052,0.0829502,0.459844,0.75628,0.598531,0.00168903,0.00405774,7.18622e-05,1.20101,0.0122525
138,train,5,0,True,True,0.247259,0.142934,0.104325,0.285158,0.177896,0.277703,0.117667,0.247368,0.143043,True,0.37133174999999996,0.247259,0.142934,0.104325,True,0.247362,0.143035,0.104327,True,0.247372,0.143045,0.104327,True,0.543454,0.493438,0.523504,0.44525,0.181826,0.385814,0.148522,0.248846,0.00139965,0.00402698,7.0809e-05,1.20096,1.0464
139,train,37,1,True,True,0.1352,0.209962,-0.0747624,0.246835,0.169937,0.242137,0.0993917,0.210074,0.135309,False,0.335890875,0.1352,0.209962,-0.0747624,False,0.135302,0.210065,-0.0747639,False,0.135312,0.210077,-0.0747658,False,0.102989,0.509698,0.564957,0.103372,0.107356,0.134907,0.770114,0.393734,0.00163566,0.0051575,1.19988,4.48146e-06,1.0464
140,train,6,0,True,True,0.228142,0.157209,0.0709327,0.265517,0.192585,0.227818,0.133021,0.228249,0.157318,True,0.5436391249999999,0.228142,0.157209,0.0709327,True,0.228244,0.157311,0.0709335,True,0.228253,0.15732,0.0709327,True,0.676339,0.66374,0.770108,0.650108,0.375466,0.351668,0.149631,0.712053,0.00175489,0.00340625,6.67646e-05,1.20097,1.0464
141,train,38,1,True,True,0.151362,0.238909,-0.0875473,0.27658,0.18657,0.248707,0.0981624,0.239018,0.151471,False,0.382305125,0.151362,0.238909,-0.0875473,False,0.151464,0.239012,-0.0875481,False,0.151474,0.239022,-0.0875484,False,0.370735,0.363315,0.391723,0.528047,0.377254,0.374888,0.202841,0.449638,0.00158622,0.00525773,1.1999,2.84463e-06,1.0464
142,train,7,0,True,True,0.234094,0.153262,0.0808325,0.271633,0.188525,0.233651,0.116125,0.234203,0.153371,True,0.42723375,0.234094,0.153262,0.0808325,True,0.234197,0.153364,0.080833,True,0.234206,0.153374,0.0808327,True,0.580763,0.423695,0.455836,0.753179,0.370996,0.391278,0.100993,0.34113,0.00170428,0.00410241,7.15853e-05,1.20099,1.0464
143,train,39,1,True,True,0.153546,0.225278,-0.0717317,0.262574,0.188817,0.234155,0.0991817,0.225386,0.153655,False,0.20175882499999997,0.153546,0.225278,-0.0717317,False,0.153648,0.225381,-0.0717327,False,0.153657,0.22539,-0.0717325,False,0.0808779,0.279686,0.34867,0.0841486,0.0901021,0.181483,0.39448,0.154623,0.00170004,0.00517433,1.19988,4.36598e-06,1.0464
144,train,8,0,True,True,0.245739,0.151983,0.0937561,0.283596,0.187209,0.252907,0.116422,0.245846,0.152092,True,0.41991187500000005,0.245739,0.151983,0.0937561,True,0.245842,0.152085,0.0937568,True,0.24585,0.152095,0.0937551,True,0.464831,0.474401,0.515151,0.632988,0.357854,0.426654,0.152887,0.334529,0.00155617,0.00408767,7.10474e-05,1.20097,1.0464
145,train,40,1,True,True,0.151789,0.220927,-0.0691387,0.258104,0.187009,0.235616,0.0985536,0.221036,0.151897,False,0.21241474999999999,0.151789,0.220927,-0.0691387,False,0.151891,0.22103,-0.0691395,False,0.1519,0.22104,-0.0691401,False,0.133549,0.283897,0.37404,0.08,0.19023,0.105815,0.336074,0.195713,0.00168788,0.00522539,1.19988,3.80537e-06,1.0464
146,train,9,0,True,True,0.241557,0.150989,0.0905675,0.2793,0.186186,0.252949,0.117216,0.241664,0.151099,True,0.5125391,0.241557,0.150989,0.0905675,True,0.24166,0.151091,0.0905683,True,0.241668,0.151101,0.090567,True,0.715184,0.569406,0.590993,0.770114,0.328889,0.269307,0.0863048,0.770115,0.00155587,0.00404875,7.13448e-05,1.20099,1.0464
147,train,41,1,True,True,0.150037,0.217441,-0.0674039,0.254522,0.185207,0.235522,0.089719,0.217551,0.150147,False,0.24675849999999996,0.150037,0.217441,-0.0674039,False,0.15014,0.217544,-0.0674049,False,0.150149,0.217555,-0.0674053,False,0.105732,0.36215,0.325922,0.165835,0.384943,0.156351,0.267067,0.206068,0.00168865,0.00607447,1.19993,5.78843e-09,1.0464
148,train,10,0,True,True,0.259863,0.143133,0.11673,0.298103,0.178102,0.278418,0.110735,0.25997,0.143243,True,0.34533500000000006,0.259863,0.143133,0.11673,True,0.259966,0.143235,0.116731,True,0.259974,0.143245,0.116729,True,0.460057,0.36972,0.432466,0.52793,0.162337,0.257971,0.106189,0.44601,0.0013956,0.00439039,3.22539e-05,1.20015,1.0464
149,train,42,1,True,True,0.133108,0.173154,-0.0400458,0.208989,0.167785,0.199809,0.084201,0.173265,0.133218,False,0.18587850000000003,0.133108,0.173154,-0.0400458,False,0.13321,0.173257,-0.0400467,False,0.13322,0.173268,-0.0400484,False,0.212831,0.207436,0.26523,0.224674,0.113793,0.145288,0.128915,0.188861,0.0020471,0.00677165,1.19994,6.3513e-10,1.0464
150,train,11,0,True,True,0.257343,0.144169,0.113174,0.295516,0.179168,0.286838,0.114275,0.257452,0.144279,True,0.40108024999999997,0.257343,0.144169,0.113174,True,0.257446,0.144271,0.113176,True,0.257456,0.144281,0.113175,True,0.521068,0.418723,0.488581,0.608506,0.171098,0.317522,0.128222,0.554922,0.00134965,0.00419675,1.19995,1.37269e-05,0.0194719
151,train,43,1,True,True,0.149839,0.254325,-0.104486,0.292416,0.185003,0.283173,0.124677,0.254434,0.149949,False,0.27282999999999996,0.149839,0.254325,-0.104486,False,0.149941,0.254428,-0.104487,False,0.149951,0.254438,-0.104487,False,0.11078,0.257738,0.13034,0.399908,0.770115,0.240898,0.097806,0.175055,0.00136927,0.00371714,7.25556e-05,1.20109,0.0144739
152,train,12,0,True,True,0.255927,0.143889,0.112039,0.294062,0.178879,0.287945,0.121202,0.256037,0.143998,True,0.49262754999999997,0.255927,0.143889,0.112039,True,0.25603,0.14399,0.11204,True,0.256041,0.144001,0.11204,True,0.685667,0.646988,0.616585,0.599858,0.0876884,0.560507,0.109723,0.634004,0.00134384,0.00386443,7.16843e-05,1.20103,1.0464
153,train,44,1,True,True,0.150221,0.251587,-0.101367,0.289604,0.185395,0.286287,0.107839,0.251697,0.15033,False,0.32688025,0.150221,0.251587,-0.101367,False,0.150323,0.25169,-0.101368,False,0.150332,0.251702,-0.101369,False,0.463514,0.106965,0.08,0.646135,0.52235,0.243356,0.304203,0.248519,0.00135257,0.00456295,3.61116e-05,1.20016,0.0229375
154,train,13,0,True,True,0.252303,0.140007,0.112296,0.29034,0.174885,0.287489,0.0889563,0.252414,0.140116,True,0.41943698749999997,0.252303,0.140007,0.112296,True,0.252406,0.140109,0.112298,True,0.252418,0.140119,0.112299,True,0.599362,0.50374,0.580641,0.650401,0.0920689,0.244312,0.18933,0.495641,0.00134623,0.00616167,1.19993,2.48076e-09,0.0122752
155,train,45,1,True,True,0.133987,0.185182,-0.0511946,0.22136,0.168689,0.218915,0.0894143,0.185295,0.134096,False,0.16899925000000002,0.133987,0.185182,-0.0511946,False,0.134089,0.185285,-0.0511962,False,0.134099,0.185298,-0.0511993,False,0.229949,0.132228,0.173526,0.267329,0.185581,0.149795,0.08,0.133586,0.00183826,0.006109,1.19993,4.23898e-09,1.0464
156,train,14,0,True,True,0.2479,0.146612,0.101288,0.285818,0.181681,0.284997,0.121254,0.248011,0.146721,True,0.5126675,0.2479,0.146612,0.101288,True,0.248003,0.146713,0.10129,True,0.248015,0.146724,0.101292,True,0.423736,0.592923,0.632225,0.63737,0.432503,0.537697,0.160092,0.684794,0.00135944,0.00386213,7.17668e-05,1.20103,1.0464
157,train,46,1,True,True,0.142648,0.224106,-0.0814578,0.261372,0.177603,0.260915,0.0882174,0.224219,0.142757,False,0.31425375,0.142648,0.224106,-0.0814578,False,0.14275,0.224209,-0.0814594,False,0.14276,0.224222,-0.0814625,False,0.099258,0.348219,0.354446,0.303381,0.520741,0.456976,0.180046,0.250963,0.00150191,0.00624869,1.19993,3.9516e-10,1.0464
158,train,15,0,True,True,0.238977,0.139979,0.0989978,0.276649,0.174855,0.270889,0.106098,0.239087,0.140088,True,0.456683375,0.238977,0.139979,0.0989978,True,0.239079,0.14008,0.0989991,True,0.239091,0.14009,0.0990002,True,0.618181,0.572318,0.6045,0.673188,0.185134,0.114966,0.123926,0.761254,0.00143942,0.00467361,3.91757e-05,1.20018,1.0464
159,train,47,1,True,True,0.138912,0.245699,-0.106787,0.283556,0.173758,0.279976,0.0816982,0.245809,0.139021,False,0.26820845,0.138912,0.245699,-0.106787,False,0.139014,0.245802,-0.106788,False,0.139023,0.245813,-0.10679,False,0.162354,0.228891,0.0978166,0.426085,0.770114,0.161678,0.13612,0.162609,0.00138686,0.00714795,1.19994,7.76465e-10,1.0464
160,train,16,0,True,True,0.22878,0.160328,0.0684527,0.266173,0.195795,0.245718,0.109112,0.22889,0.160436,True,0.30304525,0.22878,0.160328,0.0684527,True,0.228883,0.16043,0.0684531,True,0.228894,0.160439,0.0684547,True,0.22759,0.408197,0.427667,0.31717,0.305109,0.211941,0.203672,0.323016,0.00160834,0.0044854,3.29907e-05,1.20015,1.0464
161,train,48,1,True,True,0.175457,0.193443,-0.017986,0.229853,0.211357,0.222308,0.13229,0.193555,0.175566,False,0.253805,0.175457,0.193443,-0.017986,False,0.17556,0.193546,-0.0179862,False,0.175568,0.193558,-0.0179894,False,0.08,0.351668,0.279981,0.202821,0.554981,0.115102,0.24642,0.199467,0.00180557,0.00343135,6.67069e-05,1.20097,0.0229372
162,train,17,0,True,True,0.244809,0.140925,0.103884,0.282641,0.17583,0.268136,0.106424,0.244918,0.141035,True,0.489279625,0.244809,0.140925,0.103884,True,0.244912,0.141027,0.103885,True,0.244922,0.141037,0.103885,True,0.640951,0.717267,0.770113,0.685167,0.108697,0.284195,0.178522,0.529325,0.00145614,0.0046525,4.40216e-06,1.2003,1.0464
163,train,49,1,True,True,0.165868,0.24559,-0.0797229,0.283444,0.201494,0.27285,0.094149,0.2457,0.165976,False,0.49324362499999996,0.165868,0.24559,-0.0797229,False,0.16597,0.245693,-0.0797233,False,0.165979,0.245704,-0.0797258,False,0.437398,0.585711,0.328765,0.48025,0.766049,0.77011,0.148938,0.428728,0.00142774,0.00561529,1.19992,8.06899e-08,1.0464
164,train,18,0,True,True,0.23538,0.204425,0.0309547,0.272954,0.241142,0.225396,0.123894,0.235488,0.204532,True,0.6504147499999999,0.23538,0.204425,0.0309547,True,0.235482,0.204528,0.0309548,True,0.235491,0.204536,0.0309557,True,0.396961,0.77011,0.77011,0.710292,0.629719,0.710614,0.445404,0.770108,0.00177681,0.00374934,7.05425e-05,1.20102,1.0464
165,train,50,1,True,True,0.140162,0.25255,-0.112388,0.290592,0.175044,0.253017,0.0650881,0.252657,0.140271,False,0.25741375,0.140162,0.25255,-0.112388,False,0.140263,0.252653,-0.112389,False,0.140273,0.252661,-0.112388,False,0.121863,0.439552,0.500355,0.112137,0.08,0.123707,0.406674,0.275022,0.00155539,0.0117226,1.19997,7.76443e-10,1.0464
166,train,19,0,True,True,0.254131,0.154356,0.0997746,0.292216,0.189651,0.249502,0.0968287,0.254238,0.154465,True,0.531151625,0.254131,0.154356,0.0997746,True,0.254233,0.154458,0.099775,True,0.254242,0.154468,0.0997742,True,0.770115,0.613438,0.73708,0.770115,0.288301,0.178341,0.121709,0.770114,0.00158045,0.00537116,1.19991,1.68129e-06,0.0196185
167,train,51,1,True,True,0.195123,0.177475,0.0176487,0.213432,0.23158,0.18701,0.10645,0.177584,0.195231,True,0.208235925,0.195123,0.177475,0.0176487,True,0.195226,0.177577,0.0176487,True,0.195234,0.177587,0.0176471,True,0.0934422,0.186428,0.10577,0.280885,0.673256,0.147746,0.0947575,0.0836027,0.00221595,0.00465081,3.46701e-05,1.20014,0.0145073
168,train,20,0,True,True,0.252473,0.159199,0.0932742,0.290513,0.194634,0.254926,0.10592,0.252581,0.159308,True,0.52924825,0.252473,0.159199,0.0932742,True,0.252576,0.159301,0.0932746,True,0.252585,0.15931,0.093275,True,0.75562,0.482195,0.633557,0.77011,0.106731,0.619649,0.159538,0.706586,0.00154212,0.00468529,3.90781e-05,1.20018,1.0464
169,train,52,1,True,True,0.153723,0.178316,-0.0245933,0.214297,0.188999,0.199239,0.0763356,0.178426,0.153832,False,0.19452275,0.153723,0.178316,-0.0245933,False,0.153825,0.178418,-0.0245934,False,0.153834,0.178429,-0.0245953,False,0.08,0.25617,0.274205,0.152513,0.299029,0.186263,0.182402,0.1256,0.00205407,0.00813088,1.19995,7.7646e-10,1.0464
170,train,21,0,True,True,0.258064,0.155659,0.102405,0.296256,0.190991,0.282009,0.105071,0.258172,0.155768,True,0.3978995,0.258064,0.155659,0.102405,True,0.258167,0.155761,0.102406,True,0.258176,0.15577,0.102406,True,0.618181,0.473595,0.444862,0.551244,0.122733,0.505327,0.128291,0.338963,0.00137563,0.00474155,4.37405e-05,1.20022,1.0464
171,train,53,1,True,True,0.15273,0.25712,-0.10439,0.295285,0.187978,0.283043,0.0872311,0.257228,0.152839,False,0.36896112499999995,0.15273,0.25712,-0.10439,False,0.152832,0.257222,-0.104391,False,0.152841,0.257233,-0.104391,False,0.490344,0.306697,0.332631,0.596352,0.292771,0.227785,0.206721,0.498388,0.00136998,0.00636902,1.19993,-7.18376e-10,1.0464
172,train,22,0,True,True,0.247528,0.1783,0.0692279,0.285433,0.214281,0.261183,0.116761,0.247636,0.178408,True,0.5125206250000001,0.247528,0.1783,0.0692279,True,0.247631,0.178402,0.069228,True,0.24764,0.178411,0.0692284,True,0.572917,0.476237,0.588594,0.770113,0.330766,0.770113,0.260624,0.330801,0.00150016,0.00407095,7.09261e-05,1.20096,1.0464
173,train,54,1,True,True,0.139112,0.232256,-0.0931438,0.269744,0.173963,0.256773,0.0762747,0.232364,0.139221,False,0.2491034375,0.139112,0.232256,-0.0931438,False,0.139214,0.232358,-0.0931447,False,0.139223,0.232368,-0.0931445,False,0.0908635,0.402777,0.436154,0.113948,0.189068,0.119883,0.402171,0.237963,0.00152949,0.00814376,1.19995,7.76459e-10,1.0464
174,train,23,0,True,True,0.2626,0.170963,0.0916372,0.300915,0.206735,0.282109,0.116584,0.262707,0.171071,True,0.493213625,0.2626,0.170963,0.0916372,True,0.262703,0.171065,0.0916377,True,0.262711,0.171074,0.0916371,True,0.770108,0.473998,0.604056,0.755224,0.421596,0.138322,0.137644,0.644761,0.00137508,0.00407964,7.02829e-05,1.20093,1.0464
175,train,55,1,True,True,0.143598,0.227305,-0.0837069,0.264657,0.178581,0.247368,0.0750654,0.227414,0.143708,False,0.288436375,0.143598,0.227305,-0.0837069,False,0.1437,0.227408,-0.0837076,False,0.14371,0.227418,-0.0837075,False,0.10672,0.473012,0.469743,0.127738,0.256922,0.143785,0.435427,0.294144,0.00159606,0.0084093,1.19996,7.76457e-10,1.0464
176,train,24,0,True,True,0.266539,0.163676,0.102863,0.304959,0.199239,0.266909,0.108022,0.266645,0.163785,True,0.35681999999999997,0.266539,0.163676,0.102863,True,0.266641,0.163778,0.102863,True,0.266649,0.163788,0.102862,True,0.516789,0.262486,0.42709,0.516068,0.296973,0.399473,0.14388,0.291801,0.00146372,0.00455162,3.53733e-05,1.20015,1.0464
177,train,56,1,True,True,0.164218,0.223799,-0.0595819,0.261055,0.199796,0.233266,0.102684,0.223908,0.164326,False,0.3319903,0.164218,0.223799,-0.0595819,False,0.16432,0.223902,-0.0595822,False,0.164329,0.223912,-0.0595835,False,0.0835114,0.48009,0.460324,0.210826,0.454942,0.2032,0.440416,0.322613,0.00170753,0.00490758,1.1999,8.47363e-06,1.0464
178,train,25,0,True,True,0.252001,0.163411,0.0885901,0.290028,0.198966,0.231701,0.12547,0.252108,0.16352,True,0.560572625,0.252001,0.163411,0.0885901,True,0.252104,0.163513,0.0885905,True,0.252112,0.163523,0.0885889,True,0.50609,0.566316,0.698648,0.753646,0.289464,0.770115,0.251963,0.648339,0.00172086,0.00368515,7.01076e-05,1.20101,1.0464
179,train,57,1,True,True,0.163354,0.237969,-0.0746147,0.275613,0.198908,0.231628,0.0913045,0.238076,0.163462,False,0.36300319999999997,0.163354,0.237969,-0.0746147,False,0.163456,0.238071,-0.0746151,False,0.163465,0.23808,-0.0746151,False,0.0818106,0.48645,0.483783,0.251085,0.484802,0.354263,0.420878,0.340954,0.0017215,0.0059013,1.19992,1.85662e-08,1.0464
180,train,26,0,True,True,0.255098,0.160708,0.09439,0.293209,0.196186,0.214545,0.109673,0.255204,0.160817,True,0.5604003750000001,0.255098,0.160708,0.09439,True,0.255201,0.16081,0.0943904,True,0.255208,0.160819,0.0943888,True,0.436849,0.770113,0.681453,0.713739,0.770114,0.151298,0.22418,0.735457,0.00188215,0.00445206,3.15808e-05,1.20014,1.0464
181,train,58,1,True,True,0.153909,0.233007,-0.079098,0.270516,0.189191,0.208494,0.0723211,0.233114,0.154018,False,0.30504495000000004,0.153909,0.233007,-0.079098,False,0.154011,0.23311,-0.0790986,False,0.15402,0.233118,-0.079098,False,0.0908086,0.483583,0.467344,0.172846,0.377791,0.10718,0.425727,0.31508,0.00194655,0.00909062,1.19996,7.76454e-10,1.0464
182,train,27,0,True,True,0.253065,0.144914,0.108151,0.291121,0.179934,0.200906,0.0902103,0.253171,0.145023,True,0.5420535000000001,0.253065,0.144914,0.108151,True,0.253167,0.145016,0.108152,True,0.253175,0.145026,0.108149,True,0.770114,0.770115,0.770115,0.770115,0.241903,0.12439,0.119561,0.770115,0.00203383,0.00601968,1.19993,9.05583e-09,0.0196173
183,train,59,1,True,True,0.158799,0.190464,-0.0316645,0.226789,0.194222,0.164416,0.10323,0.190573,0.158908,False,0.235791625,0.158799,0.190464,-0.0316645,False,0.158902,0.190567,-0.0316649,False,0.158911,0.190576,-0.0316652,False,0.082853,0.247884,0.142691,0.288773,0.750944,0.118654,0.138684,0.11585,0.00259435,0.00486858,5.31318e-05,1.20029,0.0123675
184,train,28,0,True,True,0.251543,0.14886,0.102682,0.289557,0.183996,0.209561,0.101186,0.251649,0.14897,True,0.36707737499999993,0.251543,0.14886,0.102682,True,0.251645,0.148962,0.102683,True,0.251653,0.148972,0.102681,True,0.52447,0.365733,0.453304,0.600734,0.118889,0.344019,0.136189,0.393281,0.00193487,0.0050181,1.19989,6.78811e-06,0.0143854
185,train,60,1,True,True,0.142144,0.156422,-0.0142787,0.191777,0.177084,0.150991,0.102594,0.156532,0.142253,False,0.1511760125,0.142144,0.156422,-0.0142787,False,0.142246,0.156525,-0.0142789,False,0.142255,0.156534,-0.014279,False,0.209429,0.0830459,0.168639,0.236886,0.0841124,0.264663,0.0826328,0.08,0.00288815,0.00491412,1.19992,1.12823e-05,1.0464
186,train,29,0,True,True,0.248074,0.145293,0.102781,0.285994,0.180325,0.229554,0.124029,0.248181,0.145403,True,0.36093624999999996,0.248074,0.145293,0.102781,True,0.248177,0.145395,0.102782,True,0.248185,0.145405,0.10278,True,0.531274,0.502889,0.534256,0.557204,0.152056,0.089561,0.157529,0.362721,0.00173952,0.00374374,7.06716e-05,1.20103,1.0464
187,train,61,1,True,True,0.141643,0.17291,-0.0312673,0.208738,0.176568,0.184331,0.104667,0.173019,0.141752,False,0.19387995,0.141643,0.17291,-0.0312673,False,0.141745,0.173012,-0.0312678,False,0.141755,0.173022,-0.0312676,False,0.0863096,0.241792,0.27736,0.148773,0.247982,0.215356,0.199654,0.133813,0.0022549,0.00476885,3.88965e-05,1.20017,0.0194711
188,train,30,0,True,True,0.247417,0.142635,0.104782,0.285319,0.177588,0.246983,0.107417,0.247524,0.142744,True,0.4866560000000001,0.247417,0.142635,0.104782,True,0.247519,0.142736,0.104783,True,0.247528,0.142746,0.104781,True,0.743989,0.637715,0.708511,0.703339,0.198008,0.152937,0.1903,0.558449,0.00159891,0.00458927,3.56958e-05,1.20016,1.0464
189,train,62,1,True,True,0.149791,0.232775,-0.082984,0.270277,0.184953,0.242691,0.0913994,0.232883,0.1499,False,0.282842625,0.149791,0.232775,-0.082984,False,0.149893,0.232877,-0.0829846,False,0.149902,0.232887,-0.0829845,False,0.08203,0.405599,0.394167,0.173139,0.384138,0.142556,0.412841,0.268271,0.00163137,0.00589127,1.19992,1.94258e-08,1.0464
190,train,31,0,True,True,0.245441,0.152437,0.0930042,0.28329,0.187675,0.233487,0.111045,0.245548,0.152546,True,0.315127875,0.245441,0.152437,0.0930042,True,0.245544,0.152539,0.0930052,True,0.245552,0.152548,0.093004,True,0.291619,0.360851,0.342939,0.426903,0.444661,0.192956,0.107367,0.353727,0.00170566,0.00437268,3.10553e-05,1.20014,1.0464
191,train,63,1,True,True,0.153113,0.243223,-0.0901097,0.281012,0.188372,0.242576,0.113369,0.24333,0.153223,False,0.3316285,0.153113,0.243223,-0.0901097,False,0.153216,0.243326,-0.0901104,False,0.153225,0.243334,-0.090109,False,0.306762,0.236775,0.145135,0.56106,0.770112,0.239122,0.139169,0.254893,0.00163226,0.00424462,1.19995,1.40876e-05,1.0464
192,final_eval,0,0,False,False,0.237976,0.146267,0.0917083,0.275621,0.181327,0.227829,0.122515,0.238083,0.146377,True,0.447860125,0.237976,0.146267,0.0917083,True,0.238078,0.146369,0.0917091,True,0.238087,0.146379,0.0917074,True,0.741245,0.57729,0.633202,0.770113,0.107267,0.142146,0.109099,0.502519,0.00175479,0.00380741,1.2,7.76471e-10,
193,final_eval,1,0,False,False,0.237924,0.146918,0.0910063,0.275568,0.181997,0.228235,0.123673,0.238031,0.147028,True,0.383877,0.237924,0.146918,0.0910063,True,0.238027,0.14702,0.091007,True,0.238035,0.14703,0.0910052,True,0.632611,0.475342,0.540965,0.624457,0.124163,0.08,0.282379,0.311099,0.00175118,0.00375853,1.2,7.76471e-10,
194,final_eval,2,0,False,False,0.237888,0.149839,0.0880489,0.27553,0.185002,0.227804,0.125846,0.237995,0.149948,True,0.29886775000000004,0.237888,0.149839,0.0880489,True,0.23799,0.149941,0.0880496,True,0.237999,0.149951,0.088048,True,0.460496,0.315118,0.428067,0.491527,0.139719,0.324761,0.106536,0.124718,0.00175502,0.00367015,7.76471e-10,1.2,
195,final_eval,3,0,False,False,0.237857,0.149956,0.0879008,0.275498,0.185122,0.228168,0.126777,0.237964,0.150065,True,0.34778837500000004,0.237857,0.149956,0.0879008,True,0.237959,0.150058,0.0879016,True,0.237968,0.150068,0.0878999,True,0.465983,0.392788,0.363332,0.423047,0.177356,0.430341,0.224457,0.305003,0.00175177,0.00363358,1.2,7.76471e-10,
196,final_eval,4,0,False,False,0.237904,0.150994,0.0869097,0.275546,0.186191,0.228201,0.127623,0.23801,0.151103,True,0.383445,0.237904,0.150994,0.0869097,True,0.238006,0.151096,0.0869103,True,0.238014,0.151106,0.0869086,True,0.584164,0.47028,0.462056,0.628547,0.255224,0.176976,0.145681,0.344632,0.00175148,0.00360097,7.76471e-10,1.2,
197,final_eval,5,0,False,False,0.237862,0.149906,0.0879558,0.275503,0.185071,0.228024,0.126595,0.237969,0.150015,True,0.37133174999999996,0.237862,0.149906,0.0879558,True,0.237964,0.150008,0.0879565,True,0.237973,0.150018,0.0879548,True,0.543454,0.493438,0.523504,0.44525,0.181826,0.385814,0.148522,0.248846,0.00175305,0.00364068,1.2,7.76471e-10,
198,final_eval,6,0,False,False,0.237897,0.192765,0.0451322,0.275539,0.229155,0.228375,0.138395,0.238004,0.192872,True,0.543639875,0.237897,0.192765,0.0451322,True,0.237999,0.192867,0.0451322,True,0.238008,0.192876,0.0451321,True,0.676339,0.66374,0.770114,0.650108,0.375466,0.351668,0.149631,0.712053,0.00174993,0.00323254,7.76471e-10,1.2,
199,final_eval,7,0,False,False,0.23792,0.192762,0.0451585,0.275563,0.229152,0.238489,0.157935,0.238027,0.192869,True,0.42723375,0.23792,0.192762,0.0451585,True,0.238023,0.192864,0.0451585,True,0.238031,0.192873,0.0451585,True,0.580763,0.423695,0.455836,0.753179,0.370996,0.391278,0.100993,0.34113,0.00166447,0.00272824,1.2,7.76471e-10,
200,final_eval,8,0,False,False,0.237883,0.192744,0.045139,0.275525,0.229134,0.238028,0.150296,0.23799,0.192852,True,0.41991187500000005,0.237883,0.192744,0.045139,True,0.237986,0.192847,0.0451389,True,0.237994,0.192855,0.0451389,True,0.464831,0.474401,0.515151,0.632988,0.357854,0.426654,0.152887,0.334529,0.00166817,0.00290521,7.76471e-10,1.2,
201,final_eval,9,0,False,False,0.237923,0.184678,0.0532456,0.275567,0.22084,0.238496,0.153795,0.23803,0.184786,True,0.5125391,0.237923,0.184678,0.0532456,True,0.238026,0.18478,0.0532455,True,0.238034,0.184789,0.0532454,True,0.715184,0.569406,0.590993,0.770114,0.328889,0.269307,0.0863048,0.770115,0.00166441,0.00282136,7.76471e-10,1.2,
202,final_eval,10,0,False,False,0.237874,0.149211,0.0886623,0.275516,0.184357,0.22795,0.12615,0.237981,0.149321,True,0.34533500000000006,0.237874,0.149211,0.0886623,True,0.237976,0.149313,0.0886631,True,0.237985,0.149323,0.0886613,True,0.460057,0.36972,0.432466,0.52793,0.162337,0.257971,0.106189,0.44601,0.00175371,0.00365814,1.2,7.76471e-10,
203,final_eval,11,0,False,False,0.237892,0.149903,0.0879893,0.275535,0.185068,0.238219,0.130215,0.237999,0.150012,True,0.40108024999999997,0.237892,0.149903,0.0879893,True,0.237995,0.150005,0.0879899,True,0.238003,0.150015,0.0879883,True,0.521068,0.418723,0.488581,0.608506,0.171098,0.317522,0.128222,0.554922,0.00166664,0.00350472,1.2,7.76471e-10,
204,final_eval,12,0,False,False,0.237902,0.149929,0.0879729,0.275545,0.185095,0.227873,0.126472,0.238009,0.150039,True,0.49262754999999997,0.237902,0.149929,0.0879729,True,0.238005,0.150031,0.0879736,True,0.238013,0.150041,0.0879719,True,0.685667,0.646988,0.616585,0.599858,0.0876884,0.560507,0.109723,0.634004,0.00175441,0.00364549,7.76471e-10,1.2,
205,final_eval,13,0,False,False,0.237909,0.14802,0.0898886,0.275552,0.183131,0.228087,0.124919,0.238016,0.14813,True,0.41943698749999997,0.237909,0.14802,0.0898886,True,0.238011,0.148122,0.0898894,True,0.23802,0.148132,0.0898875,True,0.599362,0.50374,0.580641,0.650401,0.0920689,0.244312,0.18933,0.495641,0.00175249,0.00370731,7.76471e-10,1.2,
206,final_eval,14,0,False,False,0.237869,0.192794,0.0450748,0.275511,0.229185,0.22847,0.138498,0.237976,0.192902,True,0.5126675,0.237869,0.192794,0.0450748,True,0.237972,0.192897,0.0450748,True,0.23798,0.192905,0.0450747,True,0.423736,0.592923,0.632225,0.63737,0.432503,0.537697,0.160092,0.684794,0.00174908,0.00322937,1.2,7.76471e-10,
207,final_eval,15,0,False,False,0.2379,0.146236,0.0916641,0.275542,0.181294,0.229148,0.128291,0.238007,0.146345,True,0.456683375,0.2379,0.146236,0.0916641,True,0.238002,0.146337,0.0916649,True,0.238011,0.146347,0.0916632,True,0.618181,0.572318,0.6045,0.673188,0.185134,0.114966,0.123926,0.761254,0.00174309,0.00357566,1.2,7.76471e-10,
208,final_eval,16,0,False,False,0.223375,0.170498,0.0528773,0.260619,0.206257,0.21497,0.13459,0.223484,0.170607,True,0.30304525,0.223375,0.170498,0.0528773,True,0.223478,0.170601,0.0528774,True,0.223488,0.17061,0.0528781,True,0.22759,0.408197,0.427667,0.31717,0.305109,0.211941,0.203672,0.323016,0.0018778,0.00335361,1.2,7.76471e-10,
209,final_eval,17,0,False,False,0.237908,0.149907,0.0880009,0.275551,0.185071,0.228137,0.126553,0.238015,0.150016,True,0.489279625,0.237908,0.149907,0.0880009,True,0.238011,0.150009,0.0880019,True,0.238019,0.150019,0.0880003,True,0.640951,0.717267,0.770113,0.685167,0.108697,0.284195,0.178522,0.529325,0.00175205,0.00364231,1.2,7.76471e-10,
210,final_eval,18,0,False,False,0.237874,0.192911,0.0449625,0.275516,0.229305,0.228893,0.138579,0.237981,0.193019,True,0.650416125,0.237874,0.192911,0.0449625,True,0.237976,0.193014,0.0449626,True,0.237985,0.193022,0.0449625,True,0.396961,0.770113,0.770114,0.710292,0.629719,0.710614,0.445404,0.770112,0.00174534,0.00322692,7.76471e-10,1.2,
211,final_eval,19,0,False,False,0.237904,0.162054,0.0758496,0.275547,0.197571,0.228389,0.133532,0.238011,0.162163,True,0.531151625,0.237904,0.162054,0.0758496,True,0.238006,0.162156,0.07585,True,0.238015,0.162166,0.0758489,True,0.770115,0.613438,0.73708,0.770115,0.288301,0.178341,0.121709,0.770114,0.0017498,0.00338892,1.2,7.76471e-10,
212,final_eval,20,0,False,False,0.237924,0.149934,0.0879902,0.275568,0.1851,0.228137,0.126595,0.238031,0.150043,True,0.5292487499999999,0.237924,0.149934,0.0879902,True,0.238027,0.150036,0.087991,True,0.238035,0.150046,0.0879893,True,0.75562,0.482195,0.633557,0.770114,0.106731,0.619649,0.159538,0.706586,0.00175204,0.00364067,7.76471e-10,1.2,
213,final_eval,21,0,False,False,0.237859,0.149901,0.0879579,0.275501,0.185066,0.22804,0.126613,0.237966,0.150011,True,0.3978995,0.237859,0.149901,0.0879579,True,0.237962,0.150003,0.0879586,True,0.23797,0.150013,0.0879569,True,0.618181,0.473595,0.444862,0.551244,0.122733,0.505327,0.128291,0.338963,0.00175291,0.00363997,7.76471e-10,1.2,
214,final_eval,22,0,False,False,0.237883,0.185639,0.0522443,0.275526,0.221829,0.228809,0.138276,0.237991,0.185747,True,0.5125206250000001,0.237883,0.185639,0.0522443,True,0.237986,0.185742,0.0522442,True,0.237995,0.18575,0.052244,True,0.572917,0.476237,0.588594,0.770113,0.330766,0.770113,0.260624,0.330801,0.00174608,0.00323617,7.76471e-10,1.2,
215,final_eval,23,0,False,False,0.237882,0.192782,0.0451001,0.275524,0.229173,0.228535,0.137754,0.237989,0.19289,True,0.493214375,0.237882,0.192782,0.0451001,True,0.237985,0.192885,0.0451001,True,0.237993,0.192893,0.0451001,True,0.770114,0.473998,0.604056,0.755224,0.421596,0.138322,0.137644,0.644761,0.00174851,0.00325229,1.2,7.76471e-10,
216,final_eval,24,0,False,False,0.23782,0.166766,0.0710539,0.27546,0.202418,0.2293,0.136243,0.237927,0.166875,True,0.35681999999999997,0.23782,0.166766,0.0710539,True,0.237922,0.166868,0.0710541,True,0.237931,0.166877,0.0710532,True,0.516789,0.262486,0.42709,0.516068,0.296973,0.399473,0.14388,0.291801,0.00174174,0.00329989,7.76471e-10,1.2,
217,final_eval,25,0,False,False,0.237877,0.163717,0.0741603,0.275519,0.199281,0.228754,0.136202,0.237984,0.163826,True,0.560572625,0.237877,0.163717,0.0741603,True,0.23798,0.163819,0.0741606,True,0.237988,0.163829,0.0741593,True,0.50609,0.566316,0.698648,0.753646,0.289464,0.770115,0.251963,0.648339,0.00174657,0.0033012,7.76471e-10,1.2,
218,final_eval,26,0,False,False,0.237858,0.19299,0.0448674,0.275499,0.229387,0.22876,0.137814,0.237965,0.193098,True,0.5604003750000001,0.237858,0.19299,0.0448674,True,0.23796,0.193093,0.0448673,True,0.237969,0.193101,0.0448673,True,0.436849,0.770113,0.681453,0.713739,0.770114,0.151298,0.22418,0.735457,0.00174652,0.00325044,1.2,7.76471e-10,
219,final_eval,27,0,False,False,0.237891,0.148471,0.0894192,0.275533,0.183595,0.228373,0.125817,0.237998,0.148581,True,0.5420535000000001,0.237891,0.148471,0.0894192,True,0.237993,0.148573,0.0894199,True,0.238002,0.148583,0.089418,True,0.770114,0.770115,0.770115,0.770115,0.241903,0.12439,0.119561,0.770115,0.00174995,0.00367131,1.2,7.76471e-10,
220,final_eval,28,0,False,False,0.237854,0.149879,0.0879758,0.275496,0.185043,0.228128,0.126657,0.237961,0.149988,True,0.36707737499999993,0.237854,0.149879,0.0879758,True,0.237957,0.14998,0.0879765,True,0.237965,0.149991,0.0879748,True,0.52447,0.365733,0.453304,0.600734,0.118889,0.344019,0.136189,0.393281,0.00175213,0.00363825,7.76471e-10,1.2,
221,final_eval,29,0,False,False,0.237835,0.146196,0.0916386,0.275476,0.181254,0.228243,0.122805,0.237942,0.146306,True,0.36093624999999996,0.237835,0.146196,0.0916386,True,0.237938,0.146298,0.0916395,True,0.237946,0.146308,0.0916378,True,0.531274,0.502889,0.534256,0.557204,0.152056,0.089561,0.157529,0.362721,0.00175111,0.00379505,1.2,7.76471e-10,
222,final_eval,30,0,False,False,0.237868,0.146222,0.0916457,0.27551,0.181281,0.238587,0.126503,0.237975,0.146332,True,0.4866560000000001,0.237868,0.146222,0.0916457,True,0.237971,0.146324,0.0916465,True,0.237979,0.146334,0.0916449,True,0.743989,0.637715,0.708511,0.703339,0.198008,0.152937,0.1903,0.558449,0.00166368,0.00364425,7.76471e-10,1.2,
223,final_eval,31,0,False,False,0.237353,0.192792,0.0445609,0.274981,0.229183,0.227846,0.137843,0.23746,0.1929,True,0.315127875,0.237353,0.192792,0.0445609,True,0.237456,0.192895,0.0445609,True,0.237464,0.192903,0.044561,True,0.291619,0.360851,0.342939,0.426903,0.444661,0.192956,0.107367,0.353727,0.00175464,0.00324955,7.76471e-10,1.2,
224,final_eval,32,1,False,False,0.192858,0.218727,-0.0258697,0.255842,0.22925,0.208934,0.137465,0.218835,0.192965,False,0.3103241375,0.192858,0.218727,-0.0258697,False,0.19296,0.21883,-0.0258697,False,0.192969,0.218839,-0.0258702,False,0.0938811,0.456305,0.374484,0.163556,0.490971,0.26999,0.367252,0.266154,0.00194172,0.0032613,1.2,7.76471e-10,
225,final_eval,33,1,False,False,0.191943,0.237492,-0.0455495,0.275124,0.22831,0.227338,0.13792,0.237599,0.19205,False,0.2686391125,0.191943,0.237492,-0.0455495,False,0.192045,0.237595,-0.0455494,False,0.192054,0.237603,-0.0455494,False,0.361298,0.0966629,0.122031,0.492813,0.349183,0.300039,0.218776,0.20831,0.0017592,0.00324716,1.2,7.76471e-10,
226,final_eval,34,1,False,False,0.15096,0.218731,-0.0677706,0.255846,0.186157,0.208739,0.125691,0.218839,0.15107,False,0.247402075,0.15096,0.218731,-0.0677706,False,0.151062,0.218834,-0.0677711,False,0.151072,0.218843,-0.0677701,False,0.0838406,0.400537,0.39741,0.10904,0.266488,0.131902,0.385266,0.204733,0.00194385,0.00367632,1.2,7.76471e-10,
227,final_eval,35,1,False,False,0.160396,0.23752,-0.0771239,0.275152,0.195864,0.227439,0.131832,0.237627,0.160505,False,0.28502317499999996,0.160396,0.23752,-0.0771239,False,0.160498,0.237622,-0.0771244,False,0.160507,0.237631,-0.0771236,False,0.497202,0.08,0.0873754,0.571344,0.284368,0.089561,0.410277,0.260058,0.00175829,0.00344729,1.2,7.76471e-10,
228,final_eval,36,1,False,False,0.146885,0.22076,-0.0738749,0.257931,0.181963,0.211038,0.123527,0.220869,0.146995,False,0.466908025,0.146885,0.22076,-0.0738749,False,0.146987,0.220863,-0.0738757,False,0.146997,0.220872,-0.073875,False,0.16197,0.684524,0.770113,0.221052,0.0829502,0.459844,0.75628,0.598531,0.00191895,0.0037646,1.2,7.76471e-10,
229,final_eval,37,1,False,False,0.141894,0.220557,-0.0786633,0.257723,0.176826,0.210537,0.117818,0.220666,0.142003,False,0.335890875,0.141894,0.220557,-0.0786633,False,0.141996,0.22066,-0.0786642,False,0.142006,0.220669,-0.0786634,False,0.102989,0.509698,0.564957,0.103372,0.107356,0.134907,0.770114,0.393734,0.00192432,0.0040198,7.76471e-10,1.2,
230,final_eval,38,1,False,False,0.192745,0.237776,-0.045031,0.275415,0.229135,0.228762,0.138784,0.237883,0.192853,False,0.382305125,0.192745,0.237776,-0.045031,False,0.192848,0.237879,-0.045031,False,0.192856,0.237887,-0.0450309,False,0.370735,0.363315,0.391723,0.528047,0.377254,0.374888,0.202841,0.449638,0.0017465,0.00322064,7.76471e-10,1.2,
231,final_eval,39,1,False,False,0.140974,0.215405,-0.0744308,0.252428,0.175879,0.204434,0.115862,0.215513,0.141083,False,0.20175882499999997,0.140974,0.215405,-0.0744308,False,0.141075,0.215507,-0.0744321,False,0.141085,0.215517,-0.0744311,False,0.0808779,0.279686,0.34867,0.0841486,0.0901021,0.181483,0.39448,0.154623,0.0019923,0.00411556,1.2,7.76471e-10,
232,final_eval,40,1,False,False,0.140965,0.215394,-0.0744295,0.252417,0.17587,0.20464,0.116354,0.215503,0.141074,False,0.21241474999999999,0.140965,0.215394,-0.0744295,False,0.141067,0.215497,-0.0744306,False,0.141077,0.215506,-0.0744296,False,0.133549,0.283897,0.37404,0.08,0.19023,0.105815,0.336074,0.195713,0.00198992,0.00409105,1.2,7.76471e-10,
233,final_eval,41,1,False,False,0.192792,0.215921,-0.0231285,0.252958,0.229183,0.206182,0.136491,0.216029,0.1929,False,0.24675849999999996,0.192792,0.215921,-0.0231285,False,0.192895,0.216024,-0.0231286,False,0.192903,0.216033,-0.0231294,False,0.105732,0.36215,0.325922,0.165835,0.384943,0.156351,0.267067,0.206068,0.00197233,0.003292,1.2,7.76471e-10,
234,final_eval,42,1,False,False,0.136344,0.162595,-0.0262514,0.198127,0.171114,0.173146,0.110982,0.162705,0.136453,False,0.18587850000000003,0.136344,0.162595,-0.0262514,False,0.136445,0.162697,-0.026252,False,0.136455,0.162708,-0.0262522,False,0.212831,0.207436,0.26523,0.224674,0.113793,0.145288,0.128915,0.188861,0.00243365,0.00437624,1.2,7.76471e-10,
235,final_eval,43,1,False,False,0.19303,0.236892,-0.0438613,0.274507,0.229428,0.226717,0.137409,0.236999,0.193138,False,0.27282999999999996,0.19303,0.236892,-0.0438613,False,0.193133,0.236994,-0.0438614,False,0.193142,0.237003,-0.0438616,False,0.11078,0.257738,0.13034,0.399908,0.770115,0.240898,0.097806,0.175055,0.00176479,0.00326305,7.76471e-10,1.2,
236,final_eval,44,1,False,False,0.192881,0.237514,-0.0446329,0.275146,0.229274,0.22763,0.137649,0.237621,0.192989,False,0.32688025,0.192881,0.237514,-0.0446329,False,0.192983,0.237616,-0.044633,False,0.192992,0.237625,-0.0446331,False,0.463514,0.106965,0.08,0.646135,0.52235,0.243356,0.304203,0.248519,0.00175658,0.00325558,7.76471e-10,1.2,
237,final_eval,45,1,False,False,0.142119,0.1647,-0.0225808,0.200292,0.177059,0.174499,0.115526,0.164809,0.142229,False,0.16899925000000002,0.142119,0.1647,-0.0225808,False,0.142221,0.164802,-0.0225812,False,0.142231,0.164812,-0.0225813,False,0.229949,0.132228,0.173526,0.267329,0.185581,0.149795,0.08,0.133586,0.00241053,0.00413249,1.2,7.76471e-10,
238,final_eval,46,1,False,False,0.19285,0.219831,-0.0269812,0.256977,0.229242,0.210497,0.138508,0.219939,0.192958,False,0.31425375,0.19285,0.219831,-0.0269812,False,0.192952,0.219934,-0.0269813,False,0.192961,0.219943,-0.0269822,False,0.099258,0.348219,0.354446,0.303381,0.520741,0.456976,0.180046,0.250963,0.00192475,0.00322908,7.76471e-10,1.2,
239,final_eval,47,1,False,False,0.193031,0.236897,-0.0438658,0.274513,0.22943,0.22672,0.137256,0.237005,0.193139,False,0.268208325,0.193031,0.236897,-0.0438658,False,0.193134,0.237,-0.0438659,False,0.193143,0.237009,-0.043866,False,0.162354,0.228891,0.0978166,0.426085,0.770113,0.161678,0.13612,0.162609,0.00176476,0.00326784,1.2,7.76471e-10,
240,final_eval,48,1,False,False,0.19289,0.20475,-0.0118605,0.241476,0.229283,0.197558,0.136611,0.204859,0.192998,False,0.253805,0.19289,0.20475,-0.0118605,False,0.192992,0.204853,-0.0118606,False,0.193001,0.204862,-0.0118612,False,0.08,0.351668,0.279981,0.202821,0.554981,0.115102,0.24642,0.199467,0.0020749,0.00328817,7.76471e-10,1.2,
241,final_eval,49,1,False,False,0.192973,0.237738,-0.044765,0.275376,0.229369,0.228724,0.138942,0.237845,0.19308,False,0.49324425,0.192973,0.237738,-0.044765,False,0.193075,0.23784,-0.044765,False,0.193084,0.237849,-0.044765,False,0.437398,0.585711,0.328765,0.48025,0.766049,0.770115,0.148938,0.428728,0.00174683,0.00321585,7.76471e-10,1.2,
242,final_eval,50,1,False,False,0.141855,0.218744,-0.0768889,0.255859,0.176786,0.208582,0.117919,0.218851,0.141964,False,0.25741375,0.141855,0.218744,-0.0768889,False,0.141956,0.218846,-0.0768898,False,0.141966,0.218855,-0.0768886,False,0.121863,0.439552,0.500355,0.112137,0.08,0.123707,0.406674,0.275022,0.00194558,0.00401494,1.2,7.76471e-10,
243,final_eval,51,1,False,False,0.192992,0.185034,0.00795799,0.221206,0.229388,0.190038,0.136879,0.185143,0.1931,True,0.208235925,0.192992,0.185034,0.00795799,True,0.193094,0.185136,0.00795803,True,0.193103,0.185146,0.00795647,True,0.0934422,0.186428,0.10577,0.280885,0.673256,0.147746,0.0947575,0.0836027,0.00217353,0.00327969,1.2,7.76471e-10,
244,final_eval,52,1,False,False,0.166876,0.182096,-0.0152202,0.218185,0.202532,0.189986,0.13236,0.182206,0.166985,False,0.19452275,0.166876,0.182096,-0.0152202,False,0.166979,0.182199,-0.0152202,False,0.166988,0.182209,-0.0152212,False,0.08,0.25617,0.274205,0.152513,0.299029,0.186263,0.182402,0.1256,0.00217424,0.00342892,7.76471e-10,1.2,
245,final_eval,53,1,False,False,0.164167,0.237764,-0.0735977,0.275403,0.199744,0.228828,0.134714,0.237871,0.164276,False,0.36896112499999995,0.164167,0.237764,-0.0735977,False,0.164269,0.237867,-0.0735979,False,0.164278,0.237875,-0.0735969,False,0.490344,0.306697,0.332631,0.596352,0.292771,0.227785,0.206721,0.498388,0.00174592,0.00334952,7.76471e-10,1.2,
246,final_eval,54,1,False,False,0.141844,0.218703,-0.076859,0.255817,0.176775,0.208799,0.118129,0.218811,0.141954,False,0.2491034375,0.141844,0.218703,-0.076859,False,0.141946,0.218806,-0.0768599,False,0.141956,0.218815,-0.0768587,False,0.0908635,0.402777,0.436154,0.113948,0.189068,0.119883,0.402171,0.237963,0.00194319,0.00400496,1.2,7.76471e-10,
247,final_eval,55,1,False,False,0.148264,0.218711,-0.0704474,0.255825,0.183381,0.209015,0.124655,0.218819,0.148373,False,0.288436375,0.148264,0.218711,-0.0704474,False,0.148366,0.218813,-0.070448,False,0.148376,0.218822,-0.0704469,False,0.10672,0.473012,0.469743,0.127738,0.256922,0.143785,0.435427,0.294144,0.00194083,0.00371807,1.2,7.76471e-10,
248,final_eval,56,1,False,False,0.192812,0.220462,-0.0276493,0.257624,0.229204,0.211353,0.136881,0.22057,0.19292,False,0.3319903,0.192812,0.220462,-0.0276493,False,0.192915,0.220564,-0.0276493,False,0.192923,0.220573,-0.0276502,False,0.0835114,0.48009,0.460324,0.210826,0.454942,0.2032,0.440416,0.322613,0.00191558,0.00327963,1.2,7.76471e-10,
249,final_eval,57,1,False,False,0.192824,0.22062,-0.0277963,0.257787,0.229215,0.211679,0.138609,0.220728,0.192931,False,0.36300319999999997,0.192824,0.22062,-0.0277963,False,0.192926,0.220722,-0.0277963,False,0.192935,0.220732,-0.0277973,False,0.0818106,0.48645,0.483783,0.251085,0.484802,0.354263,0.420878,0.340954,0.00191211,0.00322598,1.2,7.76471e-10,
250,final_eval,58,1,False,False,0.192769,0.220347,-0.0275774,0.257506,0.22916,0.211145,0.136824,0.220455,0.192877,False,0.30504495000000004,0.192769,0.220347,-0.0275774,False,0.192872,0.220449,-0.0275773,False,0.19288,0.220459,-0.0275781,False,0.0908086,0.483583,0.467344,0.172846,0.377791,0.10718,0.425727,0.31508,0.0019178,0.00328142,1.2,7.76471e-10,
251,final_eval,59,1,False,False,0.193018,0.188613,0.00440472,0.224886,0.229415,0.191246,0.137247,0.188723,0.193126,True,0.235791625,0.193018,0.188613,0.00440472,True,0.193121,0.188716,0.00440479,True,0.193129,0.188726,0.00440335,True,0.082853,0.247884,0.142691,0.288773,0.750944,0.118654,0.138684,0.11585,0.00215705,0.00326811,7.76471e-10,1.2,
252,final_eval,60,1,False,False,0.143775,0.161722,-0.0179471,0.197229,0.178763,0.163979,0.10463,0.161832,0.143885,False,0.1511760125,0.143775,0.161722,-0.0179471,False,0.143877,0.161825,-0.0179474,False,0.143887,0.161835,-0.0179478,False,0.209429,0.0830459,0.168639,0.236886,0.0841124,0.264663,0.0826328,0.08,0.00260297,0.00477135,7.76471e-10,1.2,
253,final_eval,61,1,False,False,0.144644,0.171757,-0.0271129,0.207552,0.179657,0.18143,0.120105,0.171867,0.144754,False,0.19387995,0.144644,0.171757,-0.0271129,False,0.144746,0.17186,-0.0271135,False,0.144756,0.17187,-0.0271133,False,0.0863096,0.241792,0.27736,0.148773,0.247982,0.215356,0.199654,0.133813,0.00229868,0.00391341,7.76471e-10,1.2,
254,final_eval,62,1,False,False,0.192773,0.218659,-0.0258858,0.255771,0.229163,0.209245,0.13686,0.218766,0.192881,False,0.282842625,0.192773,0.218659,-0.0258858,False,0.192875,0.218761,-0.0258858,False,0.192884,0.21877,-0.0258862,False,0.08203,0.405599,0.394167,0.173139,0.384138,0.142556,0.412841,0.268271,0.00193832,0.00328028,1.2,7.76471e-10,
255,final_eval,63,1,False,False,0.192992,0.236916,-0.043924,0.274532,0.229389,0.227068,0.138092,0.237024,0.1931,False,0.3316285,0.192992,0.236916,-0.043924,False,0.193095,0.237019,-0.043924,False,0.193103,0.237028,-0.0439241,False,0.306762,0.236775,0.145135,0.56106,0.770112,0.239122,0.139169,0.254893,0.00176162,0.00324184,1.2,7.76471e-10,
