theta_p,act,read_p_gain,read_p_slope,write_p_charge_v,write_p_discharge_v,theta_n,read_n_gain,read_n_slope,write_n_charge_v,write_n_discharge_v,write_mode,signed_read_gain,signed_increase_mobility,signed_decrease_mobility,signed_update_sign_aligned,signed_mobility_balance
0.05,0.25,-1.8232999999999998e-110,-1.4132699999999998e-109,0.0,-0.00432693,0.05,0.0003795848,0.0,0.0,-0.00125181,bounded_discharge,-0.0003795848,-0.0,6.115120361099999e-112,False,-0.0
0.05,0.25,-1.8232999999999998e-110,-1.4132699999999998e-109,0.0,-0.00432693,0.1,0.0003795848,2.271871998484849,0.0,0.000109544,bounded_discharge,-0.0003795848,0.00024886994620202426,6.115120361099999e-112,True,2.4571550138625213e-108
0.05,0.25,-1.8232999999999998e-110,-1.4132699999999998e-109,0.0,-0.00432693,0.16,1.199928,2.856067655238096,0.0,0.00159283,bounded_discharge,-1.199928,0.004549230243292897,6.115120361099999e-112,True,1.344209906745378e-109
0.05,0.25,-1.8232999999999998e-110,-1.4132699999999998e-109,0.0,-0.00432693,0.24,1.199928,-2.220446049250313e-16,0.0,0.00332102,bounded_discharge,-1.199928,-7.374145738481275e-19,6.115120361099999e-112,False,-1.205887260272143e+93
0.05,0.25,-1.8232999999999998e-110,-1.4132699999999998e-109,0.0,-0.00432693,0.34,1.199928,-2.220446049250313e-16,0.0,0.00507491,bounded_discharge,-1.199928,-1.1268563859800907e-18,6.115120361099999e-112,False,-1.842737868494529e+93
0.05,0.25,-1.8232999999999998e-110,-1.4132699999999998e-109,0.0,-0.00432693,0.46,1.199928,0.0,0.0,0.00657842,bounded_discharge,-1.199928,0.0,6.115120361099999e-112,False,0.0
0.05,0.25,-1.8232999999999998e-110,-1.4132699999999998e-109,0.0,-0.00432693,0.58,1.199928,0.0,0.0,0.00742333,bounded_discharge,-1.199928,0.0,6.115120361099999e-112,False,0.0
0.05,0.25,-1.8232999999999998e-110,-1.4132699999999998e-109,0.0,-0.00432693,0.7,1.199928,0.0,0.0,0.00766575,bounded_discharge,-1.199928,0.0,6.115120361099999e-112,False,0.0
0.05,0.25,-1.8232999999999998e-110,-1.4132699999999998e-109,0.0,-0.00432693,0.82,1.199928,0.0,0.0,0.00776357,bounded_discharge,-1.199928,0.0,6.115120361099999e-112,False,0.0
0.05,0.25,-1.8232999999999998e-110,-1.4132699999999998e-109,0.0,-0.00432693,0.94,1.199928,-2.220446049250313e-16,0.0,0.00782758,bounded_discharge,-1.199928,-1.7380719086190767e-18,6.115120361099999e-112,False,-2.842252982746572e+93
0.05,0.25,-1.8232999999999998e-110,-1.4132699999999998e-109,0.0,-0.00432693,1.06,1.199928,2.220446049250313e-16,0.0,0.00784851,bounded_discharge,-1.199928,1.7427193022001574e-18,6.115120361099999e-112,True,3.5089531362737244e-94
0.05,0.25,-1.8232999999999998e-110,-1.4132699999999998e-109,0.0,-0.00432693,1.15,1.199928,0.0,0.0,0.00784919,bounded_discharge,-1.199928,0.0,6.115120361099999e-112,False,0.0
0.1,0.25,-4.64984e-110,0.2843401515151515,0.0,-0.00294403,0.05,0.0003795848,0.0,0.0,-0.00125181,bounded_discharge,-0.0003795848,0.0,-0.0008371059362651514,False,
0.1,0.25,-4.64984e-110,0.2843401515151515,0.0,-0.00294403,0.1,0.0003795848,2.271871998484849,0.0,0.000109544,bounded_discharge,-0.0003795848,0.00024886994620202426,-0.0008371059362651514,False,-3.363628067752371
0.1,0.25,-4.64984e-110,0.2843401515151515,0.0,-0.00294403,0.16,1.199928,2.856067655238096,0.0,0.00159283,bounded_discharge,-1.199928,0.004549230243292897,-0.0008371059362651514,False,-0.18401045704365668
0.1,0.25,-4.64984e-110,0.2843401515151515,0.0,-0.00294403,0.24,1.199928,-2.220446049250313e-16,0.0,0.00332102,bounded_discharge,-1.199928,-7.374145738481275e-19,-0.0008371059362651514,False,
0.1,0.25,-4.64984e-110,0.2843401515151515,0.0,-0.00294403,0.34,1.199928,-2.220446049250313e-16,0.0,0.00507491,bounded_discharge,-1.199928,-1.1268563859800907e-18,-0.0008371059362651514,False,
0.1,0.25,-4.64984e-110,0.2843401515151515,0.0,-0.00294403,0.46,1.199928,0.0,0.0,0.00657842,bounded_discharge,-1.199928,0.0,-0.0008371059362651514,False,
0.1,0.25,-4.64984e-110,0.2843401515151515,0.0,-0.00294403,0.58,1.199928,0.0,0.0,0.00742333,bounded_discharge,-1.199928,0.0,-0.0008371059362651514,False,
0.1,0.25,-4.64984e-110,0.2843401515151515,0.0,-0.00294403,0.7,1.199928,0.0,0.0,0.00766575,bounded_discharge,-1.199928,0.0,-0.0008371059362651514,False,
0.1,0.25,-4.64984e-110,0.2843401515151515,0.0,-0.00294403,0.82,1.199928,0.0,0.0,0.00776357,bounded_discharge,-1.199928,0.0,-0.0008371059362651514,False,
0.1,0.25,-4.64984e-110,0.2843401515151515,0.0,-0.00294403,0.94,1.199928,-2.220446049250313e-16,0.0,0.00782758,bounded_discharge,-1.199928,-1.7380719086190767e-18,-0.0008371059362651514,False,
0.1,0.25,-4.64984e-110,0.2843401515151515,0.0,-0.00294403,1.06,1.199928,2.220446049250313e-16,0.0,0.00784851,bounded_discharge,-1.199928,1.7427193022001574e-18,-0.0008371059362651514,False,-480344674674985.0
0.1,0.25,-4.64984e-110,0.2843401515151515,0.0,-0.00294403,1.15,1.199928,0.0,0.0,0.00784919,bounded_discharge,-1.199928,0.0,-0.0008371059362651514,False,
0.16,0.25,0.1501316,0.761396011904762,0.0,-0.00144727,0.05,0.0003795848,0.0,0.0,-0.00125181,bounded_discharge,0.1497520152,0.0,-0.001101945606149405,False,
0.16,0.25,0.1501316,0.761396011904762,0.0,-0.00144727,0.1,0.0003795848,2.271871998484849,0.0,0.000109544,bounded_discharge,0.1497520152,0.00024886994620202426,-0.001101945606149405,False,-4.427797019953878
0.16,0.25,0.1501316,0.761396011904762,0.0,-0.00144727,0.16,1.199928,2.856067655238096,0.0,0.00159283,bounded_discharge,-1.0497964000000002,0.004549230243292897,-0.001101945606149405,False,-0.2422268267854865
0.16,0.25,0.1501316,0.761396011904762,0.0,-0.00144727,0.24,1.199928,-2.220446049250313e-16,0.0,0.00332102,bounded_discharge,-1.0497964000000002,-7.374145738481275e-19,-0.001101945606149405,False,
0.16,0.25,0.1501316,0.761396011904762,0.0,-0.00144727,0.34,1.199928,-2.220446049250313e-16,0.0,0.00507491,bounded_discharge,-1.0497964000000002,-1.1268563859800907e-18,-0.001101945606149405,False,
0.16,0.25,0.1501316,0.761396011904762,0.0,-0.00144727,0.46,1.199928,0.0,0.0,0.00657842,bounded_discharge,-1.0497964000000002,0.0,-0.001101945606149405,False,
0.16,0.25,0.1501316,0.761396011904762,0.0,-0.00144727,0.58,1.199928,0.0,0.0,0.00742333,bounded_discharge,-1.0497964000000002,0.0,-0.001101945606149405,False,
0.16,0.25,0.1501316,0.761396011904762,0.0,-0.00144727,0.7,1.199928,0.0,0.0,0.00766575,bounded_discharge,-1.0497964000000002,0.0,-0.001101945606149405,False,
0.16,0.25,0.1501316,0.761396011904762,0.0,-0.00144727,0.82,1.199928,0.0,0.0,0.00776357,bounded_discharge,-1.0497964000000002,0.0,-0.001101945606149405,False,
0.16,0.25,0.1501316,0.761396011904762,0.0,-0.00144727,0.94,1.199928,-2.220446049250313e-16,0.0,0.00782758,bounded_discharge,-1.0497964000000002,-1.7380719086190767e-18,-0.001101945606149405,False,
0.16,0.25,0.1501316,0.761396011904762,0.0,-0.00144727,1.06,1.199928,2.220446049250313e-16,0.0,0.00784851,bounded_discharge,-1.0497964000000002,1.7427193022001574e-18,-0.001101945606149405,False,-632313881391119.6
0.16,0.25,0.1501316,0.761396011904762,0.0,-0.00144727,1.15,1.199928,0.0,0.0,0.00784919,bounded_discharge,-1.0497964000000002,0.0,-0.001101945606149405,False,
0.24,0.25,0.45174,0.9439101388888884,0.0,0.000265154,0.05,0.0003795848,0.0,0.0,-0.00125181,bounded_discharge,0.4513604152,0.0,0.0002502815489669443,False,0.0
0.24,0.25,0.45174,0.9439101388888884,0.0,0.000265154,0.1,0.0003795848,2.271871998484849,0.0,0.000109544,bounded_discharge,0.4513604152,0.00024886994620202426,0.0002502815489669443,True,0.9943599407517392
0.24,0.25,0.45174,0.9439101388888884,0.0,0.000265154,0.16,1.199928,2.856067655238096,0.0,0.00159283,bounded_discharge,-0.7481880000000001,0.004549230243292897,0.0002502815489669443,True,0.055016241337959085
0.24,0.25,0.45174,0.9439101388888884,0.0,0.000265154,0.24,1.199928,-2.220446049250313e-16,0.0,0.00332102,bounded_discharge,-0.7481880000000001,-7.374145738481275e-19,0.0002502815489669443,False,-2.946340139302561e-15
0.24,0.25,0.45174,0.9439101388888884,0.0,0.000265154,0.34,1.199928,-2.220446049250313e-16,0.0,0.00507491,bounded_discharge,-0.7481880000000001,-1.1268563859800907e-18,0.0002502815489669443,False,-4.502355010312482e-15
0.24,0.25,0.45174,0.9439101388888884,0.0,0.000265154,0.46,1.199928,0.0,0.0,0.00657842,bounded_discharge,-0.7481880000000001,0.0,0.0002502815489669443,False,0.0
0.24,0.25,0.45174,0.9439101388888884,0.0,0.000265154,0.58,1.199928,0.0,0.0,0.00742333,bounded_discharge,-0.7481880000000001,0.0,0.0002502815489669443,False,0.0
0.24,0.25,0.45174,0.9439101388888884,0.0,0.000265154,0.7,1.199928,0.0,0.0,0.00766575,bounded_discharge,-0.7481880000000001,0.0,0.0002502815489669443,False,0.0
0.24,0.25,0.45174,0.9439101388888884,0.0,0.000265154,0.82,1.199928,0.0,0.0,0.00776357,bounded_discharge,-0.7481880000000001,0.0,0.0002502815489669443,False,0.0
0.24,0.25,0.45174,0.9439101388888884,0.0,0.000265154,0.94,1.199928,-2.220446049250313e-16,0.0,0.00782758,bounded_discharge,-0.7481880000000001,-1.7380719086190767e-18,0.0002502815489669443,False,-6.9444668046569855e-15
0.24,0.25,0.45174,0.9439101388888884,0.0,0.000265154,1.06,1.199928,2.220446049250313e-16,0.0,0.00784851,bounded_discharge,-0.7481880000000001,1.7427193022001574e-18,0.0002502815489669443,True,6.963035467030473e-15
0.24,0.25,0.45174,0.9439101388888884,0.0,0.000265154,1.15,1.199928,0.0,0.0,0.00784919,bounded_discharge,-0.7481880000000001,0.0,0.0002502815489669443,False,0.0
0.34,0.25,0.829996,0.5386596969696966,0.0,0.00194956,0.05,0.0003795848,0.0,0.0,-0.00125181,bounded_discharge,0.8296164152,0.0,0.0010501493988242416,False,0.0
0.34,0.25,0.829996,0.5386596969696966,0.0,0.00194956,0.1,0.0003795848,2.271871998484849,0.0,0.000109544,bounded_discharge,0.8296164152,0.00024886994620202426,0.0010501493988242416,True,0.236985277028832
0.34,0.25,0.829996,0.5386596969696966,0.0,0.00194956,0.16,1.199928,2.856067655238096,0.0,0.00159283,bounded_discharge,-0.36993200000000015,0.004549230243292897,0.0010501493988242416,True,0.2308411187524564
0.34,0.25,0.829996,0.5386596969696966,0.0,0.00194956,0.24,1.199928,-2.220446049250313e-16,0.0,0.00332102,bounded_discharge,-0.36993200000000015,-7.374145738481275e-19,0.0010501493988242416,False,-7.021996819440593e-16
0.34,0.25,0.829996,0.5386596969696966,0.0,0.00194956,0.34,1.199928,-2.220446049250313e-16,0.0,0.00507491,bounded_discharge,-0.36993200000000015,-1.1268563859800907e-18,0.0010501493988242416,False,-1.0730438804628474e-15
0.34,0.25,0.829996,0.5386596969696966,0.0,0.00194956,0.46,1.199928,0.0,0.0,0.00657842,bounded_discharge,-0.36993200000000015,0.0,0.0010501493988242416,False,0.0
0.34,0.25,0.829996,0.5386596969696966,0.0,0.00194956,0.58,1.199928,0.0,0.0,0.00742333,bounded_discharge,-0.36993200000000015,0.0,0.0010501493988242416,False,0.0
0.34,0.25,0.829996,0.5386596969696966,0.0,0.00194956,0.7,1.199928,0.0,0.0,0.00766575,bounded_discharge,-0.36993200000000015,0.0,0.0010501493988242416,False,0.0
0.34,0.25,0.829996,0.5386596969696966,0.0,0.00194956,0.82,1.199928,0.0,0.0,0.00776357,bounded_discharge,-0.36993200000000015,0.0,0.0010501493988242416,False,0.0
0.34,0.25,0.829996,0.5386596969696966,0.0,0.00194956,0.94,1.199928,-2.220446049250313e-16,0.0,0.00782758,bounded_discharge,-0.36993200000000015,-1.7380719086190767e-18,0.0010501493988242416,False,-1.6550710885184911e-15
0.34,0.25,0.829996,0.5386596969696966,0.0,0.00194956,1.06,1.199928,2.220446049250313e-16,0.0,0.00784851,bounded_discharge,-0.36993200000000015,1.7427193022001574e-18,0.0010501493988242416,True,1.6594965479686264e-15
0.34,0.25,0.829996,0.5386596969696966,0.0,0.00194956,1.15,1.199928,0.0,0.0,0.00784919,bounded_discharge,-0.36993200000000015,0.0,0.0010501493988242416,False,0.0
0.46,0.25,0.854132,0.0251416666666667,0.0,0.00328614,0.05,0.0003795848,0.0,0.0,-0.00125181,bounded_discharge,0.8537524152,0.0,8.261903650000011e-05,False,0.0
0.46,0.25,0.854132,0.0251416666666667,0.0,0.00328614,0.1,0.0003795848,2.271871998484849,0.0,0.000109544,bounded_discharge,0.8537524152,0.00024886994620202426,8.261903650000011e-05,True,0.3319767523593739
0.46,0.25,0.854132,0.0251416666666667,0.0,0.00328614,0.16,1.199928,2.856067655238096,0.0,0.00159283,bounded_discharge,-0.3457960000000001,0.004549230243292897,8.261903650000011e-05,True,0.018161102446245386
0.46,0.25,0.854132,0.0251416666666667,0.0,0.00328614,0.24,1.199928,-2.220446049250313e-16,0.0,0.00332102,bounded_discharge,-0.3457960000000001,-7.374145738481275e-19,8.261903650000011e-05,False,-8.925480193031861e-15
0.46,0.25,0.854132,0.0251416666666667,0.0,0.00328614,0.34,1.199928,-2.220446049250313e-16,0.0,0.00507491,bounded_discharge,-0.3457960000000001,-1.1268563859800907e-18,8.261903650000011e-05,False,-1.363918575811628e-14
0.46,0.25,0.854132,0.0251416666666667,0.0,0.00328614,0.46,1.199928,0.0,0.0,0.00657842,bounded_discharge,-0.3457960000000001,0.0,8.261903650000011e-05,False,0.0
0.46,0.25,0.854132,0.0251416666666667,0.0,0.00328614,0.58,1.199928,0.0,0.0,0.00742333,bounded_discharge,-0.3457960000000001,0.0,8.261903650000011e-05,False,0.0
0.46,0.25,0.854132,0.0251416666666667,0.0,0.00328614,0.7,1.199928,0.0,0.0,0.00766575,bounded_discharge,-0.3457960000000001,0.0,8.261903650000011e-05,False,0.0
0.46,0.25,0.854132,0.0251416666666667,0.0,0.00328614,0.82,1.199928,0.0,0.0,0.00776357,bounded_discharge,-0.3457960000000001,0.0,8.261903650000011e-05,False,0.0
0.46,0.25,0.854132,0.0251416666666667,0.0,0.00328614,0.94,1.199928,-2.220446049250313e-16,0.0,0.00782758,bounded_discharge,-0.3457960000000001,-1.7380719086190767e-18,8.261903650000011e-05,False,-2.103718443411131e-14
0.46,0.25,0.854132,0.0251416666666667,0.0,0.00328614,1.06,1.199928,2.220446049250313e-16,0.0,0.00784851,bounded_discharge,-0.3457960000000001,1.7427193022001574e-18,8.261903650000011e-05,True,2.109343531499735e-14
0.46,0.25,0.854132,0.0251416666666667,0.0,0.00328614,1.15,1.199928,0.0,0.0,0.00784919,bounded_discharge,-0.3457960000000001,0.0,8.261903650000011e-05,False,0.0
0.58,0.25,0.854132,0.0,0.0,0.00380994,0.05,0.0003795848,0.0,0.0,-0.00125181,bounded_discharge,0.8537524152,0.0,0.0,False,
0.58,0.25,0.854132,0.0,0.0,0.00380994,0.1,0.0003795848,2.271871998484849,0.0,0.000109544,bounded_discharge,0.8537524152,0.00024886994620202426,0.0,False,0.0
0.58,0.25,0.854132,0.0,0.0,0.00380994,0.16,1.199928,2.856067655238096,0.0,0.00159283,bounded_discharge,-0.3457960000000001,0.004549230243292897,0.0,False,0.0
0.58,0.25,0.854132,0.0,0.0,0.00380994,0.24,1.199928,-2.220446049250313e-16,0.0,0.00332102,bounded_discharge,-0.3457960000000001,-7.374145738481275e-19,0.0,False,
0.58,0.25,0.854132,0.0,0.0,0.00380994,0.34,1.199928,-2.220446049250313e-16,0.0,0.00507491,bounded_discharge,-0.3457960000000001,-1.1268563859800907e-18,0.0,False,
0.58,0.25,0.854132,0.0,0.0,0.00380994,0.46,1.199928,0.0,0.0,0.00657842,bounded_discharge,-0.3457960000000001,0.0,0.0,False,
0.58,0.25,0.854132,0.0,0.0,0.00380994,0.58,1.199928,0.0,0.0,0.00742333,bounded_discharge,-0.3457960000000001,0.0,0.0,False,
0.58,0.25,0.854132,0.0,0.0,0.00380994,0.7,1.199928,0.0,0.0,0.00766575,bounded_discharge,-0.3457960000000001,0.0,0.0,False,
0.58,0.25,0.854132,0.0,0.0,0.00380994,0.82,1.199928,0.0,0.0,0.00776357,bounded_discharge,-0.3457960000000001,0.0,0.0,False,
0.58,0.25,0.854132,0.0,0.0,0.00380994,0.94,1.199928,-2.220446049250313e-16,0.0,0.00782758,bounded_discharge,-0.3457960000000001,-1.7380719086190767e-18,0.0,False,
0.58,0.25,0.854132,0.0,0.0,0.00380994,1.06,1.199928,2.220446049250313e-16,0.0,0.00784851,bounded_discharge,-0.3457960000000001,1.7427193022001574e-18,0.0,False,0.0
0.58,0.25,0.854132,0.0,0.0,0.00380994,1.15,1.199928,0.0,0.0,0.00784919,bounded_discharge,-0.3457960000000001,0.0,0.0,False,
0.7,0.25,0.854132,0.0,0.0,0.00393976,0.05,0.0003795848,0.0,0.0,-0.00125181,bounded_discharge,0.8537524152,0.0,0.0,False,
0.7,0.25,0.854132,0.0,0.0,0.00393976,0.1,0.0003795848,2.271871998484849,0.0,0.000109544,bounded_discharge,0.8537524152,0.00024886994620202426,0.0,False,0.0
0.7,0.25,0.854132,0.0,0.0,0.00393976,0.16,1.199928,2.856067655238096,0.0,0.00159283,bounded_discharge,-0.3457960000000001,0.004549230243292897,0.0,False,0.0
0.7,0.25,0.854132,0.0,0.0,0.00393976,0.24,1.199928,-2.220446049250313e-16,0.0,0.00332102,bounded_discharge,-0.3457960000000001,-7.374145738481275e-19,0.0,False,
0.7,0.25,0.854132,0.0,0.0,0.00393976,0.34,1.199928,-2.220446049250313e-16,0.0,0.00507491,bounded_discharge,-0.3457960000000001,-1.1268563859800907e-18,0.0,False,
0.7,0.25,0.854132,0.0,0.0,0.00393976,0.46,1.199928,0.0,0.0,0.00657842,bounded_discharge,-0.3457960000000001,0.0,0.0,False,
0.7,0.25,0.854132,0.0,0.0,0.00393976,0.58,1.199928,0.0,0.0,0.00742333,bounded_discharge,-0.3457960000000001,0.0,0.0,False,
0.7,0.25,0.854132,0.0,0.0,0.00393976,0.7,1.199928,0.0,0.0,0.00766575,bounded_discharge,-0.3457960000000001,0.0,0.0,False,
0.7,0.25,0.854132,0.0,0.0,0.00393976,0.82,1.199928,0.0,0.0,0.00776357,bounded_discharge,-0.3457960000000001,0.0,0.0,False,
0.7,0.25,0.854132,0.0,0.0,0.00393976,0.94,1.199928,-2.220446049250313e-16,0.0,0.00782758,bounded_discharge,-0.3457960000000001,-1.7380719086190767e-18,0.0,False,
0.7,0.25,0.854132,0.0,0.0,0.00393976,1.06,1.199928,2.220446049250313e-16,0.0,0.00784851,bounded_discharge,-0.3457960000000001,1.7427193022001574e-18,0.0,False,0.0
0.7,0.25,0.854132,0.0,0.0,0.00393976,1.15,1.199928,0.0,0.0,0.00784919,bounded_discharge,-0.3457960000000001,0.0,0.0,False,
0.82,0.25,0.854132,0.0,0.0,0.00404922,0.05,0.0003795848,0.0,0.0,-0.00125181,bounded_discharge,0.8537524152,0.0,0.0,False,
0.82,0.25,0.854132,0.0,0.0,0.00404922,0.1,0.0003795848,2.271871998484849,0.0,0.000109544,bounded_discharge,0.8537524152,0.00024886994620202426,0.0,False,0.0
0.82,0.25,0.854132,0.0,0.0,0.00404922,0.16,1.199928,2.856067655238096,0.0,0.00159283,bounded_discharge,-0.3457960000000001,0.004549230243292897,0.0,False,0.0
0.82,0.25,0.854132,0.0,0.0,0.00404922,0.24,1.199928,-2.220446049250313e-16,0.0,0.00332102,bounded_discharge,-0.3457960000000001,-7.374145738481275e-19,0.0,False,
0.82,0.25,0.854132,0.0,0.0,0.00404922,0.34,1.199928,-2.220446049250313e-16,0.0,0.00507491,bounded_discharge,-0.3457960000000001,-1.1268563859800907e-18,0.0,False,
0.82,0.25,0.854132,0.0,0.0,0.00404922,0.46,1.199928,0.0,0.0,0.00657842,bounded_discharge,-0.3457960000000001,0.0,0.0,False,
0.82,0.25,0.854132,0.0,0.0,0.00404922,0.58,1.199928,0.0,0.0,0.00742333,bounded_discharge,-0.3457960000000001,0.0,0.0,False,
0.82,0.25,0.854132,0.0,0.0,0.00404922,0.7,1.199928,0.0,0.0,0.00766575,bounded_discharge,-0.3457960000000001,0.0,0.0,False,
0.82,0.25,0.854132,0.0,0.0,0.00404922,0.82,1.199928,0.0,0.0,0.00776357,bounded_discharge,-0.3457960000000001,0.0,0.0,False,
0.82,0.25,0.854132,0.0,0.0,0.00404922,0.94,1.199928,-2.220446049250313e-16,0.0,0.00782758,bounded_discharge,-0.3457960000000001,-1.7380719086190767e-18,0.0,False,
0.82,0.25,0.854132,0.0,0.0,0.00404922,1.06,1.199928,2.220446049250313e-16,0.0,0.00784851,bounded_discharge,-0.3457960000000001,1.7427193022001574e-18,0.0,False,0.0
0.82,0.25,0.854132,0.0,0.0,0.00404922,1.15,1.199928,0.0,0.0,0.00784919,bounded_discharge,-0.3457960000000001,0.0,0.0,False,
0.94,0.25,0.854132,0.0,0.0,0.00412665,0.05,0.0003795848,0.0,0.0,-0.00125181,bounded_discharge,0.8537524152,0.0,0.0,False,
0.94,0.25,0.854132,0.0,0.0,0.00412665,0.1,0.0003795848,2.271871998484849,0.0,0.000109544,bounded_discharge,0.8537524152,0.00024886994620202426,0.0,False,0.0
0.94,0.25,0.854132,0.0,0.0,0.00412665,0.16,1.199928,2.856067655238096,0.0,0.00159283,bounded_discharge,-0.3457960000000001,0.004549230243292897,0.0,False,0.0
0.94,0.25,0.854132,0.0,0.0,0.00412665,0.24,1.199928,-2.220446049250313e-16,0.0,0.00332102,bounded_discharge,-0.3457960000000001,-7.374145738481275e-19,0.0,False,
0.94,0.25,0.854132,0.0,0.0,0.00412665,0.34,1.199928,-2.220446049250313e-16,0.0,0.00507491,bounded_discharge,-0.3457960000000001,-1.1268563859800907e-18,0.0,False,
0.94,0.25,0.854132,0.0,0.0,0.00412665,0.46,1.199928,0.0,0.0,0.00657842,bounded_discharge,-0.3457960000000001,0.0,0.0,False,
0.94,0.25,0.854132,0.0,0.0,0.00412665,0.58,1.199928,0.0,0.0,0.00742333,bounded_discharge,-0.3457960000000001,0.0,0.0,False,
0.94,0.25,0.854132,0.0,0.0,0.00412665,0.7,1.199928,0.0,0.0,0.00766575,bounded_discharge,-0.3457960000000001,0.0,0.0,False,
0.94,0.25,0.854132,0.0,0.0,0.00412665,0.82,1.199928,0.0,0.0,0.00776357,bounded_discharge,-0.3457960000000001,0.0,0.0,False,
0.94,0.25,0.854132,0.0,0.0,0.00412665,0.94,1.199928,-2.220446049250313e-16,0.0,0.00782758,bounded_discharge,-0.3457960000000001,-1.7380719086190767e-18,0.0,False,
0.94,0.25,0.854132,0.0,0.0,0.00412665,1.06,1.199928,2.220446049250313e-16,0.0,0.00784851,bounded_discharge,-0.3457960000000001,1.7427193022001574e-18,0.0,False,0.0
0.94,0.25,0.854132,0.0,0.0,0.00412665,1.15,1.199928,0.0,0.0,0.00784919,bounded_discharge,-0.3457960000000001,0.0,0.0,False,
1.06,0.25,0.854132,2.220446049250313e-16,0.0,0.00415115,0.05,0.0003795848,0.0,0.0,-0.00125181,bounded_discharge,0.8537524152,0.0,9.217404617345437e-19,False,0.0
1.06,0.25,0.854132,2.220446049250313e-16,0.0,0.00415115,0.1,0.0003795848,2.271871998484849,0.0,0.000109544,bounded_discharge,0.8537524152,0.00024886994620202426,9.217404617345437e-19,True,3.703703383237387e-15
1.06,0.25,0.854132,2.220446049250313e-16,0.0,0.00415115,0.16,1.199928,2.856067655238096,0.0,0.00159283,bounded_discharge,-0.3457960000000001,0.004549230243292897,9.217404617345437e-19,True,2.0261459905079563e-16
1.06,0.25,0.854132,2.220446049250313e-16,0.0,0.00415115,0.24,1.199928,-2.220446049250313e-16,0.0,0.00332102,bounded_discharge,-0.3457960000000001,-7.374145738481275e-19,9.217404617345437e-19,False,-0.8000240897100803
1.06,0.25,0.854132,2.220446049250313e-16,0.0,0.00415115,0.34,1.199928,-2.220446049250313e-16,0.0,0.00507491,bounded_discharge,-0.3457960000000001,-1.1268563859800907e-18,9.217404617345437e-19,False,-1.2225311058381412
1.06,0.25,0.854132,2.220446049250313e-16,0.0,0.00415115,0.46,1.199928,0.0,0.0,0.00657842,bounded_discharge,-0.3457960000000001,0.0,9.217404617345437e-19,False,0.0
1.06,0.25,0.854132,2.220446049250313e-16,0.0,0.00415115,0.58,1.199928,0.0,0.0,0.00742333,bounded_discharge,-0.3457960000000001,0.0,9.217404617345437e-19,False,0.0
1.06,0.25,0.854132,2.220446049250313e-16,0.0,0.00415115,0.7,1.199928,0.0,0.0,0.00766575,bounded_discharge,-0.3457960000000001,0.0,9.217404617345437e-19,False,0.0
1.06,0.25,0.854132,2.220446049250313e-16,0.0,0.00415115,0.82,1.199928,0.0,0.0,0.00776357,bounded_discharge,-0.3457960000000001,0.0,9.217404617345437e-19,False,0.0
1.06,0.25,0.854132,2.220446049250313e-16,0.0,0.00415115,0.94,1.199928,-2.220446049250313e-16,0.0,0.00782758,bounded_discharge,-0.3457960000000001,-1.7380719086190767e-18,9.217404617345437e-19,False,-1.885641328306614
1.06,0.25,0.854132,2.220446049250313e-16,0.0,0.00415115,1.06,1.199928,2.220446049250313e-16,0.0,0.00784851,bounded_discharge,-0.3457960000000001,1.7427193022001574e-18,9.217404617345437e-19,True,0.5289093089006703
1.06,0.25,0.854132,2.220446049250313e-16,0.0,0.00415115,1.15,1.199928,0.0,0.0,0.00784919,bounded_discharge,-0.3457960000000001,0.0,9.217404617345437e-19,False,0.0
1.15,0.25,0.854132,0.0,0.0,0.00415163,0.05,0.0003795848,0.0,0.0,-0.00125181,bounded_discharge,0.8537524152,0.0,0.0,False,
1.15,0.25,0.854132,0.0,0.0,0.00415163,0.1,0.0003795848,2.271871998484849,0.0,0.000109544,bounded_discharge,0.8537524152,0.00024886994620202426,0.0,False,0.0
1.15,0.25,0.854132,0.0,0.0,0.00415163,0.16,1.199928,2.856067655238096,0.0,0.00159283,bounded_discharge,-0.3457960000000001,0.004549230243292897,0.0,False,0.0
1.15,0.25,0.854132,0.0,0.0,0.00415163,0.24,1.199928,-2.220446049250313e-16,0.0,0.00332102,bounded_discharge,-0.3457960000000001,-7.374145738481275e-19,0.0,False,
1.15,0.25,0.854132,0.0,0.0,0.00415163,0.34,1.199928,-2.220446049250313e-16,0.0,0.00507491,bounded_discharge,-0.3457960000000001,-1.1268563859800907e-18,0.0,False,
1.15,0.25,0.854132,0.0,0.0,0.00415163,0.46,1.199928,0.0,0.0,0.00657842,bounded_discharge,-0.3457960000000001,0.0,0.0,False,
1.15,0.25,0.854132,0.0,0.0,0.00415163,0.58,1.199928,0.0,0.0,0.00742333,bounded_discharge,-0.3457960000000001,0.0,0.0,False,
1.15,0.25,0.854132,0.0,0.0,0.00415163,0.7,1.199928,0.0,0.0,0.00766575,bounded_discharge,-0.3457960000000001,0.0,0.0,False,
1.15,0.25,0.854132,0.0,0.0,0.00415163,0.82,1.199928,0.0,0.0,0.00776357,bounded_discharge,-0.3457960000000001,0.0,0.0,False,
1.15,0.25,0.854132,0.0,0.0,0.00415163,0.94,1.199928,-2.220446049250313e-16,0.0,0.00782758,bounded_discharge,-0.3457960000000001,-1.7380719086190767e-18,0.0,False,
1.15,0.25,0.854132,0.0,0.0,0.00415163,1.06,1.199928,2.220446049250313e-16,0.0,0.00784851,bounded_discharge,-0.3457960000000001,1.7427193022001574e-18,0.0,False,0.0
1.15,0.25,0.854132,0.0,0.0,0.00415163,1.15,1.199928,0.0,0.0,0.00784919,bounded_discharge,-0.3457960000000001,0.0,0.0,False,
0.05,0.5,-7.774719999999999e-112,-3.403979999999999e-111,0.0,-0.00432693,0.05,0.000189896,-1.99999999986886e-09,0.0,-0.00125181,bounded_discharge,-0.000189896,2.5036199998358376e-12,1.4728783181399996e-113,True,5.882994696625591e-102
0.05,0.5,-7.774719999999999e-112,-3.403979999999999e-111,0.0,-0.00432693,0.1,0.0001898958,2.2718716057272728,0.0,0.000109544,bounded_discharge,-0.0001898958,0.00024886990317778834,1.4728783181399996e-113,True,5.918266127534919e-110
0.05,0.5,-7.774719999999999e-112,-3.403979999999999e-111,0.0,-0.00432693,0.16,0.599964,2.8560671628571432,0.0,0.00159283,bounded_discharge,-0.599964,0.004549229459013743,1.4728783181399996e-113,True,3.2376434985526415e-111
0.05,0.5,-7.774719999999999e-112,-3.403979999999999e-111,0.0,-0.00432693,0.24,0.599964,-2.220446049250313e-16,0.0,0.00332102,bounded_discharge,-0.599964,-7.374145738481275e-19,1.4728783181399996e-113,False,-5.006622507549432e+94
0.05,0.5,-7.774719999999999e-112,-3.403979999999999e-111,0.0,-0.00432693,0.34,0.599964,-2.220446049250313e-16,0.0,0.00507491,bounded_discharge,-0.599964,-1.1268563859800907e-18,1.4728783181399996e-113,False,-7.650709309124211e+94
0.05,0.5,-7.774719999999999e-112,-3.403979999999999e-111,0.0,-0.00432693,0.46,0.599964,0.0,0.0,0.00657842,bounded_discharge,-0.599964,0.0,1.4728783181399996e-113,False,0.0
0.05,0.5,-7.774719999999999e-112,-3.403979999999999e-111,0.0,-0.00432693,0.58,0.599964,0.0,0.0,0.00742333,bounded_discharge,-0.599964,0.0,1.4728783181399996e-113,False,0.0
0.05,0.5,-7.774719999999999e-112,-3.403979999999999e-111,0.0,-0.00432693,0.7,0.599964,0.0,0.0,0.00766575,bounded_discharge,-0.599964,0.0,1.4728783181399996e-113,False,0.0
0.05,0.5,-7.774719999999999e-112,-3.403979999999999e-111,0.0,-0.00432693,0.82,0.599964,0.0,0.0,0.00776357,bounded_discharge,-0.599964,0.0,1.4728783181399996e-113,False,0.0
0.05,0.5,-7.774719999999999e-112,-3.403979999999999e-111,0.0,-0.00432693,0.94,0.599964,-2.220446049250313e-16,0.0,0.00782758,bounded_discharge,-0.599964,-1.7380719086190767e-18,1.4728783181399996e-113,False,-1.1800512555673795e+95
0.05,0.5,-7.774719999999999e-112,-3.403979999999999e-111,0.0,-0.00432693,1.06,0.599964,2.220446049250313e-16,0.0,0.00784851,bounded_discharge,-0.599964,1.7427193022001574e-18,1.4728783181399996e-113,True,8.451609598175177e-96
0.05,0.5,-7.774719999999999e-112,-3.403979999999999e-111,0.0,-0.00432693,1.15,0.599964,0.0,0.0,0.00784919,bounded_discharge,-0.599964,0.0,1.4728783181399996e-113,False,0.0
0.1,0.5,-1.11787e-111,0.2843446969696969,0.0,-0.00294403,0.05,0.000189896,-1.99999999986886e-09,0.0,-0.00125181,bounded_discharge,-0.000189896,2.5036199998358376e-12,-0.0008371193182196967,False,-334363568.8621223
0.1,0.5,-1.11787e-111,0.2843446969696969,0.0,-0.00294403,0.1,0.0001898958,2.2718716057272728,0.0,0.000109544,bounded_discharge,-0.0001898958,0.00024886990317778834,-0.0008371193182196967,False,-3.3636824201344795
0.1,0.5,-1.11787e-111,0.2843446969696969,0.0,-0.00294403,0.16,0.599964,2.8560671628571432,0.0,0.00159283,bounded_discharge,-0.599964,0.004549229459013743,-0.0008371193182196967,False,-0.18401343035380352
0.1,0.5,-1.11787e-111,0.2843446969696969,0.0,-0.00294403,0.24,0.599964,-2.220446049250313e-16,0.0,0.00332102,bounded_discharge,-0.599964,-7.374145738481275e-19,-0.0008371193182196967,False,
0.1,0.5,-1.11787e-111,0.2843446969696969,0.0,-0.00294403,0.34,0.599964,-2.220446049250313e-16,0.0,0.00507491,bounded_discharge,-0.599964,-1.1268563859800907e-18,-0.0008371193182196967,False,
0.1,0.5,-1.11787e-111,0.2843446969696969,0.0,-0.00294403,0.46,0.599964,0.0,0.0,0.00657842,bounded_discharge,-0.599964,0.0,-0.0008371193182196967,False,
0.1,0.5,-1.11787e-111,0.2843446969696969,0.0,-0.00294403,0.58,0.599964,0.0,0.0,0.00742333,bounded_discharge,-0.599964,0.0,-0.0008371193182196967,False,
0.1,0.5,-1.11787e-111,0.2843446969696969,0.0,-0.00294403,0.7,0.599964,0.0,0.0,0.00766575,bounded_discharge,-0.599964,0.0,-0.0008371193182196967,False,
0.1,0.5,-1.11787e-111,0.2843446969696969,0.0,-0.00294403,0.82,0.599964,0.0,0.0,0.00776357,bounded_discharge,-0.599964,0.0,-0.0008371193182196967,False,
0.1,0.5,-1.11787e-111,0.2843446969696969,0.0,-0.00294403,0.94,0.599964,-2.220446049250313e-16,0.0,0.00782758,bounded_discharge,-0.599964,-1.7380719086190767e-18,-0.0008371193182196967,False,
0.1,0.5,-1.11787e-111,0.2843446969696969,0.0,-0.00294403,1.06,0.599964,2.220446049250313e-16,0.0,0.00784851,bounded_discharge,-0.599964,1.7427193022001574e-18,-0.0008371193182196967,False,-480352353452931.8
0.1,0.5,-1.11787e-111,0.2843446969696969,0.0,-0.00294403,1.15,0.599964,0.0,0.0,0.00784919,bounded_discharge,-0.599964,0.0,-0.0008371193182196967,False,
0.16,0.5,0.075067,0.761398511904762,0.0,-0.00144727,0.05,0.000189896,-1.99999999986886e-09,0.0,-0.00125181,bounded_discharge,0.074877104,2.5036199998358376e-12,-0.001101949224324405,False,-440142363.61614776
0.16,0.5,0.075067,0.761398511904762,0.0,-0.00144727,0.1,0.0001898958,2.2718716057272728,0.0,0.000109544,bounded_discharge,0.07487710419999999,0.00024886990317778834,-0.001101949224324405,False,-4.427812323843722
0.16,0.5,0.075067,0.761398511904762,0.0,-0.00144727,0.16,0.599964,2.8560671628571432,0.0,0.00159283,bounded_discharge,-0.5248970000000001,0.004549229459013743,-0.001101949224324405,False,-0.2422276638829521
0.16,0.5,0.075067,0.761398511904762,0.0,-0.00144727,0.24,0.599964,-2.220446049250313e-16,0.0,0.00332102,bounded_discharge,-0.5248970000000001,-7.374145738481275e-19,-0.001101949224324405,False,
0.16,0.5,0.075067,0.761398511904762,0.0,-0.00144727,0.34,0.599964,-2.220446049250313e-16,0.0,0.00507491,bounded_discharge,-0.5248970000000001,-1.1268563859800907e-18,-0.001101949224324405,False,
0.16,0.5,0.075067,0.761398511904762,0.0,-0.00144727,0.46,0.599964,0.0,0.0,0.00657842,bounded_discharge,-0.5248970000000001,0.0,-0.001101949224324405,False,
0.16,0.5,0.075067,0.761398511904762,0.0,-0.00144727,0.58,0.599964,0.0,0.0,0.00742333,bounded_discharge,-0.5248970000000001,0.0,-0.001101949224324405,False,
0.16,0.5,0.075067,0.761398511904762,0.0,-0.00144727,0.7,0.599964,0.0,0.0,0.00766575,bounded_discharge,-0.5248970000000001,0.0,-0.001101949224324405,False,
0.16,0.5,0.075067,0.761398511904762,0.0,-0.00144727,0.82,0.599964,0.0,0.0,0.00776357,bounded_discharge,-0.5248970000000001,0.0,-0.001101949224324405,False,
0.16,0.5,0.075067,0.761398511904762,0.0,-0.00144727,0.94,0.599964,-2.220446049250313e-16,0.0,0.00782758,bounded_discharge,-0.5248970000000001,-1.7380719086190767e-18,-0.001101949224324405,False,
0.16,0.5,0.075067,0.761398511904762,0.0,-0.00144727,1.06,0.599964,2.220446049250313e-16,0.0,0.00784851,bounded_discharge,-0.5248970000000001,1.7427193022001574e-18,-0.001101949224324405,False,-632315957557370.5
0.16,0.5,0.075067,0.761398511904762,0.0,-0.00144727,1.15,0.599964,0.0,0.0,0.00784919,bounded_discharge,-0.5248970000000001,0.0,-0.001101949224324405,False,
0.24,0.5,0.22587,0.9439104166666664,0.0,0.000265154,0.05,0.000189896,-1.99999999986886e-09,0.0,-0.00125181,bounded_discharge,0.225680104,2.5036199998358376e-12,0.00025028162262083324,True,1.0003211476811955e-08
0.24,0.5,0.22587,0.9439104166666664,0.0,0.000265154,0.1,0.0001898958,2.2718716057272728,0.0,0.000109544,bounded_discharge,0.22568010419999998,0.00024886990317778834,0.00025028162262083324,True,0.9943594762241749
0.24,0.5,0.22587,0.9439104166666664,0.0,0.000265154,0.16,0.599964,2.8560671628571432,0.0,0.00159283,bounded_discharge,-0.37409400000000004,0.004549229459013743,0.00025028162262083324,True,0.055016267013072016
0.24,0.5,0.22587,0.9439104166666664,0.0,0.000265154,0.24,0.599964,-2.220446049250313e-16,0.0,0.00332102,bounded_discharge,-0.37409400000000004,-7.374145738481275e-19,0.00025028162262083324,False,-2.9463392722416597e-15
0.24,0.5,0.22587,0.9439104166666664,0.0,0.000265154,0.34,0.599964,-2.220446049250313e-16,0.0,0.00507491,bounded_discharge,-0.37409400000000004,-1.1268563859800907e-18,0.00025028162262083324,False,-4.502353685341227e-15
0.24,0.5,0.22587,0.9439104166666664,0.0,0.000265154,0.46,0.599964,0.0,0.0,0.00657842,bounded_discharge,-0.37409400000000004,0.0,0.00025028162262083324,False,0.0
0.24,0.5,0.22587,0.9439104166666664,0.0,0.000265154,0.58,0.599964,0.0,0.0,0.00742333,bounded_discharge,-0.37409400000000004,0.0,0.00025028162262083324,False,0.0
0.24,0.5,0.22587,0.9439104166666664,0.0,0.000265154,0.7,0.599964,0.0,0.0,0.00766575,bounded_discharge,-0.37409400000000004,0.0,0.00025028162262083324,False,0.0
0.24,0.5,0.22587,0.9439104166666664,0.0,0.000265154,0.82,0.599964,0.0,0.0,0.00776357,bounded_discharge,-0.37409400000000004,0.0,0.00025028162262083324,False,0.0
0.24,0.5,0.22587,0.9439104166666664,0.0,0.000265154,0.94,0.599964,-2.220446049250313e-16,0.0,0.00782758,bounded_discharge,-0.37409400000000004,-1.7380719086190767e-18,0.00025028162262083324,False,-6.944464761011186e-15
0.24,0.5,0.22587,0.9439104166666664,0.0,0.000265154,1.06,0.599964,2.220446049250313e-16,0.0,0.00784851,bounded_discharge,-0.37409400000000004,1.7427193022001574e-18,0.00025028162262083324,True,6.963033417920213e-15
0.24,0.5,0.22587,0.9439104166666664,0.0,0.000265154,1.15,0.599964,0.0,0.0,0.00784919,bounded_discharge,-0.37409400000000004,0.0,0.00025028162262083324,False,0.0
0.34,0.5,0.415,0.9471083333333332,0.0,0.00194956,0.05,0.000189896,-1.99999999986886e-09,0.0,-0.00125181,bounded_discharge,0.41481010399999996,2.5036199998358376e-12,0.001846444522333333,True,1.3559140117960535e-09
0.34,0.5,0.415,0.9471083333333332,0.0,0.00194956,0.1,0.0001898958,2.2718716057272728,0.0,0.000109544,bounded_discharge,0.4148101042,0.00024886990317778834,0.001846444522333333,True,0.13478330931020555
0.34,0.5,0.415,0.9471083333333332,0.0,0.00194956,0.16,0.599964,2.8560671628571432,0.0,0.00159283,bounded_discharge,-0.18496400000000007,0.004549229459013743,0.001846444522333333,True,0.40588071869508113
0.34,0.5,0.415,0.9471083333333332,0.0,0.00194956,0.24,0.599964,-2.220446049250313e-16,0.0,0.00332102,bounded_discharge,-0.18496400000000007,-7.374145738481275e-19,0.001846444522333333,False,-3.9937001351996443e-16
0.34,0.5,0.415,0.9471083333333332,0.0,0.00194956,0.34,0.599964,-2.220446049250313e-16,0.0,0.00507491,bounded_discharge,-0.18496400000000007,-1.1268563859800907e-18,0.001846444522333333,False,-6.102844533645093e-16
0.34,0.5,0.415,0.9471083333333332,0.0,0.00194956,0.46,0.599964,0.0,0.0,0.00657842,bounded_discharge,-0.18496400000000007,0.0,0.001846444522333333,False,0.0
0.34,0.5,0.415,0.9471083333333332,0.0,0.00194956,0.58,0.599964,0.0,0.0,0.00742333,bounded_discharge,-0.18496400000000007,0.0,0.001846444522333333,False,0.0
0.34,0.5,0.415,0.9471083333333332,0.0,0.00194956,0.7,0.599964,0.0,0.0,0.00766575,bounded_discharge,-0.18496400000000007,0.0,0.001846444522333333,False,0.0
0.34,0.5,0.415,0.9471083333333332,0.0,0.00194956,0.82,0.599964,0.0,0.0,0.00776357,bounded_discharge,-0.18496400000000007,0.0,0.001846444522333333,False,0.0
0.34,0.5,0.415,0.9471083333333332,0.0,0.00194956,0.94,0.599964,-2.220446049250313e-16,0.0,0.00782758,bounded_discharge,-0.18496400000000007,-1.7380719086190767e-18,0.001846444522333333,False,-9.413074086963052e-16
0.34,0.5,0.415,0.9471083333333332,0.0,0.00194956,1.06,0.599964,2.220446049250313e-16,0.0,0.00784851,bounded_discharge,-0.18496400000000007,1.7427193022001574e-18,0.001846444522333333,True,9.43824350594569e-16
0.34,0.5,0.415,0.9471083333333332,0.0,0.00194956,1.15,0.599964,0.0,0.0,0.00784919,bounded_discharge,-0.18496400000000007,0.0,0.001846444522333333,False,0.0
0.46,0.5,0.642726,0.9503208333333336,0.0,0.00328614,0.05,0.000189896,-1.99999999986886e-09,0.0,-0.00125181,bounded_discharge,0.642536104,2.5036199998358376e-12,0.003122887303250001,True,8.017003998928525e-10
0.46,0.5,0.642726,0.9503208333333336,0.0,0.00328614,0.1,0.0001898958,2.2718716057272728,0.0,0.000109544,bounded_discharge,0.6425361042000001,0.00024886990317778834,0.003122887303250001,True,0.07969224599260705
0.46,0.5,0.642726,0.9503208333333336,0.0,0.00328614,0.16,0.599964,2.8560671628571432,0.0,0.00159283,bounded_discharge,0.04276199999999997,0.004549229459013743,0.003122887303250001,True,0.6864651104952249
0.46,0.5,0.642726,0.9503208333333336,0.0,0.00328614,0.24,0.599964,-2.220446049250313e-16,0.0,0.00332102,bounded_discharge,0.04276199999999997,-7.374145738481275e-19,0.003122887303250001,False,-2.3613230393575114e-16
0.46,0.5,0.642726,0.9503208333333336,0.0,0.00328614,0.34,0.599964,-2.220446049250313e-16,0.0,0.00507491,bounded_discharge,0.04276199999999997,-1.1268563859800907e-18,0.003122887303250001,False,-3.608379927150643e-16
0.46,0.5,0.642726,0.9503208333333336,0.0,0.00328614,0.46,0.599964,0.0,0.0,0.00657842,bounded_discharge,0.04276199999999997,0.0,0.003122887303250001,False,0.0
0.46,0.5,0.642726,0.9503208333333336,0.0,0.00328614,0.58,0.599964,0.0,0.0,0.00742333,bounded_discharge,0.04276199999999997,0.0,0.003122887303250001,False,0.0
0.46,0.5,0.642726,0.9503208333333336,0.0,0.00328614,0.7,0.599964,0.0,0.0,0.00766575,bounded_discharge,0.04276199999999997,0.0,0.003122887303250001,False,0.0
0.46,0.5,0.642726,0.9503208333333336,0.0,0.00328614,0.82,0.599964,0.0,0.0,0.00776357,bounded_discharge,0.04276199999999997,0.0,0.003122887303250001,False,0.0
0.46,0.5,0.642726,0.9503208333333336,0.0,0.00328614,0.94,0.599964,-2.220446049250313e-16,0.0,0.00782758,bounded_discharge,0.04276199999999997,-1.7380719086190767e-18,0.003122887303250001,False,-5.565592798722703e-16
0.46,0.5,0.642726,0.9503208333333336,0.0,0.00328614,1.06,0.599964,2.220446049250313e-16,0.0,0.00784851,bounded_discharge,0.04276199999999997,1.7427193022001574e-18,0.003122887303250001,True,5.580474519162131e-16
0.46,0.5,0.642726,0.9503208333333336,0.0,0.00328614,1.15,0.599964,0.0,0.0,0.00784919,bounded_discharge,0.04276199999999997,0.0,0.003122887303250001,False,0.0
0.58,0.5,0.871154,0.565983333333334,0.0,0.00380994,0.05,0.000189896,-1.99999999986886e-09,0.0,-0.00125181,bounded_discharge,0.870964104,2.5036199998358376e-12,0.0021563625410000024,True,1.161038532358662e-09
0.58,0.5,0.871154,0.565983333333334,0.0,0.00380994,0.1,0.0001898958,2.2718716057272728,0.0,0.000109544,bounded_discharge,0.8709641042,0.00024886990317778834,0.0021563625410000024,True,0.11541190242637779
0.58,0.5,0.871154,0.565983333333334,0.0,0.00380994,0.16,0.599964,2.8560671628571432,0.0,0.00159283,bounded_discharge,0.27118999999999993,0.004549229459013743,0.0021563625410000024,True,0.4740061059631611
0.58,0.5,0.871154,0.565983333333334,0.0,0.00380994,0.24,0.599964,-2.220446049250313e-16,0.0,0.00332102,bounded_discharge,0.27118999999999993,-7.374145738481275e-19,0.0021563625410000024,False,-3.4197151908702473e-16
0.58,0.5,0.871154,0.565983333333334,0.0,0.00380994,0.34,0.599964,-2.220446049250313e-16,0.0,0.00507491,bounded_discharge,0.27118999999999993,-1.1268563859800907e-18,0.0021563625410000024,False,-5.225727884595494e-16
0.58,0.5,0.871154,0.565983333333334,0.0,0.00380994,0.46,0.599964,0.0,0.0,0.00657842,bounded_discharge,0.27118999999999993,0.0,0.0021563625410000024,False,0.0
0.58,0.5,0.871154,0.565983333333334,0.0,0.00380994,0.58,0.599964,0.0,0.0,0.00742333,bounded_discharge,0.27118999999999993,0.0,0.0021563625410000024,False,0.0
0.58,0.5,0.871154,0.565983333333334,0.0,0.00380994,0.7,0.599964,0.0,0.0,0.00766575,bounded_discharge,0.27118999999999993,0.0,0.0021563625410000024,False,0.0
0.58,0.5,0.871154,0.565983333333334,0.0,0.00380994,0.82,0.599964,0.0,0.0,0.00776357,bounded_discharge,0.27118999999999993,0.0,0.0021563625410000024,False,0.0
0.58,0.5,0.871154,0.565983333333334,0.0,0.00380994,0.94,0.599964,-2.220446049250313e-16,0.0,0.00782758,bounded_discharge,0.27118999999999993,-1.7380719086190767e-18,0.0021563625410000024,False,-8.060202658747051e-16
0.58,0.5,0.871154,0.565983333333334,0.0,0.00380994,1.06,0.599964,2.220446049250313e-16,0.0,0.00784851,bounded_discharge,0.27118999999999993,1.7427193022001574e-18,0.0021563625410000024,True,8.081754663536216e-16
0.58,0.5,0.871154,0.565983333333334,0.0,0.00380994,1.15,0.599964,0.0,0.0,0.00784919,bounded_discharge,0.27118999999999993,0.0,0.0021563625410000024,False,0.0
0.7,0.5,0.914398,0.0900916666666669,0.0,0.00393976,0.05,0.000189896,-1.99999999986886e-09,0.0,-0.00125181,bounded_discharge,0.9142081040000001,2.5036199998358376e-12,0.0003549395446666676,True,7.053651917503439e-09
0.7,0.5,0.914398,0.0900916666666669,0.0,0.00393976,0.1,0.0001898958,2.2718716057272728,0.0,0.000109544,bounded_discharge,0.9142081042000001,0.00024886990317778834,0.0003549395446666676,True,0.7011613862622947
0.7,0.5,0.914398,0.0900916666666669,0.0,0.00393976,0.16,0.599964,2.8560671628571432,0.0,0.00159283,bounded_discharge,0.314434,0.004549229459013743,0.0003549395446666676,True,0.07802190411903673
0.7,0.5,0.914398,0.0900916666666669,0.0,0.00393976,0.24,0.599964,-2.220446049250313e-16,0.0,0.00332102,bounded_discharge,0.314434,-7.374145738481275e-19,0.0003549395446666676,False,-2.077577956383112e-15
0.7,0.5,0.914398,0.0900916666666669,0.0,0.00393976,0.34,0.599964,-2.220446049250313e-16,0.0,0.00507491,bounded_discharge,0.314434,-1.1268563859800907e-18,0.0003549395446666676,False,-3.1747839960699478e-15
0.7,0.5,0.914398,0.0900916666666669,0.0,0.00393976,0.46,0.599964,0.0,0.0,0.00657842,bounded_discharge,0.314434,0.0,0.0003549395446666676,False,0.0
0.7,0.5,0.914398,0.0900916666666669,0.0,0.00393976,0.58,0.599964,0.0,0.0,0.00742333,bounded_discharge,0.314434,0.0,0.0003549395446666676,False,0.0
0.7,0.5,0.914398,0.0900916666666669,0.0,0.00393976,0.7,0.599964,0.0,0.0,0.00766575,bounded_discharge,0.314434,0.0,0.0003549395446666676,False,0.0
0.7,0.5,0.914398,0.0900916666666669,0.0,0.00393976,0.82,0.599964,0.0,0.0,0.00776357,bounded_discharge,0.314434,0.0,0.0003549395446666676,False,0.0
0.7,0.5,0.914398,0.0900916666666669,0.0,0.00393976,0.94,0.599964,-2.220446049250313e-16,0.0,0.00782758,bounded_discharge,0.314434,-1.7380719086190767e-18,0.0003549395446666676,False,-4.896811118218294e-15
0.7,0.5,0.914398,0.0900916666666669,0.0,0.00393976,1.06,0.599964,2.220446049250313e-16,0.0,0.00784851,bounded_discharge,0.314434,1.7427193022001574e-18,0.0003549395446666676,True,4.9099045975189594e-15
0.7,0.5,0.914398,0.0900916666666669,0.0,0.00393976,1.15,0.599964,0.0,0.0,0.00784919,bounded_discharge,0.314434,0.0,0.0003549395446666676,False,0.0
0.82,0.5,0.914398,0.0,0.0,0.00404922,0.05,0.000189896,-1.99999999986886e-09,0.0,-0.00125181,bounded_discharge,0.9142081040000001,2.5036199998358376e-12,0.0,False,0.0
0.82,0.5,0.914398,0.0,0.0,0.00404922,0.1,0.0001898958,2.2718716057272728,0.0,0.000109544,bounded_discharge,0.9142081042000001,0.00024886990317778834,0.0,False,0.0
0.82,0.5,0.914398,0.0,0.0,0.00404922,0.16,0.599964,2.8560671628571432,0.0,0.00159283,bounded_discharge,0.314434,0.004549229459013743,0.0,False,0.0
0.82,0.5,0.914398,0.0,0.0,0.00404922,0.24,0.599964,-2.220446049250313e-16,0.0,0.00332102,bounded_discharge,0.314434,-7.374145738481275e-19,0.0,False,
0.82,0.5,0.914398,0.0,0.0,0.00404922,0.34,0.599964,-2.220446049250313e-16,0.0,0.00507491,bounded_discharge,0.314434,-1.1268563859800907e-18,0.0,False,
0.82,0.5,0.914398,0.0,0.0,0.00404922,0.46,0.599964,0.0,0.0,0.00657842,bounded_discharge,0.314434,0.0,0.0,False,
0.82,0.5,0.914398,0.0,0.0,0.00404922,0.58,0.599964,0.0,0.0,0.00742333,bounded_discharge,0.314434,0.0,0.0,False,
0.82,0.5,0.914398,0.0,0.0,0.00404922,0.7,0.599964,0.0,0.0,0.00766575,bounded_discharge,0.314434,0.0,0.0,False,
0.82,0.5,0.914398,0.0,0.0,0.00404922,0.82,0.599964,0.0,0.0,0.00776357,bounded_discharge,0.314434,0.0,0.0,False,
0.82,0.5,0.914398,0.0,0.0,0.00404922,0.94,0.599964,-2.220446049250313e-16,0.0,0.00782758,bounded_discharge,0.314434,-1.7380719086190767e-18,0.0,False,
0.82,0.5,0.914398,0.0,0.0,0.00404922,1.06,0.599964,2.220446049250313e-16,0.0,0.00784851,bounded_discharge,0.314434,1.7427193022001574e-18,0.0,False,0.0
0.82,0.5,0.914398,0.0,0.0,0.00404922,1.15,0.599964,0.0,0.0,0.00784919,bounded_discharge,0.314434,0.0,0.0,False,
0.94,0.5,0.914398,0.0,0.0,0.00412665,0.05,0.000189896,-1.99999999986886e-09,0.0,-0.00125181,bounded_discharge,0.9142081040000001,2.5036199998358376e-12,0.0,False,0.0
0.94,0.5,0.914398,0.0,0.0,0.00412665,0.1,0.0001898958,2.2718716057272728,0.0,0.000109544,bounded_discharge,0.9142081042000001,0.00024886990317778834,0.0,False,0.0
0.94,0.5,0.914398,0.0,0.0,0.00412665,0.16,0.599964,2.8560671628571432,0.0,0.00159283,bounded_discharge,0.314434,0.004549229459013743,0.0,False,0.0
0.94,0.5,0.914398,0.0,0.0,0.00412665,0.24,0.599964,-2.220446049250313e-16,0.0,0.00332102,bounded_discharge,0.314434,-7.374145738481275e-19,0.0,False,
0.94,0.5,0.914398,0.0,0.0,0.00412665,0.34,0.599964,-2.220446049250313e-16,0.0,0.00507491,bounded_discharge,0.314434,-1.1268563859800907e-18,0.0,False,
0.94,0.5,0.914398,0.0,0.0,0.00412665,0.46,0.599964,0.0,0.0,0.00657842,bounded_discharge,0.314434,0.0,0.0,False,
0.94,0.5,0.914398,0.0,0.0,0.00412665,0.58,0.599964,0.0,0.0,0.00742333,bounded_discharge,0.314434,0.0,0.0,False,
0.94,0.5,0.914398,0.0,0.0,0.00412665,0.7,0.599964,0.0,0.0,0.00766575,bounded_discharge,0.314434,0.0,0.0,False,
0.94,0.5,0.914398,0.0,0.0,0.00412665,0.82,0.599964,0.0,0.0,0.00776357,bounded_discharge,0.314434,0.0,0.0,False,
0.94,0.5,0.914398,0.0,0.0,0.00412665,0.94,0.599964,-2.220446049250313e-16,0.0,0.00782758,bounded_discharge,0.314434,-1.7380719086190767e-18,0.0,False,
0.94,0.5,0.914398,0.0,0.0,0.00412665,1.06,0.599964,2.220446049250313e-16,0.0,0.00784851,bounded_discharge,0.314434,1.7427193022001574e-18,0.0,False,0.0
0.94,0.5,0.914398,0.0,0.0,0.00412665,1.15,0.599964,0.0,0.0,0.00784919,bounded_discharge,0.314434,0.0,0.0,False,
1.06,0.5,0.914398,4.440892098500626e-16,0.0,0.00415115,0.05,0.000189896,-1.99999999986886e-09,0.0,-0.00125181,bounded_discharge,0.9142081040000001,2.5036199998358376e-12,1.8434809234690875e-18,True,7.363261691430667e-07
1.06,0.5,0.914398,4.440892098500626e-16,0.0,0.00415115,0.1,0.0001898958,2.2718716057272728,0.0,0.000109544,bounded_discharge,0.9142081042000001,0.00024886990317778834,1.8434809234690875e-18,True,7.40740804705556e-15
1.06,0.5,0.914398,4.440892098500626e-16,0.0,0.00415115,0.16,0.599964,2.8560671628571432,0.0,0.00159283,bounded_discharge,0.314434,0.004549229459013743,1.8434809234690875e-18,True,4.0522926796239197e-16
1.06,0.5,0.914398,4.440892098500626e-16,0.0,0.00415115,0.24,0.599964,-2.220446049250313e-16,0.0,0.00332102,bounded_discharge,0.314434,-7.374145738481275e-19,1.8434809234690875e-18,False,-0.40001204485504016
1.06,0.5,0.914398,4.440892098500626e-16,0.0,0.00415115,0.34,0.599964,-2.220446049250313e-16,0.0,0.00507491,bounded_discharge,0.314434,-1.1268563859800907e-18,1.8434809234690875e-18,False,-0.6112655529190706
1.06,0.5,0.914398,4.440892098500626e-16,0.0,0.00415115,0.46,0.599964,0.0,0.0,0.00657842,bounded_discharge,0.314434,0.0,1.8434809234690875e-18,False,0.0
1.06,0.5,0.914398,4.440892098500626e-16,0.0,0.00415115,0.58,0.599964,0.0,0.0,0.00742333,bounded_discharge,0.314434,0.0,1.8434809234690875e-18,False,0.0
1.06,0.5,0.914398,4.440892098500626e-16,0.0,0.00415115,0.7,0.599964,0.0,0.0,0.00766575,bounded_discharge,0.314434,0.0,1.8434809234690875e-18,False,0.0
1.06,0.5,0.914398,4.440892098500626e-16,0.0,0.00415115,0.82,0.599964,0.0,0.0,0.00776357,bounded_discharge,0.314434,0.0,1.8434809234690875e-18,False,0.0
1.06,0.5,0.914398,4.440892098500626e-16,0.0,0.00415115,0.94,0.599964,-2.220446049250313e-16,0.0,0.00782758,bounded_discharge,0.314434,-1.7380719086190767e-18,1.8434809234690875e-18,False,-0.942820664153307
1.06,0.5,0.914398,4.440892098500626e-16,0.0,0.00415115,1.06,0.599964,2.220446049250313e-16,0.0,0.00784851,bounded_discharge,0.314434,1.7427193022001574e-18,1.8434809234690875e-18,True,0.9453416523132143
1.06,0.5,0.914398,4.440892098500626e-16,0.0,0.00415115,1.15,0.599964,0.0,0.0,0.00784919,bounded_discharge,0.314434,0.0,1.8434809234690875e-18,False,0.0
1.15,0.5,0.914398,0.0,0.0,0.00415163,0.05,0.000189896,-1.99999999986886e-09,0.0,-0.00125181,bounded_discharge,0.9142081040000001,2.5036199998358376e-12,0.0,False,0.0
1.15,0.5,0.914398,0.0,0.0,0.00415163,0.1,0.0001898958,2.2718716057272728,0.0,0.000109544,bounded_discharge,0.9142081042000001,0.00024886990317778834,0.0,False,0.0
1.15,0.5,0.914398,0.0,0.0,0.00415163,0.16,0.599964,2.8560671628571432,0.0,0.00159283,bounded_discharge,0.314434,0.004549229459013743,0.0,False,0.0
1.15,0.5,0.914398,0.0,0.0,0.00415163,0.24,0.599964,-2.220446049250313e-16,0.0,0.00332102,bounded_discharge,0.314434,-7.374145738481275e-19,0.0,False,
1.15,0.5,0.914398,0.0,0.0,0.00415163,0.34,0.599964,-2.220446049250313e-16,0.0,0.00507491,bounded_discharge,0.314434,-1.1268563859800907e-18,0.0,False,
1.15,0.5,0.914398,0.0,0.0,0.00415163,0.46,0.599964,0.0,0.0,0.00657842,bounded_discharge,0.314434,0.0,0.0,False,
1.15,0.5,0.914398,0.0,0.0,0.00415163,0.58,0.599964,0.0,0.0,0.00742333,bounded_discharge,0.314434,0.0,0.0,False,
1.15,0.5,0.914398,0.0,0.0,0.00415163,0.7,0.599964,0.0,0.0,0.00766575,bounded_discharge,0.314434,0.0,0.0,False,
1.15,0.5,0.914398,0.0,0.0,0.00415163,0.82,0.599964,0.0,0.0,0.00776357,bounded_discharge,0.314434,0.0,0.0,False,
1.15,0.5,0.914398,0.0,0.0,0.00415163,0.94,0.599964,-2.220446049250313e-16,0.0,0.00782758,bounded_discharge,0.314434,-1.7380719086190767e-18,0.0,False,
1.15,0.5,0.914398,0.0,0.0,0.00415163,1.06,0.599964,2.220446049250313e-16,0.0,0.00784851,bounded_discharge,0.314434,1.7427193022001574e-18,0.0,False,0.0
1.15,0.5,0.914398,0.0,0.0,0.00415163,1.15,0.599964,0.0,0.0,0.00784919,bounded_discharge,0.314434,0.0,0.0,False,
0.05,0.75,1.042444e-101,-1.56124844e-100,0.0,-0.00432693,0.05,0.0001265976,0.0,0.0,-0.00125181,bounded_discharge,-0.0001265976,-0.0,6.755412712489199e-103,False,-0.0
0.05,0.75,1.042444e-101,-1.56124844e-100,0.0,-0.00432693,0.1,0.0001265976,2.271871604545455,0.0,0.000109544,bounded_discharge,-0.0001265976,0.0002488699030483273,6.755412712489199e-103,True,2.7144353856148633e-99
0.05,0.75,1.042444e-101,-1.56124844e-100,0.0,-0.00432693,0.16,0.399976,2.8560671600000003,0.0,0.00159283,bounded_discharge,-0.399976,0.0045492294544628,6.755412712489199e-103,True,1.4849575692125465e-100
0.05,0.75,1.042444e-101,-1.56124844e-100,0.0,-0.00432693,0.24,0.399976,-2.220446049250313e-16,0.0,0.00332102,bounded_discharge,-0.399976,-7.374145738481275e-19,6.755412712489199e-103,False,-1.0915907069375913e+84
0.05,0.75,1.042444e-101,-1.56124844e-100,0.0,-0.00432693,0.34,0.399976,-2.220446049250313e-16,0.0,0.00507491,bounded_discharge,-0.399976,-1.1268563859800907e-18,6.755412712489199e-103,False,-1.668079263161514e+84
0.05,0.75,1.042444e-101,-1.56124844e-100,0.0,-0.00432693,0.46,0.399976,0.0,0.0,0.00657842,bounded_discharge,-0.399976,0.0,6.755412712489199e-103,False,0.0
0.05,0.75,1.042444e-101,-1.56124844e-100,0.0,-0.00432693,0.58,0.399976,0.0,0.0,0.00742333,bounded_discharge,-0.399976,0.0,6.755412712489199e-103,False,0.0
0.05,0.75,1.042444e-101,-1.56124844e-100,0.0,-0.00432693,0.7,0.399976,0.0,0.0,0.00766575,bounded_discharge,-0.399976,0.0,6.755412712489199e-103,False,0.0
0.05,0.75,1.042444e-101,-1.56124844e-100,0.0,-0.00432693,0.82,0.399976,0.0,0.0,0.00776357,bounded_discharge,-0.399976,0.0,6.755412712489199e-103,False,0.0
0.05,0.75,1.042444e-101,-1.56124844e-100,0.0,-0.00432693,0.94,0.399976,-2.220446049250313e-16,0.0,0.00782758,bounded_discharge,-0.399976,-1.7380719086190767e-18,6.755412712489199e-103,False,-2.572858213985628e+84
0.05,0.75,1.042444e-101,-1.56124844e-100,0.0,-0.00432693,1.06,0.399976,2.220446049250313e-16,0.0,0.00784851,bounded_discharge,-0.399976,1.7427193022001574e-18,6.755412712489199e-103,True,3.8763630516748107e-85
0.05,0.75,1.042444e-101,-1.56124844e-100,0.0,-0.00432693,1.15,0.399976,0.0,0.0,0.00784919,bounded_discharge,-0.399976,0.0,6.755412712489199e-103,False,0.0
0.1,0.75,1.6117066666666666e-104,0.2843484848484848,0.0,-0.00294403,0.05,0.0001265976,0.0,0.0,-0.00125181,bounded_discharge,-0.0001265976,0.0,-0.0008371304698484846,False,
0.1,0.75,1.6117066666666666e-104,0.2843484848484848,0.0,-0.00294403,0.1,0.0001265976,2.271871604545455,0.0,0.000109544,bounded_discharge,-0.0001265976,0.0002488699030483273,-0.0008371304698484846,False,-3.363727230953776
0.1,0.75,1.6117066666666666e-104,0.2843484848484848,0.0,-0.00294403,0.16,0.399976,2.8560671600000003,0.0,0.00159283,bounded_discharge,-0.399976,0.0045492294544628,-0.0008371304698484846,False,-0.1840158818604453
0.1,0.75,1.6117066666666666e-104,0.2843484848484848,0.0,-0.00294403,0.24,0.399976,-2.220446049250313e-16,0.0,0.00332102,bounded_discharge,-0.399976,-7.374145738481275e-19,-0.0008371304698484846,False,
0.1,0.75,1.6117066666666666e-104,0.2843484848484848,0.0,-0.00294403,0.34,0.399976,-2.220446049250313e-16,0.0,0.00507491,bounded_discharge,-0.399976,-1.1268563859800907e-18,-0.0008371304698484846,False,
0.1,0.75,1.6117066666666666e-104,0.2843484848484848,0.0,-0.00294403,0.46,0.399976,0.0,0.0,0.00657842,bounded_discharge,-0.399976,0.0,-0.0008371304698484846,False,
0.1,0.75,1.6117066666666666e-104,0.2843484848484848,0.0,-0.00294403,0.58,0.399976,0.0,0.0,0.00742333,bounded_discharge,-0.399976,0.0,-0.0008371304698484846,False,
0.1,0.75,1.6117066666666666e-104,0.2843484848484848,0.0,-0.00294403,0.7,0.399976,0.0,0.0,0.00766575,bounded_discharge,-0.399976,0.0,-0.0008371304698484846,False,
0.1,0.75,1.6117066666666666e-104,0.2843484848484848,0.0,-0.00294403,0.82,0.399976,0.0,0.0,0.00776357,bounded_discharge,-0.399976,0.0,-0.0008371304698484846,False,
0.1,0.75,1.6117066666666666e-104,0.2843484848484848,0.0,-0.00294403,0.94,0.399976,-2.220446049250313e-16,0.0,0.00782758,bounded_discharge,-0.399976,-1.7380719086190767e-18,-0.0008371304698484846,False,
0.1,0.75,1.6117066666666666e-104,0.2843484848484848,0.0,-0.00294403,1.06,0.399976,2.220446049250313e-16,0.0,0.00784851,bounded_discharge,-0.399976,1.7427193022001574e-18,-0.0008371304698484846,False,-480358752434554.3
0.1,0.75,1.6117066666666666e-104,0.2843484848484848,0.0,-0.00294403,1.15,0.399976,0.0,0.0,0.00784919,bounded_discharge,-0.399976,0.0,-0.0008371304698484846,False,
0.16,0.75,0.0500453333333333,0.7614059523809524,0.0,-0.00144727,0.05,0.0001265976,0.0,0.0,-0.00125181,bounded_discharge,0.0499187357333333,0.0,-0.001101959992702381,False,
0.16,0.75,0.0500453333333333,0.7614059523809524,0.0,-0.00144727,0.1,0.0001265976,2.271871604545455,0.0,0.000109544,bounded_discharge,0.0499187357333333,0.0002488699030483273,-0.001101959992702381,False,-4.4278555952520895
0.16,0.75,0.0500453333333333,0.7614059523809524,0.0,-0.00144727,0.16,0.399976,2.8560671600000003,0.0,0.00159283,bounded_discharge,-0.3499306666666667,0.0045492294544628,-0.001101959992702381,False,-0.24223003120261538
0.16,0.75,0.0500453333333333,0.7614059523809524,0.0,-0.00144727,0.24,0.399976,-2.220446049250313e-16,0.0,0.00332102,bounded_discharge,-0.3499306666666667,-7.374145738481275e-19,-0.001101959992702381,False,
0.16,0.75,0.0500453333333333,0.7614059523809524,0.0,-0.00144727,0.34,0.399976,-2.220446049250313e-16,0.0,0.00507491,bounded_discharge,-0.3499306666666667,-1.1268563859800907e-18,-0.001101959992702381,False,
0.16,0.75,0.0500453333333333,0.7614059523809524,0.0,-0.00144727,0.46,0.399976,0.0,0.0,0.00657842,bounded_discharge,-0.3499306666666667,0.0,-0.001101959992702381,False,
0.16,0.75,0.0500453333333333,0.7614059523809524,0.0,-0.00144727,0.58,0.399976,0.0,0.0,0.00742333,bounded_discharge,-0.3499306666666667,0.0,-0.001101959992702381,False,
0.16,0.75,0.0500453333333333,0.7614059523809524,0.0,-0.00144727,0.7,0.399976,0.0,0.0,0.00766575,bounded_discharge,-0.3499306666666667,0.0,-0.001101959992702381,False,
0.16,0.75,0.0500453333333333,0.7614059523809524,0.0,-0.00144727,0.82,0.399976,0.0,0.0,0.00776357,bounded_discharge,-0.3499306666666667,0.0,-0.001101959992702381,False,
0.16,0.75,0.0500453333333333,0.7614059523809524,0.0,-0.00144727,0.94,0.399976,-2.220446049250313e-16,0.0,0.00782758,bounded_discharge,-0.3499306666666667,-1.7380719086190767e-18,-0.001101959992702381,False,
0.16,0.75,0.0500453333333333,0.7614059523809524,0.0,-0.00144727,1.06,0.399976,2.220446049250313e-16,0.0,0.00784851,bounded_discharge,-0.3499306666666667,1.7427193022001574e-18,-0.001101959992702381,False,-632322136623593.2
0.16,0.75,0.0500453333333333,0.7614059523809524,0.0,-0.00144727,1.15,0.399976,0.0,0.0,0.00784919,bounded_discharge,-0.3499306666666667,0.0,-0.001101959992702381,False,
0.24,0.75,0.1505813333333333,0.9439138888888888,0.0,0.000265154,0.05,0.0001265976,0.0,0.0,-0.00125181,bounded_discharge,0.1504547357333333,0.0,0.0002502825432944444,False,0.0
0.24,0.75,0.1505813333333333,0.9439138888888888,0.0,0.000265154,0.1,0.0001265976,2.271871604545455,0.0,0.000109544,bounded_discharge,0.1504547357333333,0.0002488699030483273,0.0002502825432944444,True,0.9943558179187302
0.24,0.75,0.1505813333333333,0.9439138888888888,0.0,0.000265154,0.16,0.399976,2.8560671600000003,0.0,0.00159283,bounded_discharge,-0.2493946666666667,0.0045492294544628,0.0002502825432944444,True,0.055016469448230826
0.24,0.75,0.1505813333333333,0.9439138888888888,0.0,0.000265154,0.24,0.399976,-2.220446049250313e-16,0.0,0.00332102,bounded_discharge,-0.2493946666666667,-7.374145738481275e-19,0.0002502825432944444,False,-2.9463284340234527e-15
0.24,0.75,0.1505813333333333,0.9439138888888888,0.0,0.000265154,0.34,0.399976,-2.220446049250313e-16,0.0,0.00507491,bounded_discharge,-0.2493946666666667,-1.1268563859800907e-18,0.0002502825432944444,False,-4.502337123266334e-15
0.24,0.75,0.1505813333333333,0.9439138888888888,0.0,0.000265154,0.46,0.399976,0.0,0.0,0.00657842,bounded_discharge,-0.2493946666666667,0.0,0.0002502825432944444,False,0.0
0.24,0.75,0.1505813333333333,0.9439138888888888,0.0,0.000265154,0.58,0.399976,0.0,0.0,0.00742333,bounded_discharge,-0.2493946666666667,0.0,0.0002502825432944444,False,0.0
0.24,0.75,0.1505813333333333,0.9439138888888888,0.0,0.000265154,0.7,0.399976,0.0,0.0,0.00766575,bounded_discharge,-0.2493946666666667,0.0,0.0002502825432944444,False,0.0
0.24,0.75,0.1505813333333333,0.9439138888888888,0.0,0.000265154,0.82,0.399976,0.0,0.0,0.00776357,bounded_discharge,-0.2493946666666667,0.0,0.0002502825432944444,False,0.0
0.24,0.75,0.1505813333333333,0.9439138888888888,0.0,0.000265154,0.94,0.399976,-2.220446049250313e-16,0.0,0.00782758,bounded_discharge,-0.2493946666666667,-1.7380719086190767e-18,0.0002502825432944444,False,-6.944439215540196e-15
0.24,0.75,0.1505813333333333,0.9439138888888888,0.0,0.000265154,1.06,0.399976,2.220446049250313e-16,0.0,0.00784851,bounded_discharge,-0.2493946666666667,1.7427193022001574e-18,0.0002502825432944444,True,6.963007804143729e-15
0.24,0.75,0.1505813333333333,0.9439138888888888,0.0,0.000265154,1.15,0.399976,0.0,0.0,0.00784919,bounded_discharge,-0.2493946666666667,0.0,0.0002502825432944444,False,0.0
0.34,0.75,0.2766679999999999,0.9471045454545453,0.0,0.00194956,0.05,0.0001265976,0.0,0.0,-0.00125181,bounded_discharge,0.2765414023999999,0.0,0.0018464371376363633,False,0.0
0.34,0.75,0.2766679999999999,0.9471045454545453,0.0,0.00194956,0.1,0.0001265976,2.271871604545455,0.0,0.000109544,bounded_discharge,0.2765414023999999,0.0002488699030483273,0.0018464371376363633,True,0.13478384829656717
0.34,0.75,0.2766679999999999,0.9471045454545453,0.0,0.00194956,0.16,0.399976,2.8560671600000003,0.0,0.00159283,bounded_discharge,-0.12330800000000008,0.0045492294544628,0.0018464371376363633,True,0.40587909581588727
0.34,0.75,0.2766679999999999,0.9471045454545453,0.0,0.00194956,0.24,0.399976,-2.220446049250313e-16,0.0,0.00332102,bounded_discharge,-0.12330800000000008,-7.374145738481275e-19,0.0018464371376363633,False,-3.9937161077256977e-16
0.34,0.75,0.2766679999999999,0.9471045454545453,0.0,0.00194956,0.34,0.399976,-2.220446049250313e-16,0.0,0.00507491,bounded_discharge,-0.12330800000000008,-1.1268563859800907e-18,0.0018464371376363633,False,-6.102868941547542e-16
0.34,0.75,0.2766679999999999,0.9471045454545453,0.0,0.00194956,0.46,0.399976,0.0,0.0,0.00657842,bounded_discharge,-0.12330800000000008,0.0,0.0018464371376363633,False,0.0
0.34,0.75,0.2766679999999999,0.9471045454545453,0.0,0.00194956,0.58,0.399976,0.0,0.0,0.00742333,bounded_discharge,-0.12330800000000008,0.0,0.0018464371376363633,False,0.0
0.34,0.75,0.2766679999999999,0.9471045454545453,0.0,0.00194956,0.7,0.399976,0.0,0.0,0.00766575,bounded_discharge,-0.12330800000000008,0.0,0.0018464371376363633,False,0.0
0.34,0.75,0.2766679999999999,0.9471045454545453,0.0,0.00194956,0.82,0.399976,0.0,0.0,0.00776357,bounded_discharge,-0.12330800000000008,0.0,0.0018464371376363633,False,0.0
0.34,0.75,0.2766679999999999,0.9471045454545453,0.0,0.00194956,0.94,0.399976,-2.220446049250313e-16,0.0,0.00782758,bounded_discharge,-0.12330800000000008,-1.7380719086190767e-18,0.0018464371376363633,False,-9.413111733898476e-16
0.34,0.75,0.2766679999999999,0.9471045454545453,0.0,0.00194956,1.06,0.399976,2.220446049250313e-16,0.0,0.00784851,bounded_discharge,-0.12330800000000008,1.7427193022001574e-18,0.0018464371376363633,True,9.438281253544456e-16
0.34,0.75,0.2766679999999999,0.9471045454545453,0.0,0.00194956,1.15,0.399976,0.0,0.0,0.00784919,bounded_discharge,-0.12330800000000008,0.0,0.0018464371376363633,False,0.0
0.46,0.75,0.428484,0.9503166666666668,0.0,0.00328614,0.05,0.0001265976,0.0,0.0,-0.00125181,bounded_discharge,0.4283574024,0.0,0.0031228736110000006,False,0.0
0.46,0.75,0.428484,0.9503166666666668,0.0,0.00328614,0.1,0.0001265976,2.271871604545455,0.0,0.000109544,bounded_discharge,0.4283574024,0.0002488699030483273,0.0031228736110000006,True,0.07969259536207571
0.46,0.75,0.428484,0.9503166666666668,0.0,0.00328614,0.16,0.399976,2.8560671600000003,0.0,0.00159283,bounded_discharge,0.028507999999999978,0.0045492294544628,0.0031228736110000006,True,0.6864621013865233
0.46,0.75,0.428484,0.9503166666666668,0.0,0.00328614,0.24,0.399976,-2.220446049250313e-16,0.0,0.00332102,bounded_discharge,0.028507999999999978,-7.374145738481275e-19,0.0031228736110000006,False,-2.3613333925864326e-16
0.46,0.75,0.428484,0.9503166666666668,0.0,0.00328614,0.34,0.399976,-2.220446049250313e-16,0.0,0.00507491,bounded_discharge,0.028507999999999978,-1.1268563859800907e-18,0.0031228736110000006,False,-3.608395748104743e-16
0.46,0.75,0.428484,0.9503166666666668,0.0,0.00328614,0.46,0.399976,0.0,0.0,0.00657842,bounded_discharge,0.028507999999999978,0.0,0.0031228736110000006,False,0.0
0.46,0.75,0.428484,0.9503166666666668,0.0,0.00328614,0.58,0.399976,0.0,0.0,0.00742333,bounded_discharge,0.028507999999999978,0.0,0.0031228736110000006,False,0.0
0.46,0.75,0.428484,0.9503166666666668,0.0,0.00328614,0.7,0.399976,0.0,0.0,0.00766575,bounded_discharge,0.028507999999999978,0.0,0.0031228736110000006,False,0.0
0.46,0.75,0.428484,0.9503166666666668,0.0,0.00328614,0.82,0.399976,0.0,0.0,0.00776357,bounded_discharge,0.028507999999999978,0.0,0.0031228736110000006,False,0.0
0.46,0.75,0.428484,0.9503166666666668,0.0,0.00328614,0.94,0.399976,-2.220446049250313e-16,0.0,0.00782758,bounded_discharge,0.028507999999999978,-1.7380719086190767e-18,0.0031228736110000006,False,-5.565617201083315e-16
0.46,0.75,0.428484,0.9503166666666668,0.0,0.00328614,1.06,0.399976,2.220446049250313e-16,0.0,0.00784851,bounded_discharge,0.028507999999999978,1.7427193022001574e-18,0.0031228736110000006,True,5.580498986771697e-16
0.46,0.75,0.428484,0.9503166666666668,0.0,0.00328614,1.15,0.399976,0.0,0.0,0.00784919,bounded_discharge,0.028507999999999978,0.0,0.0031228736110000006,False,0.0
0.58,0.75,0.5807693333333334,0.9530208333333337,0.0,0.00380994,0.05,0.0001265976,0.0,0.0,-0.00125181,bounded_discharge,0.5806427357333334,0.0,0.003630952193750001,False,0.0
0.58,0.75,0.5807693333333334,0.9530208333333337,0.0,0.00380994,0.1,0.0001265976,2.271871604545455,0.0,0.000109544,bounded_discharge,0.5806427357333334,0.0002488699030483273,0.003630952193750001,True,0.06854122273400069
0.58,0.75,0.5807693333333334,0.9530208333333337,0.0,0.00380994,0.16,0.399976,2.8560671600000003,0.0,0.00159283,bounded_discharge,0.18079333333333336,0.0045492294544628,0.003630952193750001,True,0.7981466378197372
0.58,0.75,0.5807693333333334,0.9530208333333337,0.0,0.00380994,0.24,0.399976,-2.220446049250313e-16,0.0,0.00332102,bounded_discharge,0.18079333333333336,-7.374145738481275e-19,0.003630952193750001,False,-2.0309123736672918e-16
0.58,0.75,0.5807693333333334,0.9530208333333337,0.0,0.00380994,0.34,0.399976,-2.220446049250313e-16,0.0,0.00507491,bounded_discharge,0.18079333333333336,-1.1268563859800907e-18,0.003630952193750001,False,-3.1034734853291686e-16
0.58,0.75,0.5807693333333334,0.9530208333333337,0.0,0.00380994,0.46,0.399976,0.0,0.0,0.00657842,bounded_discharge,0.18079333333333336,0.0,0.003630952193750001,False,0.0
0.58,0.75,0.5807693333333334,0.9530208333333337,0.0,0.00380994,0.58,0.399976,0.0,0.0,0.00742333,bounded_discharge,0.18079333333333336,0.0,0.003630952193750001,False,0.0
0.58,0.75,0.5807693333333334,0.9530208333333337,0.0,0.00380994,0.7,0.399976,0.0,0.0,0.00766575,bounded_discharge,0.18079333333333336,0.0,0.003630952193750001,False,0.0
0.58,0.75,0.5807693333333334,0.9530208333333337,0.0,0.00380994,0.82,0.399976,0.0,0.0,0.00776357,bounded_discharge,0.18079333333333336,0.0,0.003630952193750001,False,0.0
0.58,0.75,0.5807693333333334,0.9530208333333337,0.0,0.00380994,0.94,0.399976,-2.220446049250313e-16,0.0,0.00782758,bounded_discharge,0.18079333333333336,-1.7380719086190767e-18,0.003630952193750001,False,-4.786821241025534e-16
0.58,0.75,0.5807693333333334,0.9530208333333337,0.0,0.00380994,1.06,0.399976,2.220446049250313e-16,0.0,0.00784851,bounded_discharge,0.18079333333333336,1.7427193022001574e-18,0.003630952193750001,True,4.799620620728413e-16
0.58,0.75,0.5807693333333334,0.9530208333333337,0.0,0.00380994,1.15,0.399976,0.0,0.0,0.00784919,bounded_discharge,0.18079333333333336,0.0,0.003630952193750001,False,0.0
0.7,0.75,0.7334506666666667,0.9553291666666668,0.0,0.00393976,0.05,0.0001265976,0.0,0.0,-0.00125181,bounded_discharge,0.7333240690666667,0.0,0.0037637676376666668,False,0.0
0.7,0.75,0.7334506666666667,0.9553291666666668,0.0,0.00393976,0.1,0.0001265976,2.271871604545455,0.0,0.000109544,bounded_discharge,0.7333240690666667,0.0002488699030483273,0.0037637676376666668,True,0.06612254714071913
0.7,0.75,0.7334506666666667,0.9553291666666668,0.0,0.00393976,0.16,0.399976,2.8560671600000003,0.0,0.00159283,bounded_discharge,0.3334746666666667,0.0045492294544628,0.0037637676376666668,True,0.8273417894923735
0.7,0.75,0.7334506666666667,0.9553291666666668,0.0,0.00393976,0.24,0.399976,-2.220446049250313e-16,0.0,0.00332102,bounded_discharge,0.3334746666666667,-7.374145738481275e-19,0.0037637676376666668,False,-1.9592457474481203e-16
0.7,0.75,0.7334506666666667,0.9553291666666668,0.0,0.00393976,0.34,0.399976,-2.220446049250313e-16,0.0,0.00507491,bounded_discharge,0.3334746666666667,-1.1268563859800907e-18,0.0037637676376666668,False,-2.993958433307219e-16
0.7,0.75,0.7334506666666667,0.9553291666666668,0.0,0.00393976,0.46,0.399976,0.0,0.0,0.00657842,bounded_discharge,0.3334746666666667,0.0,0.0037637676376666668,False,0.0
0.7,0.75,0.7334506666666667,0.9553291666666668,0.0,0.00393976,0.58,0.399976,0.0,0.0,0.00742333,bounded_discharge,0.3334746666666667,0.0,0.0037637676376666668,False,0.0
0.7,0.75,0.7334506666666667,0.9553291666666668,0.0,0.00393976,0.7,0.399976,0.0,0.0,0.00766575,bounded_discharge,0.3334746666666667,0.0,0.0037637676376666668,False,0.0
0.7,0.75,0.7334506666666667,0.9553291666666668,0.0,0.00393976,0.82,0.399976,0.0,0.0,0.00776357,bounded_discharge,0.3334746666666667,0.0,0.0037637676376666668,False,0.0
0.7,0.75,0.7334506666666667,0.9553291666666668,0.0,0.00393976,0.94,0.399976,-2.220446049250313e-16,0.0,0.00782758,bounded_discharge,0.3334746666666667,-1.7380719086190767e-18,0.0037637676376666668,False,-4.617904387149116e-16
0.7,0.75,0.7334506666666667,0.9553291666666668,0.0,0.00393976,1.06,0.399976,2.220446049250313e-16,0.0,0.00784851,bounded_discharge,0.3334746666666667,1.7427193022001574e-18,0.0037637676376666668,True,4.630252103662142e-16
0.7,0.75,0.7334506666666667,0.9553291666666668,0.0,0.00393976,1.15,0.399976,0.0,0.0,0.00784919,bounded_discharge,0.3334746666666667,0.0,0.0037637676376666668,False,0.0
0.82,0.75,0.8864746666666666,0.631075,0.0,0.00404922,0.05,0.0001265976,0.0,0.0,-0.00125181,bounded_discharge,0.8863480690666666,0.0,0.0025553615115000003,False,0.0
0.82,0.75,0.8864746666666666,0.631075,0.0,0.00404922,0.1,0.0001265976,2.271871604545455,0.0,0.000109544,bounded_discharge,0.8863480690666666,0.0002488699030483273,0.0025553615115000003,True,0.0973912700525259
0.82,0.75,0.8864746666666666,0.631075,0.0,0.00404922,0.16,0.399976,2.8560671600000003,0.0,0.00159283,bounded_discharge,0.48649866666666663,0.0045492294544628,0.0025553615115000003,True,0.5617130410938467
0.82,0.75,0.8864746666666666,0.631075,0.0,0.00404922,0.24,0.399976,-2.220446049250313e-16,0.0,0.00332102,bounded_discharge,0.48649866666666663,-7.374145738481275e-19,0.0025553615115000003,False,-2.8857544051184533e-16
0.82,0.75,0.8864746666666666,0.631075,0.0,0.00404922,0.34,0.399976,-2.220446049250313e-16,0.0,0.00507491,bounded_discharge,0.48649866666666663,-1.1268563859800907e-18,0.0025553615115000003,False,-4.4097728673960683e-16
0.82,0.75,0.8864746666666666,0.631075,0.0,0.00404922,0.46,0.399976,0.0,0.0,0.00657842,bounded_discharge,0.48649866666666663,0.0,0.0025553615115000003,False,0.0
0.82,0.75,0.8864746666666666,0.631075,0.0,0.00404922,0.58,0.399976,0.0,0.0,0.00742333,bounded_discharge,0.48649866666666663,0.0,0.0025553615115000003,False,0.0
0.82,0.75,0.8864746666666666,0.631075,0.0,0.00404922,0.7,0.399976,0.0,0.0,0.00766575,bounded_discharge,0.48649866666666663,0.0,0.0025553615115000003,False,0.0
0.82,0.75,0.8864746666666666,0.631075,0.0,0.00404922,0.82,0.399976,0.0,0.0,0.00776357,bounded_discharge,0.48649866666666663,0.0,0.0025553615115000003,False,0.0
0.82,0.75,0.8864746666666666,0.631075,0.0,0.00404922,0.94,0.399976,-2.220446049250313e-16,0.0,0.00782758,bounded_discharge,0.48649866666666663,-1.7380719086190767e-18,0.0025553615115000003,False,-6.801667399298138e-16
0.82,0.75,0.8864746666666666,0.631075,0.0,0.00404922,1.06,0.399976,2.220446049250313e-16,0.0,0.00784851,bounded_discharge,0.48649866666666663,1.7427193022001574e-18,0.0025553615115000003,True,6.819854233372949e-16
0.82,0.75,0.8864746666666666,0.631075,0.0,0.00404922,1.15,0.399976,0.0,0.0,0.00784919,bounded_discharge,0.48649866666666663,0.0,0.0025553615115000003,False,0.0
0.94,0.75,0.9353946666666668,0.1528749999999994,0.0,0.00412665,0.05,0.0001265976,0.0,0.0,-0.00125181,bounded_discharge,0.9352680690666668,0.0,0.0006308616187499976,False,0.0
0.94,0.75,0.9353946666666668,0.1528749999999994,0.0,0.00412665,0.1,0.0001265976,2.271871604545455,0.0,0.000109544,bounded_discharge,0.9352680690666668,0.0002488699030483273,0.0006308616187499976,True,0.3944920655364061
0.94,0.75,0.9353946666666668,0.1528749999999994,0.0,0.00412665,0.16,0.399976,2.8560671600000003,0.0,0.00159283,bounded_discharge,0.5354186666666668,0.0045492294544628,0.0006308616187499976,True,0.1386743898202632
0.94,0.75,0.9353946666666668,0.1528749999999994,0.0,0.00412665,0.24,0.399976,-2.220446049250313e-16,0.0,0.00332102,bounded_discharge,0.5354186666666668,-7.374145738481275e-19,0.0006308616187499976,False,-1.168900677947814e-15
0.94,0.75,0.9353946666666668,0.1528749999999994,0.0,0.00412665,0.34,0.399976,-2.220446049250313e-16,0.0,0.00507491,bounded_discharge,0.5354186666666668,-1.1268563859800907e-18,0.0006308616187499976,False,-1.78621801119058e-15
0.94,0.75,0.9353946666666668,0.1528749999999994,0.0,0.00412665,0.46,0.399976,0.0,0.0,0.00657842,bounded_discharge,0.5354186666666668,0.0,0.0006308616187499976,False,0.0
0.94,0.75,0.9353946666666668,0.1528749999999994,0.0,0.00412665,0.58,0.399976,0.0,0.0,0.00742333,bounded_discharge,0.5354186666666668,0.0,0.0006308616187499976,False,0.0
0.94,0.75,0.9353946666666668,0.1528749999999994,0.0,0.00412665,0.7,0.399976,0.0,0.0,0.00766575,bounded_discharge,0.5354186666666668,0.0,0.0006308616187499976,False,0.0
0.94,0.75,0.9353946666666668,0.1528749999999994,0.0,0.00412665,0.82,0.399976,0.0,0.0,0.00776357,bounded_discharge,0.5354186666666668,0.0,0.0006308616187499976,False,0.0
0.94,0.75,0.9353946666666668,0.1528749999999994,0.0,0.00412665,0.94,0.399976,-2.220446049250313e-16,0.0,0.00782758,bounded_discharge,0.5354186666666668,-1.7380719086190767e-18,0.0006308616187499976,False,-2.755076322542698e-15
0.94,0.75,0.9353946666666668,0.1528749999999994,0.0,0.00412665,1.06,0.399976,2.220446049250313e-16,0.0,0.00784851,bounded_discharge,0.5354186666666668,1.7427193022001574e-18,0.0006308616187499976,True,2.762443062637442e-15
0.94,0.75,0.9353946666666668,0.1528749999999994,0.0,0.00412665,1.15,0.399976,0.0,0.0,0.00784919,bounded_discharge,0.5354186666666668,0.0,0.0006308616187499976,False,0.0
1.06,0.75,0.9353946666666668,6.3492063491210615e-06,0.0,0.00415115,0.05,0.0001265976,0.0,0.0,-0.00125181,bounded_discharge,0.9352680690666668,0.0,2.6356507936153897e-08,False,0.0
1.06,0.75,0.9353946666666668,6.3492063491210615e-06,0.0,0.00415115,0.1,0.0001265976,2.271871604545455,0.0,0.000109544,bounded_discharge,0.9352680690666668,0.0002488699030483273,2.6356507936153897e-08,True,0.00010590476234097222
1.06,0.75,0.9353946666666668,6.3492063491210615e-06,0.0,0.00415115,0.16,0.399976,2.8560671600000003,0.0,0.00159283,bounded_discharge,0.5354186666666668,0.0045492294544628,2.6356507936153897e-08,True,5.79362026030543e-06
1.06,0.75,0.9353946666666668,6.3492063491210615e-06,0.0,0.00415115,0.24,0.399976,-2.220446049250313e-16,0.0,0.00332102,bounded_discharge,0.5354186666666668,-7.374145738481275e-19,2.6356507936153897e-08,False,-2.7978462686879585e-11
1.06,0.75,0.9353946666666668,6.3492063491210615e-06,0.0,0.00415115,0.34,0.399976,-2.220446049250313e-16,0.0,0.00507491,bounded_discharge,0.5354186666666668,-1.1268563859800907e-18,2.6356507936153897e-08,False,-4.2754388734266007e-11
1.06,0.75,0.9353946666666668,6.3492063491210615e-06,0.0,0.00415115,0.46,0.399976,0.0,0.0,0.00657842,bounded_discharge,0.5354186666666668,0.0,2.6356507936153897e-08,False,0.0
1.06,0.75,0.9353946666666668,6.3492063491210615e-06,0.0,0.00415115,0.58,0.399976,0.0,0.0,0.00742333,bounded_discharge,0.5354186666666668,0.0,2.6356507936153897e-08,False,0.0
1.06,0.75,0.9353946666666668,6.3492063491210615e-06,0.0,0.00415115,0.7,0.399976,0.0,0.0,0.00766575,bounded_discharge,0.5354186666666668,0.0,2.6356507936153897e-08,False,0.0
1.06,0.75,0.9353946666666668,6.3492063491210615e-06,0.0,0.00415115,0.82,0.399976,0.0,0.0,0.00776357,bounded_discharge,0.5354186666666668,0.0,2.6356507936153897e-08,False,0.0
1.06,0.75,0.9353946666666668,6.3492063491210615e-06,0.0,0.00415115,0.94,0.399976,-2.220446049250313e-16,0.0,0.00782758,bounded_discharge,0.5354186666666668,-1.7380719086190767e-18,2.6356507936153897e-08,False,-6.594469619531498e-11
1.06,0.75,0.9353946666666668,6.3492063491210615e-06,0.0,0.00415115,1.06,0.399976,2.220446049250313e-16,0.0,0.00784851,bounded_discharge,0.5354186666666668,1.7427193022001574e-18,2.6356507936153897e-08,True,6.612102431861335e-11
1.06,0.75,0.9353946666666668,6.3492063491210615e-06,0.0,0.00415115,1.15,0.399976,0.0,0.0,0.00784919,bounded_discharge,0.5354186666666668,0.0,2.6356507936153897e-08,False,0.0
1.15,0.75,0.935396,1.1111111111430636e-05,0.0,0.00415163,0.05,0.0001265976,0.0,0.0,-0.00125181,bounded_discharge,0.9352694024,0.0,4.612922222354877e-08,False,0.0
1.15,0.75,0.935396,1.1111111111430636e-05,0.0,0.00415163,0.1,0.0001265976,2.271871604545455,0.0,0.000109544,bounded_discharge,0.9352694024,0.0002488699030483273,4.612922222354877e-08,True,0.0001853547643106972
1.15,0.75,0.935396,1.1111111111430636e-05,0.0,0.00415163,0.16,0.399976,2.8560671600000003,0.0,0.00159283,bounded_discharge,0.53542,0.0045492294544628,4.612922222354877e-08,True,1.0140007815674355e-05
1.15,0.75,0.935396,1.1111111111430636e-05,0.0,0.00415163,0.24,0.399976,-2.220446049250313e-16,0.0,0.00332102,bounded_discharge,0.53542,-7.374145738481275e-19,4.612922222354877e-08,False,-1.5985844510330384e-11
1.15,0.75,0.935396,1.1111111111430636e-05,0.0,0.00415163,0.34,0.399976,-2.220446049250313e-16,0.0,0.00507491,bounded_discharge,0.53542,-1.1268563859800907e-18,4.612922222354877e-08,False,-2.4428254621748973e-11
1.15,0.75,0.935396,1.1111111111430636e-05,0.0,0.00415163,0.46,0.399976,0.0,0.0,0.00657842,bounded_discharge,0.53542,0.0,4.612922222354877e-08,False,0.0
1.15,0.75,0.935396,1.1111111111430636e-05,0.0,0.00415163,0.58,0.399976,0.0,0.0,0.00742333,bounded_discharge,0.53542,0.0,4.612922222354877e-08,False,0.0
1.15,0.75,0.935396,1.1111111111430636e-05,0.0,0.00415163,0.7,0.399976,0.0,0.0,0.00766575,bounded_discharge,0.53542,0.0,4.612922222354877e-08,False,0.0
1.15,0.75,0.935396,1.1111111111430636e-05,0.0,0.00415163,0.82,0.399976,0.0,0.0,0.00776357,bounded_discharge,0.53542,0.0,4.612922222354877e-08,False,0.0
1.15,0.75,0.935396,1.1111111111430636e-05,0.0,0.00415163,0.94,0.399976,-2.220446049250313e-16,0.0,0.00782758,bounded_discharge,0.53542,-1.7380719086190767e-18,4.612922222354877e-08,False,-3.76783267707427e-11
1.15,0.75,0.935396,1.1111111111430636e-05,0.0,0.00415163,1.06,0.399976,2.220446049250313e-16,0.0,0.00784851,bounded_discharge,0.53542,1.7427193022001574e-18,4.612922222354877e-08,True,3.7779074048868454e-11
1.15,0.75,0.935396,1.1111111111430636e-05,0.0,0.00415163,1.15,0.399976,0.0,0.0,0.00784919,bounded_discharge,0.53542,0.0,4.612922222354877e-08,False,0.0
