cycle,phase,pattern,label,reset_gradient,applied_update,target_out,other_out,margin,score0,score1,score0_cmp,score1_cmp,out0_cmp,out1_cmp,correct,mean_hidden_act,target_out_0500ps,other_out_0500ps,margin_0500ps,correct_0500ps,target_out_0750ps,other_out_0750ps,margin_0750ps,correct_0750ps,target_out_1000ps,other_out_1000ps,margin_1000ps,correct_1000ps,target_out_1250ps,other_out_1250ps,margin_1250ps,correct_1250ps,target_out_1500ps,other_out_1500ps,margin_1500ps,correct_1500ps,target_out_1750ps,other_out_1750ps,margin_1750ps,correct_1750ps,target_out_2000ps,other_out_2000ps,margin_2000ps,correct_2000ps,target_out_2500ps,other_out_2500ps,margin_2500ps,correct_2500ps,target_out_2950ps,other_out_2950ps,margin_2950ps,correct_2950ps,target_out_3500ps,other_out_3500ps,margin_3500ps,correct_3500ps,target_out_4050ps,other_out_4050ps,margin_4050ps,correct_4050ps,target_out_4500ps,other_out_4500ps,margin_4500ps,correct_4500ps,target_out_5000ps,other_out_5000ps,margin_5000ps,correct_5000ps,target_out_5500ps,other_out_5500ps,margin_5500ps,correct_5500ps,act0,act1,act2,act3,act4,act5,act6,act7,lose0,lose1,lead01,lead10
0,initial_eval,0,0,False,False,2.02788e-100,2.02788e-100,0.0,4.27536e-98,3.44029e-98,0.00659575,0.00632697,0.15551,0.162822,False,2.0278800000000006e-100,2.02788e-100,2.02788e-100,0.0,False,0.130275,0.136482,-0.00620751,False,0.154125,0.161337,-0.007212,False,0.154939,0.162201,-0.00726223,False,0.155201,0.162483,-0.00728201,False,0.155327,0.162619,-0.0072928,False,0.155399,0.162699,-0.00729966,False,0.155477,0.162785,-0.00730796,False,0.155515,0.162827,-0.00731246,False,0.155514,0.162827,-0.00731266,False,0.15551,0.162822,-0.00731246,False,0.155506,0.162818,-0.00731229,False,0.155502,0.162814,-0.00731211,False,0.155498,0.16281,-0.00731193,False,2.02788e-100,2.02788e-100,2.02788e-100,2.02788e-100,2.02788e-100,2.02788e-100,2.02788e-100,2.02788e-100,0.336078,0.336067,1.21817,1.21808
1,initial_eval,1,0,False,False,1.11244e-24,1.1794e-24,-6.69641e-26,4.74896e-32,4.5553e-32,0.00841478,0.00817197,0.135725,0.14308,False,2.25042375e-25,1.11244e-24,1.1794e-24,-6.69641e-26,False,0.12733,0.133587,-0.00625647,False,0.135746,0.143102,-0.00735601,False,0.135744,0.1431,-0.00735592,False,0.135743,0.143098,-0.00735582,False,0.135741,0.143097,-0.00735573,False,0.135739,0.143095,-0.00735564,False,0.135736,0.143091,-0.00735546,False,0.135733,0.143088,-0.00735529,False,0.135729,0.143084,-0.00735509,False,0.135725,0.14308,-0.00735488,False,0.135722,0.143077,-0.00735472,False,0.135719,0.143073,-0.00735453,False,0.135715,0.14307,-0.00735435,False,1.6992e-25,5.04892e-25,-7.27489e-63,5.317e-25,-4.87361e-109,2.58851e-25,1.46581e-25,1.88395e-25,0.338447,0.338332,1.20768,1.20754
2,initial_eval,2,0,False,False,9.38475e-25,1.00153e-24,-6.30539e-26,6.06e-32,5.88497e-32,0.0146373,0.0145864,0.121581,0.127652,False,4.32249825e-25,9.38475e-25,1.00153e-24,-6.30539e-26,False,0.1216,0.127655,-0.00605494,False,0.1216,0.127672,-0.00607216,False,0.121598,0.12767,-0.00607209,False,0.121597,0.127669,-0.00607201,False,0.121595,0.127667,-0.00607194,False,0.121594,0.127665,-0.00607186,False,0.121591,0.127662,-0.00607171,False,0.121588,0.127659,-0.00607157,False,0.121584,0.127656,-0.0060714,False,0.121581,0.127652,-0.00607124,False,0.121578,0.127649,-0.0060711,False,0.121575,0.127646,-0.00607095,False,0.121572,0.127643,-0.00607079,False,5.96114e-25,5.97329e-25,1.95328e-26,1.1265e-24,9.40878e-26,5.26967e-25,2.78179e-25,2.19289e-25,0.342939,0.342758,1.19738,1.19719
3,initial_eval,3,0,False,False,8.21618e-25,8.71302e-25,-4.96846e-26,1.05372e-31,1.05008e-31,-0.00145204,-0.00169875,0.155976,0.163214,False,1.1059375e-24,8.21618e-25,8.71302e-25,-4.96846e-26,False,0.129746,0.135953,-0.00620608,False,0.155112,0.162259,-0.00714778,False,0.155723,0.162916,-0.00719308,False,0.155875,0.163086,-0.0072112,False,0.155933,0.163154,-0.00722106,False,0.15596,0.163187,-0.00722727,False,0.15598,0.163214,-0.00723457,False,0.155984,0.163222,-0.0072383,False,0.15598,0.163219,-0.00723842,False,0.155976,0.163214,-0.00723822,False,0.155972,0.16321,-0.00723806,False,0.155969,0.163206,-0.00723788,False,0.155965,0.163202,-0.0072377,False,1.52989e-24,1.00977e-24,1.00501e-24,1.24931e-24,8.2414e-25,9.902e-25,1.08418e-24,1.155e-24,0.336047,0.336043,1.18669,1.18645
4,initial_eval,4,0,False,False,1.11635e-24,1.18269e-24,-6.63406e-26,-1.04435e-32,-1.22174e-32,0.000971416,0.000756483,0.148232,0.155366,False,3.0697375e-25,1.11635e-24,1.18269e-24,-6.63406e-26,False,0.130055,0.136245,-0.00619026,False,0.148244,0.155371,-0.00712666,False,0.148253,0.155388,-0.00713494,False,0.148251,0.155386,-0.00713485,False,0.14825,0.155384,-0.00713476,False,0.148248,0.155382,-0.00713467,False,0.148244,0.155378,-0.00713449,False,0.148241,0.155375,-0.00713433,False,0.148237,0.155371,-0.00713413,False,0.148232,0.155366,-0.00713394,False,0.148229,0.155363,-0.00713378,False,0.148225,0.155359,-0.0071336,False,0.148222,0.155355,-0.00713342,False,2.50475e-25,4.45765e-25,2.61776e-25,4.23506e-25,1.14535e-25,3.76276e-25,2.76604e-25,3.06853e-25,0.337172,0.337181,1.17633,1.17603
5,initial_eval,5,0,False,False,1.04688e-24,1.11059e-24,-6.37036e-26,6.9892e-33,5.44263e-33,-0.00157464,-0.00177947,0.151698,0.158875,False,3.99051375e-25,1.04688e-24,1.11059e-24,-6.37036e-26,False,0.129749,0.135955,-0.00620589,False,0.151571,0.158711,-0.00714078,False,0.151715,0.158888,-0.00717303,False,0.151718,0.158896,-0.00717802,False,0.151716,0.158894,-0.00717794,False,0.151714,0.158892,-0.00717785,False,0.15171,0.158888,-0.00717767,False,0.151707,0.158884,-0.0071775,False,0.151702,0.15888,-0.00717731,False,0.151698,0.158875,-0.00717711,False,0.151695,0.158872,-0.00717695,False,0.151691,0.158868,-0.00717677,False,0.151687,0.158864,-0.00717659,False,4.60521e-25,2.86076e-25,6.39291e-25,2.19734e-25,2.94184e-25,3.39614e-25,5.03166e-25,4.49825e-25,0.336589,0.336591,1.16597,1.16562
6,initial_eval,6,1,False,False,1.14274e-24,1.07788e-24,6.48543e-26,-1.13251e-32,-1.27978e-32,0.00617241,0.00609772,0.111798,0.116869,True,3.6352875e-25,1.14274e-24,1.07788e-24,6.48543e-26,True,0.116889,0.111816,0.00507209,True,0.116887,0.111815,0.00507203,True,0.116886,0.111814,0.00507196,True,0.116884,0.111812,0.0050719,True,0.116883,0.111811,0.00507184,True,0.116881,0.111809,0.00507177,True,0.116878,0.111807,0.00507165,True,0.116876,0.111804,0.00507153,True,0.116872,0.111801,0.00507139,True,0.116869,0.111798,0.00507125,True,0.116867,0.111795,0.00507114,True,0.116864,0.111793,0.00507101,True,0.116861,0.11179,0.00507088,True,4.38747e-25,4.18198e-25,4.39062e-25,1.88788e-25,2.09197e-25,3.12963e-25,4.24746e-25,4.76529e-25,0.337469,0.337439,1.156,1.15562
7,initial_eval,7,1,False,False,7.83588e-25,7.43428e-25,4.01596e-26,4.44394e-32,4.39012e-32,0.00617262,0.00609793,0.112333,0.117344,True,2.19669625e-24,7.83588e-25,7.43428e-25,4.01596e-26,True,0.117363,0.112351,0.00501193,True,0.117362,0.11235,0.00501187,True,0.11736,0.112349,0.00501181,True,0.117359,0.112347,0.00501174,True,0.117357,0.112346,0.00501168,True,0.117356,0.112344,0.00501162,True,0.117353,0.112341,0.00501149,True,0.11735,0.112339,0.00501138,True,0.117347,0.112336,0.00501124,True,0.117344,0.112333,0.0050111,True,0.117341,0.11233,0.00501099,True,0.117338,0.112327,0.00501086,True,0.117335,0.112325,0.00501074,True,2.34021e-24,2.27904e-24,1.72561e-24,2.63083e-24,2.01882e-24,1.95981e-24,2.34021e-24,2.27904e-24,0.337469,0.337439,1.14624,1.14583
8,initial_eval,8,1,False,False,7.87325e-25,7.47584e-25,3.9741e-26,4.44409e-32,4.39028e-32,0.00666137,0.00638257,0.138054,0.144917,True,2.19623375e-24,7.87325e-25,7.47584e-25,3.9741e-26,True,0.136255,0.13017,0.00608487,True,0.144939,0.138075,0.00686397,True,0.144937,0.138073,0.00686388,True,0.144935,0.138071,0.0068638,True,0.144933,0.13807,0.00686371,True,0.144932,0.138068,0.00686363,True,0.144928,0.138064,0.00686345,True,0.144925,0.138061,0.0068633,True,0.144921,0.138058,0.00686311,True,0.144917,0.138054,0.00686292,True,0.144913,0.138051,0.00686277,True,0.14491,0.138047,0.00686259,True,0.144906,0.138044,0.00686242,True,2.33969e-24,2.27855e-24,1.72532e-24,2.63018e-24,2.01844e-24,1.95945e-24,2.33969e-24,2.27855e-24,0.339901,0.339868,1.13943,1.13939
9,initial_eval,9,1,False,False,1.01777e-24,9.58511e-25,5.92628e-26,4.79626e-32,4.59536e-32,0.00617302,0.00609833,0.109378,0.11444,True,5.57315375e-25,1.01777e-24,9.58511e-25,5.92628e-26,True,0.114459,0.109396,0.00506325,True,0.114458,0.109395,0.00506319,True,0.114456,0.109393,0.00506312,True,0.114455,0.109392,0.00506306,True,0.114453,0.10939,0.005063,True,0.114452,0.109389,0.00506293,True,0.114449,0.109386,0.00506281,True,0.114447,0.109384,0.00506269,True,0.114443,0.109381,0.00506255,True,0.11444,0.109378,0.00506241,True,0.114438,0.109375,0.0050623,True,0.114435,0.109373,0.00506217,True,0.114432,0.10937,0.00506205,True,5.5344e-25,8.08881e-25,5.89127e-25,3.25505e-25,4.11602e-25,3.66275e-25,7.83677e-25,6.20016e-25,0.337469,0.337439,1.13993,1.13993
10,initial_eval,10,1,False,False,7.64273e-25,7.24487e-25,3.97853e-26,4.44438e-32,4.39056e-32,0.00617322,0.00609852,0.112329,0.11734,True,2.1966025e-24,7.64273e-25,7.24487e-25,3.97853e-26,True,0.11736,0.112348,0.00501194,True,0.117358,0.112346,0.00501187,True,0.117357,0.112345,0.00501181,True,0.117355,0.112343,0.00501175,True,0.117354,0.112342,0.00501169,True,0.117352,0.112341,0.00501162,True,0.117349,0.112338,0.0050115,True,0.117347,0.112335,0.00501138,True,0.117343,0.112332,0.00501125,True,0.11734,0.112329,0.00501111,True,0.117337,0.112326,0.00501099,True,0.117335,0.112324,0.00501087,True,0.117332,0.112321,0.00501074,True,2.34011e-24,2.27894e-24,1.72554e-24,2.63071e-24,2.01874e-24,1.95973e-24,2.34011e-24,2.27894e-24,0.33747,0.337439,1.1397,1.13969
11,initial_eval,11,1,False,False,7.8735e-25,7.47604e-25,3.97459e-26,4.44452e-32,4.3907e-32,0.00617342,0.00609872,0.112328,0.117339,True,2.19657375e-24,7.8735e-25,7.47604e-25,3.97459e-26,True,0.117358,0.112346,0.00501194,True,0.117357,0.112345,0.00501188,True,0.117355,0.112344,0.00501181,True,0.117354,0.112342,0.00501175,True,0.117352,0.112341,0.00501169,True,0.117351,0.112339,0.00501162,True,0.117348,0.112337,0.0050115,True,0.117345,0.112334,0.00501139,True,0.117342,0.112331,0.00501125,True,0.117339,0.112328,0.00501111,True,0.117336,0.112325,0.005011,True,0.117333,0.112322,0.00501087,True,0.11733,0.11232,0.00501075,True,2.34008e-24,2.27891e-24,1.72552e-24,2.63067e-24,2.01872e-24,1.9597e-24,2.34008e-24,2.27891e-24,0.33747,0.337439,1.13973,1.13972
12,train,0,0,True,True,7.47596e-25,7.87342e-25,-3.9746e-26,4.44466e-32,4.39084e-32,0.00659813,0.00632928,0.155487,0.162799,False,2.19655875e-24,7.47596e-25,7.87342e-25,-3.9746e-26,False,0.12968,0.135886,-0.00620615,False,0.154089,0.161302,-0.00721235,False,0.154911,0.162173,-0.00726203,False,0.155176,0.162457,-0.00728162,False,0.155302,0.162595,-0.0072923,False,0.155375,0.162675,-0.0072991,False,0.155455,0.162762,-0.00730733,False,0.155492,0.162804,-0.00731179,False,0.155491,0.162803,-0.00731199,False,0.155487,0.162799,-0.00731179,False,0.155484,0.162795,-0.00731162,False,0.15548,0.162791,-0.00731144,False,0.155476,0.162787,-0.00731125,False,2.34007e-24,2.27889e-24,1.7255e-24,2.63066e-24,2.0187e-24,1.95969e-24,2.34007e-24,2.27889e-24,0.33612,0.336109,0.560849,1.19999
13,train,1,0,True,True,1.11705e-24,1.10884e-24,8.21251e-27,4.78984e-32,4.82574e-32,0.00837783,0.00836503,0.13601,0.135546,True,2.25203125e-25,1.11705e-24,1.10884e-24,8.21251e-27,True,0.127406,0.126475,0.000931071,True,0.136031,0.135567,0.000463961,True,0.136029,0.135565,0.000463955,True,0.136027,0.135563,0.000463949,True,0.136026,0.135562,0.000463943,True,0.136024,0.13556,0.000463938,True,0.13602,0.135556,0.000463926,True,0.136017,0.135553,0.000463915,True,0.136014,0.13555,0.000463903,True,0.13601,0.135546,0.00046389,True,0.136007,0.135543,0.000463879,True,0.136003,0.135539,0.000463868,True,0.136,0.135536,0.000463856,True,1.69801e-25,5.05919e-25,-1.15877e-70,5.32092e-25,2.31571e-71,2.58678e-25,1.46911e-25,1.88224e-25,0.338445,0.338424,1.19999,0.718807
14,train,2,0,True,True,9.47133e-25,8.96952e-25,5.01812e-26,6.00135e-32,6.13666e-32,0.0146683,0.0146955,0.12447,0.118863,True,4.313018e-25,9.47133e-25,8.96952e-25,5.01812e-26,True,0.12449,0.118882,0.0056085,True,0.124489,0.118881,0.00560787,True,0.124487,0.118879,0.0056078,True,0.124485,0.118878,0.00560773,True,0.124484,0.118876,0.00560766,True,0.124482,0.118875,0.00560759,True,0.124479,0.118872,0.00560745,True,0.124476,0.118869,0.00560732,True,0.124473,0.118866,0.00560717,True,0.12447,0.118863,0.00560701,True,0.124467,0.11886,0.00560689,True,0.124464,0.118857,0.00560675,True,0.12446,0.118854,0.0056066,True,5.94271e-25,5.97018e-25,1.80583e-26,1.12904e-24,9.29161e-26,5.24503e-25,2.77388e-25,2.1722e-25,0.342961,0.343115,0.198607,1.2
15,train,3,0,True,True,8.27648e-25,7.56604e-25,7.10443e-26,8.69847e-33,9.81611e-33,-0.00129151,-0.000945985,0.157417,0.146909,True,1.1006891250000001e-24,8.27648e-25,7.56604e-25,7.10443e-26,True,0.130637,0.121233,0.00940415,True,0.156586,0.145971,0.0106146,True,0.157183,0.146616,0.0105672,True,0.157328,0.146783,0.0105451,True,0.157382,0.14685,0.0105324,True,0.157406,0.146882,0.0105241,True,0.157423,0.146909,0.0105141,True,0.157425,0.146917,0.0105088,True,0.157421,0.146913,0.0105081,True,0.157417,0.146909,0.0105078,True,0.157414,0.146906,0.0105076,True,0.15741,0.146902,0.0105073,True,0.157406,0.146899,0.0105071,True,1.52787e-24,1.0029e-24,1.00273e-24,1.24123e-24,8.17431e-25,9.86042e-25,1.07752e-24,1.14979e-24,0.336007,0.336131,1.2,0.468865
16,train,4,0,True,True,1.14021e-24,9.83876e-25,1.56336e-25,-9.52188e-33,-4.93802e-33,0.000903158,0.0015055,0.150609,0.13318,True,3.053135e-25,1.14021e-24,9.83876e-25,1.56336e-25,True,0.13227,0.116563,0.015707,True,0.150627,0.13319,0.0174367,True,0.15063,0.133199,0.0174316,True,0.150628,0.133197,0.0174314,True,0.150627,0.133195,0.0174312,True,0.150625,0.133194,0.017431,True,0.150621,0.13319,0.0174305,True,0.150617,0.133187,0.0174301,True,0.150613,0.133184,0.0174297,True,0.150609,0.13318,0.0174292,True,0.150606,0.133177,0.0174288,True,0.150602,0.133174,0.0174283,True,0.150598,0.13317,0.0174279,True,2.49979e-25,4.45188e-25,2.60528e-25,4.20703e-25,1.12916e-25,3.72549e-25,2.76091e-25,3.04554e-25,0.337038,0.337341,0.169215,1.2
17,train,5,0,True,True,1.07394e-24,8.78703e-25,1.95234e-25,6.3906e-33,1.22109e-32,-0.00183816,-0.000968186,0.154907,0.132029,True,3.966016250000001e-25,1.07394e-24,8.78703e-25,1.95234e-25,True,0.132373,0.111929,0.0204436,True,0.154819,0.131891,0.0229281,True,0.154928,0.132042,0.022886,True,0.154927,0.132046,0.022881,True,0.154925,0.132044,0.0228808,True,0.154923,0.132043,0.0228805,True,0.154919,0.132039,0.0228799,True,0.154916,0.132036,0.0228794,True,0.154912,0.132033,0.0228787,True,0.154907,0.132029,0.0228781,True,0.154904,0.132026,0.0228776,True,0.1549,0.132023,0.022877,True,0.154896,0.13202,0.0228765,True,4.61618e-25,2.80209e-25,6.37302e-25,2.16551e-25,2.90916e-25,3.36797e-25,5.0112e-25,4.483e-25,0.336455,0.33674,0.162351,1.2
18,train,6,1,True,True,8.70771e-25,1.11363e-24,-2.42863e-25,-1.35571e-32,-5.74849e-33,0.00606487,0.00667942,0.114703,0.0942126,False,3.60278125e-25,8.70771e-25,1.11363e-24,-2.42863e-25,False,0.0942282,0.114722,-0.0204936,False,0.094227,0.11472,-0.0204933,False,0.0942258,0.114719,-0.0204931,False,0.0942247,0.114717,-0.0204928,False,0.0942235,0.114716,-0.0204926,False,0.0942223,0.114715,-0.0204923,False,0.0942199,0.114712,-0.0204918,False,0.0942178,0.114709,-0.0204913,False,0.0942152,0.114706,-0.0204908,False,0.0942126,0.114703,-0.0204902,False,0.0942105,0.1147,-0.0204898,False,0.0942081,0.114697,-0.0204892,False,0.0942058,0.114694,-0.0204887,False,4.36884e-25,4.13151e-25,4.35872e-25,1.86932e-25,2.04225e-25,3.10096e-25,4.20552e-25,4.74513e-25,0.33734,0.337748,0.0113577,1.2
19,train,7,1,True,True,6.01622e-25,7.46139e-25,-1.44516e-25,5.69863e-32,4.43233e-32,0.0079085,0.00615523,0.112668,0.0936388,False,2.1872075e-24,6.01622e-25,7.46139e-25,-1.44516e-25,False,0.0936543,0.112686,-0.0190319,False,0.0936531,0.112685,-0.0190316,False,0.093652,0.112683,-0.0190314,False,0.0936508,0.112682,-0.0190312,False,0.0936496,0.112681,-0.0190309,False,0.0936485,0.112679,-0.0190307,False,0.0936461,0.112676,-0.0190302,False,0.093644,0.112674,-0.0190298,False,0.0936414,0.112671,-0.0190293,False,0.0936388,0.112668,-0.0190287,False,0.0936367,0.112665,-0.0190283,False,0.0936344,0.112662,-0.0190278,False,0.093632,0.112659,-0.0190273,False,2.33209e-24,2.26766e-24,1.71892e-24,2.61816e-24,2.01139e-24,1.94969e-24,2.33209e-24,2.26766e-24,0.338228,0.337142,0.00113462,1.2
20,train,8,1,True,True,7.00252e-25,7.37743e-25,-3.74911e-26,8.42197e-32,3.15811e-32,0.00396131,0.0101036,0.135258,0.116885,False,2.1855925e-24,7.00252e-25,7.37743e-25,-3.74911e-26,False,0.107005,0.127079,-0.0200747,False,0.116903,0.135279,-0.018376,False,0.116901,0.135277,-0.0183757,False,0.1169,0.135275,-0.0183755,False,0.116898,0.135273,-0.0183753,False,0.116897,0.135272,-0.0183751,False,0.116894,0.135268,-0.0183746,False,0.116891,0.135265,-0.0183742,False,0.116888,0.135262,-0.0183737,False,0.116885,0.135258,-0.0183732,False,0.116882,0.135255,-0.0183727,False,0.116879,0.135251,-0.0183723,False,0.116876,0.135248,-0.0183718,False,2.33065e-24,2.26578e-24,1.71773e-24,2.61607e-24,2.01007e-24,1.94801e-24,2.33065e-24,2.26578e-24,0.340553,0.338385,0.160384,1.2
21,train,9,1,True,True,7.93179e-25,9.03571e-25,-1.10392e-25,2.90302e-32,7.30711e-32,0.0116018,0.00440812,0.102409,0.106522,False,5.518682500000001e-25,7.93179e-25,9.03571e-25,-1.10392e-25,False,0.0918452,0.102426,-0.0105808,False,0.101398,0.102425,-0.00102697,False,0.104033,0.102423,0.00160944,True,0.105054,0.102422,0.00263215,True,0.105592,0.102421,0.00317141,True,0.105923,0.10242,0.00350388,True,0.106309,0.102417,0.00389214,True,0.106509,0.102415,0.00409426,True,0.106525,0.102412,0.00411265,True,0.106522,0.102409,0.00411254,True,0.106519,0.102407,0.00411244,True,0.106516,0.102404,0.00411234,True,0.106514,0.102402,0.00411224,True,5.50644e-25,7.95997e-25,5.87963e-25,3.16206e-25,4.041e-25,3.60769e-25,7.79723e-25,6.19544e-25,0.37546,0.335267,1.2,0.177351
22,train,10,1,True,True,1.09014e-24,6.6761e-25,4.22528e-25,-1.1478e-32,6.12972e-31,-0.00159435,0.0895165,0.103102,0.152879,True,2.18231875e-24,1.09014e-24,6.6761e-25,4.22528e-25,True,0.107947,0.103119,0.00482783,True,0.147221,0.103117,0.044104,True,0.150288,0.103116,0.0471719,True,0.151379,0.103115,0.048264,True,0.151937,0.103114,0.0488235,True,0.152276,0.103112,0.0491637,True,0.152667,0.10311,0.0495568,True,0.152867,0.103107,0.0497598,True,0.152883,0.103105,0.0497788,True,0.152879,0.103102,0.0497774,True,0.152876,0.103099,0.0497763,True,0.152872,0.103097,0.0497751,True,0.152868,0.103094,0.0497738,True,2.32771e-24,2.26198e-24,1.71532e-24,2.61184e-24,2.0074e-24,1.94461e-24,2.32771e-24,2.26198e-24,0.724559,0.00609699,1.2,0.0926123
23,train,11,1,True,True,1.09257e-24,6.58395e-25,4.34171e-25,-1.41584e-32,6.70537e-31,-0.00196664,0.0987246,0.102559,0.153121,True,2.18179625e-24,1.09257e-24,6.58395e-25,4.34171e-25,True,0.109621,0.102576,0.007045,True,0.147651,0.102575,0.0450757,True,0.150588,0.102574,0.0480142,True,0.151647,0.102572,0.0490746,True,0.152193,0.102571,0.0496218,True,0.152526,0.10257,0.0499558,True,0.152911,0.102567,0.0503433,True,0.153109,0.102565,0.0505439,True,0.153125,0.102562,0.0505627,True,0.153121,0.102559,0.0505613,True,0.153117,0.102557,0.0505601,True,0.153113,0.102554,0.0505589,True,0.153109,0.102552,0.0505576,True,2.32749e-24,2.26126e-24,1.7148e-24,2.6113e-24,2.00699e-24,1.94379e-24,2.32749e-24,2.26125e-24,0.765522,0.00521109,1.2,0.0823653
24,train,0,0,True,True,6.44205e-25,1.09169e-24,-4.47483e-25,-1.40774e-32,6.71594e-31,0.00401081,0.0351365,0.139535,0.137658,False,2.18014375e-24,6.44205e-25,1.09169e-24,-4.47483e-25,False,0.114847,0.106167,0.00868019,True,0.138281,0.134469,0.00381243,True,0.139029,0.13617,0.00285876,True,0.139265,0.136791,0.00247406,True,0.139377,0.137113,0.00226404,True,0.13944,0.137309,0.00213099,True,0.139508,0.137537,0.00197101,True,0.13954,0.137654,0.00188518,True,0.139539,0.137662,0.00187711,True,0.139535,0.137658,0.00187705,True,0.139532,0.137655,0.00187701,True,0.139528,0.137651,0.00187696,True,0.139525,0.137648,0.00187692,True,2.32601e-24,2.25934e-24,1.71358e-24,2.60916e-24,2.00563e-24,1.94208e-24,2.32601e-24,2.25934e-24,0.336032,0.316776,1.19999,0.635095
25,train,1,0,True,True,9.76629e-25,9.18476e-25,5.81529e-26,2.94568e-32,2.55223e-31,-0.00396402,0.0370537,0.12169,0.132845,True,2.2192675000000003e-25,9.76629e-25,9.18476e-25,5.81529e-26,True,0.115978,0.105064,0.0109142,True,0.121708,0.129701,-0.0079924,False,0.121707,0.13137,-0.00966279,False,0.121705,0.131983,-0.0102781,False,0.121704,0.132302,-0.0105985,False,0.121702,0.132497,-0.0107953,False,0.121699,0.132724,-0.011025,False,0.121696,0.132841,-0.0111449,False,0.121693,0.132849,-0.0111556,False,0.12169,0.132845,-0.0111553,False,0.121687,0.132842,-0.011155,False,0.121684,0.132839,-0.0111547,False,0.121681,0.132835,-0.0111545,False,1.62653e-25,5.08897e-25,6.49111e-73,5.2872e-25,7.59744e-73,2.50589e-25,1.43915e-25,1.8064e-25,0.338774,0.305515,1.2,0.177989
26,train,2,0,True,True,8.21731e-25,8.77585e-25,-5.58533e-26,-2.89725e-32,2.67513e-31,-0.00302639,0.0426126,0.109418,0.128284,False,4.2121419375000005e-25,8.21731e-25,8.77585e-25,-5.58533e-26,False,0.109436,0.0990882,0.010348,True,0.109435,0.125122,-0.0156869,False,0.109433,0.126804,-0.0173701,False,0.109432,0.12742,-0.017988,False,0.109431,0.12774,-0.0183093,False,0.109429,0.127936,-0.0185064,False,0.109427,0.128163,-0.0187362,False,0.109424,0.12828,-0.0188559,False,0.109421,0.128288,-0.0188665,False,0.109418,0.128284,-0.018866,False,0.109416,0.128281,-0.0188655,False,0.109413,0.128278,-0.0188651,False,0.10941,0.128275,-0.0188646,False,5.78198e-25,5.89483e-25,8.44665e-27,1.13182e-24,8.37539e-26,5.06379e-25,2.68534e-25,2.03099e-25,0.355412,0.253424,1.2,0.149704
27,train,3,0,True,True,7.38415e-25,8.43523e-25,-1.05109e-25,-2.38593e-32,2.77885e-31,-0.00157775,0.0369626,0.142533,0.124145,False,1.0768510000000002e-24,7.38415e-25,8.43523e-25,-1.05109e-25,False,0.118494,0.0960604,0.0224333,True,0.141831,0.120997,0.020834,True,0.142359,0.122668,0.0196904,True,0.142478,0.123282,0.0191958,True,0.142519,0.123601,0.0189173,True,0.142534,0.123797,0.0187377,True,0.142542,0.124023,0.0185188,True,0.142541,0.12414,0.0184004,True,0.142537,0.124148,0.0183889,True,0.142533,0.124145,0.0183884,True,0.14253,0.124142,0.018388,True,0.142526,0.124139,0.0183875,True,0.142523,0.124136,0.018387,True,1.51427e-24,9.73901e-25,9.88742e-25,1.20692e-24,7.88722e-25,9.66873e-25,1.04866e-24,1.12672e-24,0.33587,0.306251,0.165055,1.2
28,train,4,0,True,True,1.00353e-24,8.12792e-25,1.90736e-25,-1.10499e-32,2.66939e-31,-0.00666704,0.0376257,0.135113,0.120363,True,2.9841574999999997e-25,1.00353e-24,8.12792e-25,1.90736e-25,True,0.118293,0.09212,0.0261726,True,0.135133,0.117213,0.0179195,True,0.135132,0.118886,0.0162466,True,0.13513,0.1195,0.0156306,True,0.135129,0.119819,0.0153098,True,0.135127,0.120014,0.0151127,True,0.135124,0.120241,0.0148826,True,0.135121,0.120358,0.0147624,True,0.135117,0.120366,0.0147509,True,0.135113,0.120363,0.0147505,True,0.13511,0.12036,0.0147501,True,0.135107,0.120357,0.0147498,True,0.135103,0.120354,0.0147494,True,2.46015e-25,4.41077e-25,2.54873e-25,4.10344e-25,1.06807e-25,3.5998e-25,2.72206e-25,2.96024e-25,0.336803,0.301662,0.169561,1.2
29,train,5,0,True,True,9.38158e-25,7.84878e-25,1.5328e-25,-4.79622e-32,2.71153e-31,-0.00620892,0.0379957,0.139544,0.116888,True,3.8867762500000004e-25,9.38158e-25,7.84878e-25,1.5328e-25,True,0.118415,0.0886263,0.0297892,True,0.139482,0.113738,0.0257439,True,0.139564,0.11541,0.0241533,True,0.139562,0.116025,0.0235373,True,0.13956,0.116344,0.0232165,True,0.139559,0.116539,0.0230194,True,0.139555,0.116766,0.0227892,True,0.139552,0.116883,0.0226689,True,0.139548,0.116891,0.0226571,True,0.139544,0.116888,0.0226565,True,0.139541,0.116885,0.022656,True,0.139538,0.116882,0.0226554,True,0.139534,0.116879,0.0226548,True,4.60891e-25,2.65175e-25,6.29718e-25,2.06527e-25,2.81907e-25,3.29002e-25,4.94103e-25,4.42098e-25,0.33626,0.298933,0.154177,1.2
30,train,6,1,True,True,7.59366e-25,9.76533e-25,-2.17167e-25,-4.46866e-32,2.73779e-31,-0.00219259,0.0904257,0.102883,0.133519,False,3.5202337499999993e-25,7.59366e-25,9.76533e-25,-2.17167e-25,False,0.088638,0.1029,-0.0142619,False,0.127907,0.102899,0.0250082,True,0.130924,0.102897,0.0280264,True,0.132007,0.102896,0.0291105,True,0.132564,0.102895,0.029669,True,0.132903,0.102893,0.0300097,True,0.133296,0.102891,0.0304047,True,0.133498,0.102889,0.0306092,True,0.133523,0.102886,0.0306374,True,0.133519,0.102883,0.0306366,True,0.133516,0.102881,0.0306359,True,0.133513,0.102878,0.0306351,True,0.13351,0.102875,0.0306343,True,4.31316e-25,4.01097e-25,4.27456e-25,1.80885e-25,1.93551e-25,3.03094e-25,4.10577e-25,4.68211e-25,0.641732,0.00599561,1.2,0.106718
31,train,7,1,True,True,9.17314e-25,6.61705e-25,2.55608e-25,-1.56703e-32,6.20182e-31,-0.00217667,0.0906614,0.102242,0.132982,True,2.1672175000000005e-24,9.17314e-25,6.61705e-25,2.55608e-25,True,0.0875939,0.102259,-0.0146648,False,0.127344,0.102257,0.0250869,True,0.130376,0.102256,0.0281195,True,0.131463,0.102255,0.029208,True,0.132022,0.102254,0.0297686,True,0.132363,0.102252,0.0301105,True,0.132756,0.10225,0.0305067,True,0.132959,0.102247,0.0307119,True,0.132986,0.102245,0.0307412,True,0.132982,0.102242,0.0307403,True,0.132979,0.102239,0.0307396,True,0.132976,0.102237,0.0307388,True,0.132972,0.102234,0.0307381,True,2.31407e-24,2.24451e-24,1.70417e-24,2.59237e-24,1.99499e-24,1.92905e-24,2.31407e-24,2.24451e-24,0.676072,0.0059699,1.2,0.0926623
32,train,8,1,True,True,9.16825e-25,6.54547e-25,2.62278e-25,-1.54737e-32,6.21455e-31,-0.00654876,0.0393182,0.121211,0.112545,True,2.16549125e-24,9.16825e-25,6.54547e-25,2.62278e-25,True,0.084888,0.113725,-0.0288373,False,0.109404,0.12123,-0.0118261,False,0.11107,0.121228,-0.0101586,False,0.111683,0.121227,-0.00954428,False,0.112001,0.121225,-0.00922427,False,0.112196,0.121224,-0.00902769,False,0.112423,0.121221,-0.00879818,False,0.11254,0.121218,-0.00867835,False,0.112548,0.121215,-0.00866691,False,0.112545,0.121211,-0.00866667,False,0.112542,0.121209,-0.00866647,False,0.112539,0.121206,-0.00866625,False,0.112537,0.121203,-0.00866604,False,2.31249e-24,2.24252e-24,1.7029e-24,2.59016e-24,1.99356e-24,1.92728e-24,2.3125e-24,2.24252e-24,0.340205,0.288072,0.180362,1.2
33,train,9,1,True,True,7.5228e-25,7.92519e-25,-4.02394e-26,-4.61694e-32,2.82273e-31,-0.00209925,0.0911753,0.0894025,0.133109,False,5.40207375e-25,7.5228e-25,7.92519e-25,-4.02394e-26,False,0.0852043,0.0894173,-0.00421297,False,0.127458,0.0894162,0.0380421,True,0.1305,0.089415,0.0410848,True,0.13159,0.0894139,0.0421756,True,0.13215,0.0894128,0.0427372,True,0.132491,0.0894117,0.0430797,True,0.132886,0.0894094,0.0434764,True,0.133089,0.0894074,0.0436816,True,0.133113,0.089405,0.043708,True,0.133109,0.0894025,0.0437068,True,0.133106,0.0894005,0.0437058,True,0.133103,0.0893982,0.0437047,True,0.1331,0.089396,0.0437036,True,5.43504e-25,7.71399e-25,5.81711e-25,3.0194e-25,3.91226e-25,3.51471e-25,7.66647e-25,6.13761e-25,0.779961,0.00591467,1.2,4.91362e-05
34,train,10,1,True,True,9.1729e-25,6.28705e-25,2.88585e-25,-1.49091e-32,6.24389e-31,-0.00207092,0.0913346,0.096316,0.132955,True,2.1630962500000003e-24,9.1729e-25,6.28705e-25,2.88585e-25,True,0.0873959,0.0963319,-0.00893599,False,0.127298,0.0963307,0.0309673,True,0.130342,0.0963295,0.0340128,True,0.131434,0.0963283,0.0351053,True,0.131995,0.0963271,0.0356679,True,0.132337,0.0963259,0.0360109,True,0.132732,0.0963235,0.0364084,True,0.132935,0.0963213,0.0366141,True,0.132959,0.0963186,0.0366404,True,0.132955,0.096316,0.0366393,True,0.132952,0.0963138,0.0366385,True,0.132949,0.0963114,0.0366376,True,0.132946,0.096309,0.0366367,True,2.31054e-24,2.23967e-24,1.70098e-24,2.58721e-24,1.99159e-24,1.92457e-24,2.31054e-24,2.23967e-24,0.809031,0.00589776,1.2,0.0227296
35,train,11,1,True,True,9.16303e-25,6.08015e-25,3.08287e-25,-1.46817e-32,6.25498e-31,-0.00203933,0.0915109,0.0957127,0.132838,True,2.1613412500000003e-24,9.16303e-25,6.08015e-25,3.08287e-25,True,0.087281,0.0957285,-0.00844751,False,0.127166,0.0957273,0.031439,True,0.13022,0.0957261,0.0344934,True,0.131313,0.0957249,0.0355885,True,0.131876,0.0957237,0.0361522,True,0.132218,0.0957225,0.0364959,True,0.132614,0.0957201,0.036894,True,0.132818,0.0957179,0.0371001,True,0.132841,0.0957153,0.0371259,True,0.132838,0.0957127,0.0371249,True,0.132835,0.0957105,0.0371241,True,0.132831,0.0957081,0.0371231,True,0.132828,0.0957057,0.0371222,True,2.30893e-24,2.23765e-24,1.69968e-24,2.58496e-24,1.99014e-24,1.92278e-24,2.30894e-24,2.23765e-24,0.83745,0.00587917,1.2,0.0174975
36,train,0,0,True,True,6.13681e-25,9.1531e-25,-3.01629e-25,-1.44168e-32,6.26684e-31,0.00621426,0.040631,0.128134,0.112057,False,2.15841625e-24,6.13681e-25,9.1531e-25,-3.01629e-25,False,0.106147,0.0848795,0.0212673,True,0.126997,0.108923,0.0180739,True,0.127679,0.110584,0.0170956,True,0.127893,0.111195,0.016698,True,0.127994,0.111513,0.0164804,True,0.128051,0.111708,0.0163423,True,0.128111,0.111935,0.0161763,True,0.128139,0.112052,0.0160871,True,0.128138,0.11206,0.0160782,True,0.128134,0.112057,0.0160777,True,0.128131,0.112054,0.0160774,True,0.128128,0.112051,0.016077,True,0.128125,0.112048,0.0160766,True,2.30601e-24,2.2344e-24,1.69767e-24,2.58106e-24,1.9877e-24,1.92008e-24,2.30601e-24,2.2344e-24,0.335899,0.275646,0.159205,1.2
37,train,1,0,True,True,8.76462e-25,7.28867e-25,1.47595e-25,4.54936e-32,2.92196e-31,0.00259452,0.0393714,0.111451,0.10957,True,2.1782112499999998e-25,8.76462e-25,7.28867e-25,1.47595e-25,True,0.105787,0.0845673,0.0212197,True,0.111468,0.10647,0.00499818,True,0.111467,0.108106,0.00336067,True,0.111465,0.108712,0.00275297,True,0.111464,0.109029,0.00243552,True,0.111463,0.109222,0.00224024,True,0.11146,0.109448,0.00201202,True,0.111457,0.109565,0.00189281,True,0.111454,0.109573,0.00188161,True,0.111451,0.10957,0.00188156,True,0.111449,0.109567,0.00188152,True,0.111446,0.109564,0.00188147,True,0.111443,0.109562,0.00188143,True,1.54694e-25,5.10327e-25,1.705e-62,5.23894e-25,-8.36842e-61,2.41655e-25,1.39742e-25,1.72257e-25,0.33958,0.288158,0.24715,1.2
38,train,2,0,True,True,7.51836e-25,7.05827e-25,4.60088e-26,1.63402e-32,2.27873e-31,0.000654955,0.0513619,0.0992089,0.106835,True,4.1088369987500002e-25,7.51836e-25,7.05827e-25,4.60088e-26,True,0.0992165,0.0800095,0.019207,True,0.0992241,0.103706,-0.00448208,False,0.0992229,0.105363,-0.00614017,False,0.0992216,0.105974,-0.00675219,False,0.0992204,0.106292,-0.00707114,False,0.0992191,0.106486,-0.00726706,False,0.0992167,0.106712,-0.00749568,False,0.0992144,0.106829,-0.0076149,False,0.0992117,0.106838,-0.00762589,False,0.0992089,0.106835,-0.00762568,False,0.0992067,0.106832,-0.0076255,False,0.0992042,0.10683,-0.00762531,False,0.0992017,0.106827,-0.00762512,False,5.61084e-25,5.81643e-25,1.65499e-28,1.13343e-24,7.44821e-26,4.87849e-25,2.59354e-25,1.89062e-25,0.359679,0.116978,1.2,0.0797809
39,train,3,0,True,True,6.69102e-25,6.86097e-25,-1.69954e-26,-2.02405e-32,3.14961e-31,0.0036491,0.0420786,0.130915,0.104276,False,1.0523556250000001e-24,6.69102e-25,6.86097e-25,-1.69954e-26,False,0.106662,0.0778749,0.0287871,True,0.129921,0.101154,0.028767,True,0.130584,0.102806,0.0277783,True,0.130764,0.103416,0.0273481,True,0.130838,0.103733,0.0271051,True,0.130876,0.103928,0.0269479,True,0.130909,0.104154,0.0267554,True,0.130921,0.10427,0.0266502,True,0.130918,0.104279,0.0266394,True,0.130915,0.104276,0.0266386,True,0.130912,0.104274,0.026638,True,0.130908,0.104271,0.0266374,True,0.130905,0.104268,0.0266367,True,1.4983e-24,9.45632e-25,9.72238e-25,1.17176e-24,7.59116e-25,9.48629e-25,1.01888e-24,1.10429e-24,0.335677,0.260209,0.12352,1.2
40,train,4,0,True,True,9.04011e-25,6.69214e-25,2.34797e-25,2.748e-32,3.01689e-31,-0.00307811,0.0425204,0.12326,0.101873,True,2.91485125e-25,9.04011e-25,6.69214e-25,2.34797e-25,True,0.106513,0.0757248,0.0307886,True,0.123256,0.0987551,0.0245005,True,0.123277,0.100404,0.0228733,True,0.123276,0.101013,0.0222628,True,0.123274,0.10133,0.0219442,True,0.123273,0.101524,0.0217483,True,0.12327,0.10175,0.0215194,True,0.123267,0.101867,0.0213997,True,0.123264,0.101876,0.0213879,True,0.12326,0.101873,0.0213873,True,0.123257,0.101871,0.0213868,True,0.123254,0.101868,0.0213863,True,0.123251,0.101865,0.0213857,True,2.41827e-25,4.36918e-25,2.4907e-25,3.9993e-25,1.00758e-25,3.47414e-25,2.68544e-25,2.8742e-25,0.336409,0.255115,0.0983363,1.2
41,train,5,0,True,True,8.37545e-25,6.50607e-25,1.86937e-25,-2.1868e-32,3.04352e-31,-0.00230749,0.0429013,0.127622,0.0996081,True,3.802252499999999e-25,8.37545e-25,6.50607e-25,1.86937e-25,True,0.106996,0.0737726,0.0332235,True,0.127442,0.0964956,0.0309461,True,0.127628,0.0981408,0.0294873,True,0.127639,0.0987489,0.0288896,True,0.127637,0.0990656,0.0285714,True,0.127635,0.0992598,0.0283756,True,0.127632,0.0994855,0.0281467,True,0.127629,0.0996024,0.028027,True,0.127626,0.0996109,0.0280149,True,0.127622,0.0996081,0.0280142,True,0.127619,0.0996059,0.0280135,True,0.127616,0.0996034,0.0280128,True,0.127613,0.0996009,0.0280121,True,4.58928e-25,2.50055e-25,6.21183e-25,1.94949e-25,2.72998e-25,3.21706e-25,4.86851e-25,4.35132e-25,0.33596,0.250582,0.0577623,1.2
42,train,6,1,True,True,6.34452e-25,8.73176e-25,-2.38724e-25,-1.63143e-32,3.06118e-31,-0.0019163,0.0923893,0.0931543,0.124349,False,3.4323825e-25,6.34452e-25,8.73176e-25,-2.38724e-25,False,0.0742518,0.0931697,-0.0189179,False,0.118496,0.0931685,0.0253276,True,0.121638,0.0931674,0.0284702,True,0.122758,0.0931662,0.0295914,True,0.123333,0.093165,0.0301675,True,0.123682,0.0931638,0.0305186,True,0.124086,0.0931615,0.0309249,True,0.124295,0.0931594,0.0311351,True,0.124352,0.0931568,0.0311955,True,0.124349,0.0931543,0.0311946,True,0.124346,0.0931522,0.0311939,True,0.124343,0.0931498,0.0311931,True,0.12434,0.0931475,0.0311924,True,4.25495e-25,3.88289e-25,4.18159e-25,1.73494e-25,1.82965e-25,2.96074e-25,4.00299e-25,4.61131e-25,0.602798,0.00578833,1.2,0.000800556
43,train,7,1,True,True,8.41947e-25,5.92938e-25,2.49009e-25,-1.35252e-32,6.32025e-31,-0.0018787,0.0925507,0.0938056,0.123869,True,2.14698875e-24,8.41947e-25,5.92938e-25,2.49009e-25,True,0.073436,0.0938211,-0.0203851,False,0.117992,0.0938199,0.0241718,True,0.121148,0.0938187,0.0273291,True,0.122272,0.0938176,0.0284544,True,0.122849,0.0938164,0.0290323,True,0.1232,0.0938152,0.0293844,True,0.123605,0.0938129,0.0297918,True,0.123813,0.0938107,0.0300025,True,0.123873,0.0938082,0.0300644,True,0.123869,0.0938056,0.0300635,True,0.123866,0.0938034,0.0300629,True,0.123863,0.0938011,0.0300621,True,0.12386,0.0937987,0.0300613,True,2.29572e-24,2.22123e-24,1.68902e-24,2.56657e-24,1.97821e-24,1.90821e-24,2.29572e-24,2.22123e-24,0.629799,0.00577197,1.2,0.00115216
44,train,8,1,True,True,8.4117e-25,6.01789e-25,2.39381e-25,-1.31491e-32,6.33072e-31,-0.00538626,0.0436861,0.111071,0.0963497,True,2.1451612500000004e-24,8.4117e-25,6.01789e-25,2.39381e-25,True,0.073142,0.105601,-0.0324588,False,0.0932845,0.111088,-0.0178035,False,0.0948955,0.111087,-0.0161911,False,0.0954962,0.111085,-0.0155891,False,0.09581,0.111084,-0.0152738,False,0.0960029,0.111082,-0.0150796,False,0.0962274,0.11108,-0.0148523,False,0.0963437,0.111077,-0.0147334,False,0.0963523,0.111074,-0.0147218,False,0.0963497,0.111071,-0.0147214,False,0.0963475,0.111069,-0.014721,False,0.0963451,0.111066,-0.0147207,False,0.0963426,0.111063,-0.0147203,False,2.29403e-24,2.21915e-24,1.68766e-24,2.56423e-24,1.97668e-24,1.90636e-24,2.29403e-24,2.21915e-24,0.339259,0.240812,0.037006,1.2
45,train,9,1,True,True,6.26678e-25,7.07364e-25,-8.06855e-26,-3.75581e-32,3.12532e-31,-0.00174519,0.0929924,0.0811967,0.123879,False,5.28866e-25,6.26678e-25,7.07364e-25,-8.06855e-26,False,0.0710982,0.0812101,-0.0101119,False,0.117998,0.0812091,0.0367891,True,0.12116,0.0812081,0.0399523,True,0.122286,0.0812071,0.0410786,True,0.122863,0.0812061,0.041657,True,0.123214,0.0812051,0.0420092,True,0.12362,0.081203,0.0424168,True,0.123829,0.0812012,0.0426274,True,0.123882,0.0811989,0.0426834,True,0.123879,0.0811967,0.0426822,True,0.123876,0.0811949,0.0426813,True,0.123873,0.0811928,0.0426802,True,0.12387,0.0811908,0.0426791,True,5.37581e-25,7.47242e-25,5.7575e-25,2.87819e-25,3.78031e-25,3.42513e-25,7.53659e-25,6.08333e-25,0.724611,0.00572767,1.2,4.82169e-07
46,train,10,1,True,True,8.40668e-25,5.6937e-25,2.71298e-25,-1.21929e-32,6.35595e-31,-0.00169362,0.0931201,0.0896317,0.123712,True,2.14146875e-24,8.40668e-25,5.6937e-25,2.71298e-25,True,0.073366,0.0896465,-0.0162805,False,0.117856,0.0896454,0.0282107,True,0.121,0.0896443,0.0313557,True,0.122122,0.0896431,0.0324787,True,0.122698,0.089642,0.0330561,True,0.123049,0.0896409,0.0334079,True,0.123454,0.0896386,0.0338153,True,0.123663,0.0896366,0.034026,True,0.123715,0.0896342,0.0340812,True,0.123712,0.0896317,0.0340803,True,0.123709,0.0896297,0.0340795,True,0.123706,0.0896274,0.0340787,True,0.123703,0.0896252,0.0340778,True,2.2906e-24,2.21494e-24,1.68491e-24,2.55952e-24,1.9736e-24,1.90264e-24,2.2906e-24,2.21494e-24,0.753384,0.00571498,1.2,6.93756e-05
47,train,11,1,True,True,8.39241e-25,5.59593e-25,2.79647e-25,-1.18515e-32,6.36378e-31,-0.0016462,0.0932447,0.088399,0.123536,True,2.139615e-24,8.39241e-25,5.59593e-25,2.79647e-25,True,0.0730639,0.0884136,-0.0153497,False,0.11764,0.0884125,0.0292276,True,0.120812,0.0884114,0.0324005,True,0.121941,0.0884103,0.0335305,True,0.12252,0.0884092,0.0341106,True,0.122872,0.0884081,0.0344639,True,0.123278,0.0884058,0.0348726,True,0.123488,0.0884038,0.0350838,True,0.12354,0.0884014,0.0351383,True,0.123536,0.088399,0.0351373,True,0.123533,0.088397,0.0351365,True,0.12353,0.0883948,0.0351356,True,0.123527,0.0883925,0.0351348,True,2.28888e-24,2.21283e-24,1.68353e-24,2.55715e-24,1.97205e-24,1.90077e-24,2.28888e-24,2.21283e-24,0.778117,0.00570268,1.2,-8.62429e-06
48,train,0,0,True,True,5.54147e-25,8.38037e-25,-2.8389e-25,-1.14735e-32,6.37246e-31,0.0142011,0.0447392,0.120622,0.0955341,False,2.1377475000000003e-24,5.54147e-25,8.38037e-25,-2.8389e-25,False,0.0997022,0.0723885,0.0273137,True,0.118804,0.0924699,0.0263342,True,0.119802,0.0940803,0.0257218,True,0.120153,0.0946808,0.0254727,True,0.120332,0.0949946,0.025337,True,0.120439,0.0951874,0.0252514,True,0.120561,0.0954118,0.0251491,True,0.120623,0.0955282,0.0250947,True,0.120625,0.0955368,0.0250886,True,0.120622,0.0955341,0.0250879,True,0.120619,0.095532,0.0250874,True,0.120616,0.0955296,0.0250867,True,0.120613,0.0955272,0.0250861,True,2.28714e-24,2.21071e-24,1.68214e-24,2.55477e-24,1.97048e-24,1.89889e-24,2.28714e-24,2.21071e-24,0.334886,0.226774,0.0197575,1.2
49,train,1,0,True,True,8.11219e-25,6.09509e-25,2.01711e-25,1.04786e-31,3.1735e-31,0.00392288,0.0447907,0.114572,0.0941466,True,2.1293325e-25,8.11219e-25,6.09509e-25,2.01711e-25,True,0.0982141,0.0710379,0.0271762,True,0.114016,0.0910832,0.0229326,True,0.11441,0.092693,0.0217171,True,0.11451,0.0932933,0.0212164,True,0.114547,0.093607,0.0209404,True,0.114564,0.0937998,0.0207646,True,0.114576,0.0940242,0.0205522,True,0.114578,0.0941405,0.0204378,True,0.114575,0.0941492,0.0204263,True,0.114572,0.0941466,0.0204257,True,0.11457,0.0941444,0.0204252,True,0.114567,0.0941421,0.0204247,True,0.114564,0.0941397,0.0204242,True,1.46173e-25,5.09776e-25,-1.0938e-70,5.17636e-25,1.23968e-70,2.31854e-25,1.3454e-25,1.63487e-25,0.335996,0.226081,0.0109393,1.2
50,train,2,0,True,True,7.73034e-25,5.95721e-25,1.77313e-25,4.88267e-32,3.16751e-31,-0.00154875,0.0457586,0.0928447,0.0922877,True,4.0118951250000003e-25,7.73034e-25,5.95721e-25,1.77313e-25,True,0.0924548,0.0674147,0.02504,True,0.0928589,0.0891914,0.00366751,True,0.0928578,0.0908248,0.00203296,True,0.0928566,0.0914303,0.00142634,True,0.0928554,0.0917459,0.0011095,True,0.0928543,0.0919396,0.00091465,True,0.0928519,0.0921649,0.000687063,True,0.0928498,0.0922815,0.000568292,True,0.0928473,0.0922902,0.000557034,True,0.0928447,0.0922877,0.000557018,True,0.0928426,0.0922856,0.000557006,True,0.0928403,0.0922833,0.000556992,True,0.092838,0.092281,0.000556978,True,5.42945e-25,5.73447e-25,-1.63834e-99,1.13381e-24,6.50031e-26,4.68889e-25,2.50332e-25,1.7509e-25,0.350159,0.212186,0.000653684,1.2
51,train,3,0,True,True,6.01732e-25,5.83013e-25,1.87191e-26,-5.86845e-33,4.66378e-31,0.0108035,0.0445639,0.120918,0.0905545,True,1.027421375e-24,6.01732e-25,5.83013e-25,1.87191e-26,True,0.0970266,0.0661499,0.0308767,True,0.119757,0.087467,0.0322905,True,0.120506,0.089094,0.031412,True,0.120718,0.089698,0.0310201,True,0.12081,0.0900131,0.0307967,True,0.120858,0.0902066,0.0306515,True,0.120904,0.0904316,0.0304729,True,0.120923,0.0905482,0.030375,True,0.120922,0.090557,0.0303646,True,0.120918,0.0905545,0.0303638,True,0.120916,0.0905524,0.0303631,True,0.120912,0.0905502,0.0303623,True,0.120909,0.0905479,0.0303616,True,1.48042e-24,9.16695e-25,9.53364e-25,1.13606e-24,7.28757e-25,9.32308e-25,9.88437e-25,1.08333e-24,0.335225,0.229263,0.00017315,1.2
52,train,4,0,True,True,8.19256e-25,5.72304e-25,2.46952e-25,7.91551e-32,3.14542e-31,-0.00135632,0.0443884,0.111912,0.0889568,True,2.838504625e-25,8.19256e-25,5.72304e-25,2.46952e-25,True,0.0965653,0.0645418,0.0320235,True,0.111919,0.0858678,0.0260509,True,0.111928,0.0874958,0.0244319,True,0.111926,0.0881001,0.0238263,True,0.111925,0.0884153,0.0235097,True,0.111924,0.0886087,0.0233148,True,0.111921,0.0888338,0.0230869,True,0.111918,0.0889504,0.0229678,True,0.111915,0.0889593,0.0229558,True,0.111912,0.0889568,0.0229552,True,0.11191,0.0889548,0.0229547,True,0.111907,0.0889526,0.0229541,True,0.111904,0.0889503,0.0229535,True,2.37063e-25,4.31297e-25,2.42534e-25,3.88285e-25,9.47017e-26,3.33955e-25,2.64811e-25,2.78157e-25,0.336298,0.231677,1.9439e-05,1.2
53,train,5,0,True,True,7.4485e-25,5.60472e-25,1.84379e-25,-9.37704e-33,3.13204e-31,-0.000476943,0.0441877,0.116287,0.087478,True,3.71170875e-25,7.4485e-25,5.60472e-25,1.84379e-25,True,0.0970712,0.0634686,0.0336026,True,0.116144,0.0843972,0.0317467,True,0.116297,0.0860193,0.0302781,True,0.116302,0.0866222,0.0296794,True,0.1163,0.0869369,0.0293632,True,0.116299,0.0871301,0.0291685,True,0.116296,0.087355,0.0289408,True,0.116293,0.0874715,0.0288216,True,0.11629,0.0874804,0.0288095,True,0.116287,0.087478,0.0288087,True,0.116284,0.0874761,0.028808,True,0.116281,0.0874739,0.0288073,True,0.116278,0.0874717,0.0288066,True,4.55608e-25,2.34723e-25,6.11451e-25,1.82531e-25,2.64181e-25,3.14304e-25,4.79262e-25,4.27307e-25,0.335852,0.234399,-3.5262e-05,1.2
54,train,6,1,True,True,5.50466e-25,7.79468e-25,-2.29002e-25,-2.96265e-33,3.11705e-31,-0.00124008,0.0928881,0.0863757,0.117308,False,3.3398550000000005e-25,5.50466e-25,7.79468e-25,-2.29002e-25,False,0.0647558,0.08639,-0.0216342,False,0.111451,0.0863889,0.0250623,True,0.114594,0.0863878,0.0282057,True,0.11571,0.0863868,0.0293231,True,0.116282,0.0863857,0.0298965,True,0.11663,0.0863846,0.0302455,True,0.117032,0.0863824,0.0306493,True,0.117238,0.0863805,0.030858,True,0.117311,0.0863781,0.0309332,True,0.117308,0.0863757,0.0309324,True,0.117305,0.0863738,0.0309317,True,0.117302,0.0863716,0.0309309,True,0.1173,0.0863694,0.0309301,True,4.19431e-25,3.74674e-25,4.07874e-25,1.65558e-25,1.72469e-25,2.89036e-25,3.89673e-25,4.53169e-25,0.813205,0.00573805,1.2,-3.31664e-05
55,train,7,1,True,True,7.85687e-25,5.44706e-25,2.40981e-25,-8.65889e-33,6.34422e-31,-0.00120271,0.0929362,0.0858822,0.116911,True,2.12445875e-24,7.85687e-25,5.44706e-25,2.40981e-25,True,0.0640564,0.0858964,-0.02184,False,0.111067,0.0858953,0.0251712,True,0.114201,0.0858942,0.0283068,True,0.115315,0.0858932,0.029422,True,0.115886,0.0858921,0.0299943,True,0.116234,0.085891,0.0303428,True,0.116635,0.0858888,0.0307461,True,0.116841,0.0858869,0.0309545,True,0.116914,0.0858845,0.0310296,True,0.116911,0.0858822,0.0310288,True,0.116908,0.0858802,0.0310281,True,0.116905,0.0858781,0.0310273,True,0.116902,0.0858759,0.0310265,True,2.27471e-24,2.19565e-24,1.67222e-24,2.53783e-24,1.95933e-24,1.88557e-24,2.27471e-24,2.19565e-24,0.830601,0.00573325,1.2,-2.35867e-05
56,train,8,1,True,True,7.84093e-25,5.3613e-25,2.47963e-25,-8.31871e-33,6.34887e-31,-0.00423546,0.0440023,0.100967,0.0851471,True,2.1225262499999998e-24,7.84093e-25,5.3613e-25,2.47963e-25,True,0.0633456,0.0961353,-0.0327897,False,0.0821119,0.100982,-0.0188705,False,0.0837012,0.100981,-0.0172799,False,0.0842969,0.10098,-0.016683,False,0.0846088,0.100979,-0.0163697,False,0.0848007,0.100977,-0.0161766,False,0.0850244,0.100975,-0.0159504,False,0.0851405,0.100972,-0.015832,False,0.0851494,0.10097,-0.0158203,False,0.0851471,0.100967,-0.0158198,False,0.0851452,0.100965,-0.0158195,False,0.085143,0.100962,-0.0158191,False,0.0851409,0.10096,-0.0158187,False,2.2729e-24,2.19347e-24,1.67077e-24,2.53537e-24,1.9577e-24,1.88364e-24,2.2729e-24,2.19346e-24,0.339344,0.236907,-1.36253e-05,1.2
57,train,9,1,True,True,5.4314e-25,6.34008e-25,-9.08675e-26,-2.93447e-32,3.13277e-31,-0.00108068,0.0932034,0.0736494,0.116703,False,5.169825e-25,5.4314e-25,6.34008e-25,-9.08675e-26,False,0.061428,0.0736616,-0.0122336,False,0.110835,0.0736606,0.0371743,True,0.113991,0.0736597,0.0403317,True,0.11511,0.0736588,0.0414508,True,0.115682,0.0736579,0.0420244,True,0.11603,0.0736569,0.0423733,True,0.116432,0.0736551,0.0427767,True,0.116638,0.0736534,0.0429849,True,0.116706,0.0736514,0.0430547,True,0.116703,0.0736494,0.0430535,True,0.1167,0.0736477,0.0430525,True,0.116697,0.0736459,0.0430515,True,0.116694,0.073644,0.0430504,True,5.32092e-25,7.21652e-25,5.69032e-25,2.73547e-25,3.65038e-25,3.33508e-25,7.38911e-25,6.0208e-25,0.886928,0.00570674,1.2,4.82177e-07
58,train,10,1,True,True,7.82239e-25,5.14016e-25,2.68223e-25,-3.56921e-34,4.70936e-31,-0.00103093,0.0932589,0.0754745,0.116484,True,2.1186399999999998e-24,7.82239e-25,5.14016e-25,2.68223e-25,True,0.0614519,0.075487,-0.0140351,False,0.110623,0.075486,0.0351375,True,0.113777,0.0754851,0.0382916,True,0.114894,0.0754841,0.0394096,True,0.115466,0.0754832,0.0399827,True,0.115814,0.0754822,0.0403313,True,0.116215,0.0754803,0.0407343,True,0.116421,0.0754786,0.0409424,True,0.116487,0.0754765,0.0410107,True,0.116484,0.0754745,0.0410096,True,0.116481,0.0754728,0.0410086,True,0.116478,0.0754709,0.0410076,True,0.116476,0.075469,0.0410066,True,2.26924e-24,2.18908e-24,1.66786e-24,2.53043e-24,1.95443e-24,1.87976e-24,2.26924e-24,2.18908e-24,0.907249,0.00570128,1.2,4.82177e-07
59,train,11,1,True,True,7.7973e-25,4.87695e-25,2.92035e-25,-3.5972e-35,4.70284e-31,-0.000999166,0.0932587,0.0803661,0.11617,True,2.1166825e-24,7.7973e-25,4.87695e-25,2.92035e-25,True,0.0630196,0.0803794,-0.0173597,False,0.110336,0.0803784,0.0299576,True,0.113471,0.0803774,0.033094,True,0.114584,0.0803764,0.0342079,True,0.115155,0.0803753,0.0347793,True,0.115501,0.0803743,0.0351271,True,0.115902,0.0803723,0.0355293,True,0.116108,0.0803705,0.0357371,True,0.116173,0.0803683,0.0358051,True,0.11617,0.0803661,0.0358041,True,0.116168,0.0803643,0.0358033,True,0.116165,0.0803622,0.0358024,True,0.116162,0.0803602,0.0358015,True,2.26739e-24,2.18687e-24,1.6664e-24,2.52794e-24,1.95278e-24,1.87781e-24,2.2674e-24,2.18687e-24,0.918591,0.00570129,1.2,4.82177e-07
60,train,0,0,True,True,5.03049e-25,7.77531e-25,-2.74482e-25,-6.92398e-33,6.36494e-31,0.0211066,0.0441969,0.112782,0.0839175,False,2.11472125e-24,5.03049e-25,7.77531e-25,-2.74482e-25,False,0.0897176,0.0602963,0.0294213,True,0.110956,0.0808446,0.0301109,True,0.111971,0.082461,0.0295098,True,0.112322,0.0830626,0.0292592,True,0.112498,0.0833768,0.0291212,True,0.112603,0.0835698,0.0290336,True,0.112723,0.0837944,0.0289284,True,0.112783,0.0839108,0.0288721,True,0.112785,0.0839199,0.0288656,True,0.112782,0.0839175,0.0288648,True,0.11278,0.0839157,0.0288641,True,0.112777,0.0839136,0.0288634,True,0.112774,0.0839114,0.0288627,True,2.26554e-24,2.18466e-24,1.66493e-24,2.52545e-24,1.95112e-24,1.87586e-24,2.26555e-24,2.18466e-24,0.332944,0.234365,-1.20642e-06,1.2
61,train,1,0,True,True,7.4804e-25,5.28324e-25,2.19715e-25,1.52479e-31,3.12036e-31,0.0262704,0.0454066,0.106898,0.0830399,True,2.0786812499999995e-25,7.4804e-25,5.28324e-25,2.19715e-25,True,0.0907938,0.0609875,0.0298063,True,0.106414,0.0799995,0.0264145,True,0.106773,0.0815926,0.0251801,True,0.106857,0.0821891,0.0246682,True,0.106887,0.0825013,0.0243854,True,0.106898,0.0826934,0.0242051,True,0.106905,0.0829172,0.0239874,True,0.106904,0.0830333,0.0238706,True,0.106901,0.0830422,0.0238589,True,0.106898,0.0830399,0.0238582,True,0.106896,0.083038,0.0238577,True,0.106893,0.0830359,0.0238571,True,0.10689,0.0830338,0.0238565,True,1.37692e-25,5.09035e-25,6.26396e-73,5.10959e-25,7.34071e-73,2.21549e-25,1.29093e-25,1.54617e-25,0.338296,0.220364,3.09517e-07,1.2
62,train,2,0,True,True,7.0392e-25,5.20368e-25,1.83552e-25,6.13727e-32,3.10153e-31,-0.00191914,0.0449108,0.0851581,0.0819452,True,3.9120029999999995e-25,7.0392e-25,5.20368e-25,1.83552e-25,True,0.0848234,0.0583836,0.0264398,True,0.0851711,0.0788697,0.00630143,True,0.0851701,0.0804847,0.00468538,True,0.085169,0.0810864,0.0040826,True,0.0851679,0.0814013,0.00376667,True,0.0851669,0.081595,0.00357187,True,0.0851647,0.0818209,0.00334378,True,0.0851628,0.0819383,0.0032245,True,0.0851604,0.0819475,0.00321294,True,0.0851581,0.0819452,0.00321286,True,0.0851562,0.0819434,0.00321278,True,0.085154,0.0819413,0.0032127,True,0.0851519,0.0819393,0.00321262,True,5.23856e-25,5.65138e-25,-2.61786e-99,1.13304e-24,5.53304e-26,4.49532e-25,2.41508e-25,1.61198e-25,0.356529,0.224627,4.87641e-07,1.2
63,train,3,0,True,True,5.43884e-25,5.13005e-25,3.08792e-26,-5.96351e-33,3.1887e-31,0.0143612,0.0434696,0.11196,0.0808981,True,1.00114175e-24,5.43884e-25,5.13005e-25,3.08792e-26,True,0.088973,0.0576558,0.0313172,True,0.110826,0.0778333,0.0329922,True,0.111562,0.0794438,0.0321186,True,0.111769,0.080044,0.031725,True,0.111858,0.0803577,0.0314999,True,0.111904,0.0805504,0.0313532,True,0.111947,0.0807748,0.0311725,True,0.111965,0.0808912,0.0310734,True,0.111963,0.0809003,0.0310627,True,0.11196,0.0808981,0.0310619,True,0.111957,0.0808963,0.0310612,True,0.111955,0.0808943,0.0310604,True,0.111952,0.0808922,0.0310596,True,1.45923e-24,8.85315e-25,9.31496e-25,1.09904e-24,6.97348e-25,9.16099e-25,9.56766e-25,1.06384e-24,0.33462,0.243904,4.82182e-07,1.2
64,train,4,0,True,True,7.43557e-25,5.05927e-25,2.3763e-25,1.04574e-31,3.064e-31,0.000302571,0.0431985,0.102652,0.0799107,True,2.7556724999999997e-25,7.43557e-25,5.05927e-25,2.3763e-25,True,0.0882587,0.0566331,0.0316257,True,0.102662,0.0768452,0.0258163,True,0.102667,0.0784561,0.0242107,True,0.102666,0.0790565,0.0236091,True,0.102664,0.0793702,0.0232941,True,0.102663,0.0795629,0.0231001,True,0.10266,0.0797873,0.0228731,True,0.102658,0.0799037,0.0227544,True,0.102655,0.0799129,0.0227424,True,0.102652,0.0799107,0.0227418,True,0.10265,0.0799089,0.0227412,True,0.102648,0.0799069,0.0227407,True,0.102645,0.0799049,0.0227401,True,2.31537e-25,4.24254e-25,2.35258e-25,3.75433e-25,8.866e-26,3.20017e-25,2.61083e-25,2.68296e-25,0.336316,0.247335,4.82196e-07,1.2
65,train,5,0,True,True,6.71197e-25,4.99254e-25,1.71942e-25,2.63225e-33,3.04559e-31,0.00144753,0.0429312,0.107011,0.0789732,True,3.6162262499999996e-25,6.71197e-25,4.99254e-25,1.71942e-25,True,0.0885178,0.055974,0.0325437,True,0.106868,0.0759134,0.0309549,True,0.107021,0.0775202,0.0295004,True,0.107025,0.0781197,0.028905,True,0.107023,0.078433,0.0285903,True,0.107022,0.0786256,0.0283964,True,0.107019,0.0788499,0.0281694,True,0.107017,0.0789662,0.0280507,True,0.107014,0.0789754,0.0280385,True,0.107011,0.0789732,0.0280377,True,0.107009,0.0789715,0.0280371,True,0.107006,0.0789695,0.0280364,True,0.107003,0.0789675,0.0280357,True,4.50962e-25,2.19198e-25,6.00556e-25,1.6988e-25,2.55496e-25,3.06803e-25,4.71414e-25,4.18672e-25,0.335834,0.250654,4.82189e-07,1.2
66,train,6,1,True,True,4.92922e-25,7.04502e-25,-2.1158e-25,1.09983e-32,3.02749e-31,-0.000841723,0.0901314,0.077986,0.110226,False,3.2434412499999997e-25,4.92922e-25,7.04502e-25,-2.1158e-25,False,0.0576997,0.0779989,-0.0202992,False,0.104535,0.0779979,0.0265369,True,0.107591,0.0779969,0.0295936,True,0.108676,0.077996,0.0306802,True,0.109233,0.077995,0.0312378,True,0.109571,0.077994,0.0315772,True,0.109962,0.077992,0.0319697,True,0.110163,0.0779903,0.0321726,True,0.110229,0.0779881,0.032241,True,0.110226,0.077986,0.0322401,True,0.110224,0.0779842,0.0322394,True,0.110221,0.0779823,0.0322386,True,0.110218,0.0779803,0.0322377,True,4.1331e-25,3.60305e-25,3.96618e-25,1.57215e-25,1.62085e-25,2.82073e-25,3.7877e-25,4.44377e-25,0.952173,0.00602803,1.2,4.82184e-07
67,train,7,1,True,True,7.29438e-25,4.87244e-25,2.42194e-25,-5.8225e-33,6.15649e-31,-0.000808771,0.0899553,0.072102,0.109799,True,2.10077125e-24,7.29438e-25,4.87244e-25,2.42194e-25,True,0.0553248,0.072114,-0.0167892,False,0.104107,0.0721131,0.0319944,True,0.107164,0.0721122,0.035052,True,0.108249,0.0721113,0.0361382,True,0.108806,0.0721104,0.0366955,True,0.109144,0.0721095,0.0370347,True,0.109535,0.0721076,0.0374271,True,0.109736,0.072106,0.0376299,True,0.109802,0.072104,0.0376979,True,0.109799,0.072102,0.0376969,True,0.109796,0.0721004,0.0376961,True,0.109794,0.0720986,0.0376951,True,0.109791,0.0720968,0.0376942,True,2.25233e-24,2.16898e-24,1.65446e-24,2.50776e-24,1.93931e-24,1.86202e-24,2.25233e-24,2.16898e-24,0.962685,0.0060476,1.2,4.82185e-07
68,train,8,1,True,True,7.26676e-25,4.82421e-25,2.44255e-25,-5.57989e-33,6.14793e-31,-0.00344782,0.0424513,0.091521,0.0770837,True,2.0976475e-24,7.26676e-25,4.82421e-25,2.44255e-25,True,0.0543059,0.085812,-0.0315061,False,0.0740285,0.091535,-0.0175065,False,0.075632,0.0915338,-0.0159019,False,0.0762306,0.0915327,-0.0153021,False,0.0765437,0.0915315,-0.0149879,False,0.0767361,0.0915304,-0.0147943,False,0.0769603,0.0915281,-0.0145678,False,0.0770765,0.091526,-0.0144495,False,0.0770859,0.0915235,-0.0144377,False,0.0770837,0.091521,-0.0144373,False,0.077082,0.0915189,-0.0144369,False,0.0770801,0.0915166,-0.0144366,False,0.0770781,0.0915143,-0.0144362,False,2.24916e-24,2.16555e-24,1.65227e-24,2.50365e-24,1.93667e-24,1.85917e-24,2.24916e-24,2.16555e-24,0.339623,0.256464,4.82217e-07,1.2
69,train,9,1,True,True,4.84138e-25,5.79305e-25,-9.51669e-26,-2.39574e-32,3.01328e-31,-0.000718186,0.0898024,0.068284,0.109293,False,5.0463825e-25,4.84138e-25,5.79305e-25,-9.51669e-26,False,0.0546103,0.0682953,-0.013685,False,0.103578,0.0682945,0.0352835,True,0.106651,0.0682936,0.0383577,True,0.107741,0.0682927,0.0394482,True,0.108299,0.0682919,0.0400074,True,0.108639,0.068291,0.0403476,True,0.10903,0.0682893,0.040741,True,0.109232,0.0682878,0.0409442,True,0.109296,0.0682859,0.0410099,True,0.109293,0.068284,0.0410088,True,0.10929,0.0682825,0.0410079,True,0.109288,0.0682808,0.0410069,True,0.109285,0.068279,0.0410058,True,5.27269e-25,6.94737e-25,5.61581e-25,2.5914e-25,3.52419e-25,3.24479e-25,7.2246e-25,5.95021e-25,0.989909,0.00606472,1.2,4.82186e-07
70,train,10,1,True,True,7.23042e-25,4.6785e-25,2.55192e-25,-4.8671e-33,6.13895e-31,-0.00067609,0.0896724,0.0751527,0.108995,True,2.0936625e-24,7.23042e-25,4.6785e-25,2.55192e-25,True,0.05616,0.0751652,-0.0190052,False,0.103306,0.0751642,0.0281423,True,0.10636,0.0751633,0.031197,True,0.107446,0.0751623,0.0322839,True,0.108003,0.0751614,0.0328419,True,0.108342,0.0751604,0.0331817,True,0.108733,0.0751586,0.0335748,True,0.108935,0.0751569,0.0337779,True,0.108998,0.0751548,0.0338429,True,0.108995,0.0751527,0.033842,True,0.108992,0.075151,0.0338412,True,0.108989,0.0751491,0.0338403,True,0.108987,0.0751472,0.0338395,True,2.24538e-24,2.16108e-24,1.64926e-24,2.49862e-24,1.93329e-24,1.85521e-24,2.24538e-24,2.16108e-24,1.00146,0.00607935,1.2,4.82186e-07
71,train,11,1,True,True,7.20405e-25,4.63391e-25,2.57015e-25,-4.62786e-33,6.12932e-31,-0.000642866,0.08952,0.0745215,0.108656,True,2.09162125e-24,7.20405e-25,4.63391e-25,2.57015e-25,True,0.0557704,0.0745338,-0.0187634,False,0.102963,0.0745329,0.0284303,True,0.10602,0.0745319,0.0314883,True,0.107107,0.074531,0.0325761,True,0.107665,0.0745301,0.0331345,True,0.108004,0.0745291,0.0334744,True,0.108395,0.0745273,0.0338678,True,0.108597,0.0745256,0.034071,True,0.108659,0.0745235,0.0341356,True,0.108656,0.0745215,0.0341346,True,0.108654,0.0745198,0.0341338,True,0.108651,0.0745179,0.034133,True,0.108648,0.0745161,0.0341321,True,2.24343e-24,2.1588e-24,1.64772e-24,2.49604e-24,1.93155e-24,1.8532e-24,2.24343e-24,2.1588e-24,1.00993,0.00609659,1.2,4.82187e-07
72,train,0,0,True,True,4.58656e-25,7.17861e-25,-2.59205e-25,-4.37396e-33,6.11971e-31,0.0224632,0.0421721,0.105139,0.0756094,False,2.08948875e-24,4.58656e-25,7.17861e-25,-2.59205e-25,False,0.0846249,0.054346,0.0302789,True,0.103416,0.0725872,0.0308289,True,0.10437,0.074167,0.0302032,True,0.104702,0.0747604,0.0299417,True,0.104869,0.0750715,0.0297977,True,0.104969,0.0752629,0.0297062,True,0.105083,0.0754862,0.0295963,True,0.10514,0.0756022,0.0295376,True,0.105142,0.0756115,0.0295307,True,0.105139,0.0756094,0.0295299,True,0.105137,0.0756077,0.0295292,True,0.105134,0.0756058,0.0295285,True,0.105132,0.0756039,0.0295278,True,2.24138e-24,2.15642e-24,1.64613e-24,2.49333e-24,1.92974e-24,1.85111e-24,2.24138e-24,2.15642e-24,0.332665,0.259772,4.82192e-07,1.2
73,train,1,0,True,True,6.88203e-25,4.70973e-25,2.1723e-25,1.61674e-31,2.97999e-31,0.00989136,0.0419789,0.0995989,0.0749765,True,2.02224375e-25,6.88203e-25,4.70973e-25,2.1723e-25,True,0.0841903,0.0538472,0.0303431,True,0.0991515,0.0719575,0.027194,True,0.0994905,0.073535,0.0259555,True,0.0995674,0.0741279,0.0254395,True,0.0995928,0.0744387,0.025154,True,0.0996021,0.0746301,0.024972,True,0.0996059,0.0748533,0.0247525,True,0.0996044,0.0749692,0.0246352,True,0.0996017,0.0749786,0.0246231,True,0.0995989,0.0749765,0.0246224,True,0.0995967,0.0749748,0.0246219,True,0.0995942,0.0749729,0.0246212,True,0.0995917,0.074971,0.0246206,True,1.29185e-25,5.06989e-25,6.27829e-73,5.02282e-25,7.35997e-73,2.10473e-25,1.23333e-25,1.45533e-25,0.335906,0.262002,4.82201e-07,1.2
74,train,2,0,True,True,6.46774e-25,4.65898e-25,1.80877e-25,7.18706e-32,2.96386e-31,-0.00146805,0.0429637,0.0789039,0.074362,True,3.8091338750000003e-25,6.46774e-25,4.65898e-25,1.80877e-25,True,0.0785934,0.0518841,0.0267093,True,0.078916,0.0712235,0.00769251,True,0.078915,0.0728556,0.00605937,True,0.078914,0.0734729,0.00544112,True,0.078913,0.0737977,0.00511533,True,0.078912,0.0739981,0.00491395,True,0.07891,0.0742323,0.00467779,True,0.0789083,0.0743541,0.00455418,True,0.0789061,0.0743641,0.004542,True,0.0789039,0.074362,0.00454188,True,0.0789021,0.0743604,0.00454177,True,0.0789002,0.0743585,0.00454166,True,0.0788982,0.0743566,0.00454154,True,5.03871e-25,5.56728e-25,1.69877e-99,1.13109e-24,4.55011e-26,4.29795e-25,2.32922e-25,1.474e-25,0.359345,0.25038,4.82253e-07,1.2
75,train,3,0,True,True,4.95557e-25,4.61913e-25,3.36432e-26,-1.04364e-32,3.03134e-31,0.017279,0.0415158,0.104381,0.0735501,True,9.73837875e-25,4.95557e-25,4.61913e-25,3.36432e-26,True,0.0819735,0.0511526,0.0308209,True,0.103229,0.070503,0.0327261,True,0.103975,0.0721006,0.0318749,True,0.104185,0.0726979,0.0314876,True,0.104276,0.0730105,0.0312651,True,0.104323,0.0732026,0.0311199,True,0.104367,0.0734266,0.0309407,True,0.104385,0.0735427,0.0308423,True,0.104384,0.0735522,0.0308316,True,0.104381,0.0735501,0.0308308,True,0.104379,0.0735485,0.0308301,True,0.104376,0.0735466,0.0308293,True,0.104373,0.0735448,0.0308285,True,1.43685e-24,8.52336e-25,9.07454e-25,1.06193e-24,6.65423e-25,8.98235e-25,9.24845e-25,1.04363e-24,0.334106,0.267209,4.82193e-07,1.2
76,train,4,0,True,True,6.84934e-25,4.56974e-25,2.2796e-25,1.25173e-31,2.9324e-31,0.00186762,0.0413844,0.0949597,0.0728738,True,2.67400975e-25,6.84934e-25,4.56974e-25,2.2796e-25,True,0.0814924,0.0506904,0.0308019,True,0.094969,0.0698314,0.0251376,True,0.094973,0.0714256,0.0235474,True,0.0949718,0.0720221,0.0229497,True,0.0949707,0.0723344,0.0226363,True,0.0949695,0.0725264,0.022443,True,0.0949671,0.0727502,0.0222169,True,0.0949649,0.0728664,0.0220986,True,0.0949623,0.0728758,0.0220865,True,0.0949597,0.0728738,0.0220859,True,0.0949576,0.0728722,0.0220854,True,0.0949552,0.0728703,0.0220848,True,0.0949528,0.0728685,0.0220843,True,2.25737e-25,4.17415e-25,2.27738e-25,3.623e-25,8.27138e-26,3.06754e-25,2.58048e-25,2.58502e-25,0.336412,0.268668,4.82209e-07,1.2
77,train,5,0,True,True,6.1313e-25,4.52412e-25,1.60718e-25,1.3916e-32,2.92549e-31,0.00341343,0.0410818,0.0993957,0.0722207,True,3.5203612500000005e-25,6.1313e-25,4.52412e-25,1.60718e-25,True,0.0812323,0.0499862,0.0312462,True,0.0992288,0.0691772,0.0300516,True,0.0994012,0.0707722,0.0286291,True,0.0994084,0.0713689,0.0280395,True,0.0994071,0.0716812,0.027726,True,0.0994059,0.0718732,0.0275327,True,0.0994034,0.072097,0.0273064,True,0.0994012,0.0722132,0.027188,True,0.0993984,0.0722227,0.0271757,True,0.0993957,0.0722207,0.027175,True,0.0993934,0.0722191,0.0271744,True,0.0993909,0.0722173,0.0271737,True,0.0993885,0.0722154,0.027173,True,4.45591e-25,2.03648e-25,5.89508e-25,1.57134e-25,2.47157e-25,2.99506e-25,4.63997e-25,4.09748e-25,0.335887,0.271916,4.82201e-07,1.2
78,train,6,1,True,True,4.47322e-25,6.45249e-25,-1.97926e-25,2.523e-32,2.90378e-31,-0.000459411,0.0872503,0.0710051,0.10498,False,3.1422325e-25,4.47322e-25,6.45249e-25,-1.97926e-25,False,0.0520249,0.0710169,-0.018992,False,0.099267,0.071016,0.0282509,True,0.102339,0.0710151,0.0313239,True,0.103429,0.0710142,0.0324144,True,0.103987,0.0710133,0.0329734,True,0.104326,0.0710124,0.0333136,True,0.104717,0.0710107,0.0337068,True,0.104919,0.0710091,0.0339098,True,0.104983,0.0710071,0.0339757,True,0.10498,0.0710051,0.0339748,True,0.104978,0.0710035,0.033974,True,0.104975,0.0710018,0.0339732,True,0.104972,0.071,0.0339723,True,4.06426e-25,3.45155e-25,3.84321e-25,1.48478e-25,1.51823e-25,2.75289e-25,3.67589e-25,4.34705e-25,1.04089,0.00636622,1.2,4.82192e-07
79,train,7,1,True,True,6.88815e-25,4.39627e-25,2.49188e-25,-3.09204e-33,5.96991e-31,-0.00042959,0.0870081,0.06588,0.104575,True,2.07493875e-24,6.88815e-25,4.39627e-25,2.49188e-25,True,0.0498238,0.0658909,-0.0160672,False,0.0988537,0.0658901,0.0329636,True,0.101936,0.0658893,0.0360466,True,0.103026,0.0658884,0.0371374,True,0.103584,0.0658876,0.037696,True,0.103922,0.0658868,0.0380356,True,0.104313,0.0658851,0.038428,True,0.104514,0.0658836,0.0386305,True,0.104578,0.0658818,0.0386961,True,0.104575,0.06588,0.038695,True,0.104573,0.0658785,0.0386942,True,0.10457,0.0658769,0.0386932,True,0.104567,0.0658752,0.0386922,True,2.22744e-24,2.14018e-24,1.63516e-24,2.47497e-24,1.91733e-24,1.83681e-24,2.22744e-24,2.14018e-24,1.04752,0.00639649,1.2,4.82193e-07
80,train,8,1,True,True,6.86053e-25,4.18011e-25,2.68042e-25,-2.87615e-33,5.95641e-31,-0.00265569,0.0410498,0.0842987,0.0706215,True,2.0728274999999998e-24,6.86053e-25,4.18011e-25,2.68042e-25,True,0.0485739,0.0787922,-0.0302183,False,0.0675822,0.0843116,-0.0167294,False,0.0691741,0.0843105,-0.0151364,False,0.0697701,0.0843095,-0.0145394,False,0.0700821,0.0843084,-0.0142263,False,0.0702741,0.0843073,-0.0140333,False,0.0704978,0.0843052,-0.0138075,False,0.0706139,0.0843033,-0.0136894,False,0.0706234,0.084301,-0.0136776,False,0.0706215,0.0842987,-0.0136772,False,0.0706199,0.0842968,-0.0136769,False,0.0706181,0.0842947,-0.0136765,False,0.0706163,0.0842925,-0.0136762,False,2.22541e-24,2.13783e-24,1.63356e-24,2.47231e-24,1.91552e-24,1.83474e-24,2.22542e-24,2.13783e-24,0.339973,0.272352,4.82235e-07,1.2
81,train,9,1,True,True,4.39023e-25,5.30538e-25,-9.15153e-26,-1.84193e-32,2.91277e-31,-0.000352732,0.086682,0.0691099,0.103984,False,4.9279725e-25,4.39023e-25,5.30538e-25,-9.15153e-26,False,0.0508701,0.0691213,-0.0182512,False,0.0983011,0.0691204,0.0291806,True,0.101361,0.0691196,0.0322413,True,0.102444,0.0691187,0.0333256,True,0.102999,0.0691178,0.0338811,True,0.103336,0.069117,0.0342189,True,0.103725,0.0691152,0.0346093,True,0.103925,0.0691137,0.0348109,True,0.103987,0.0691118,0.0348753,True,0.103984,0.0691099,0.0348743,True,0.103982,0.0691083,0.0348735,True,0.103979,0.0691066,0.0348726,True,0.103977,0.0691048,0.0348718,True,5.24284e-25,6.68091e-25,5.54441e-25,2.44809e-25,3.4062e-25,3.15779e-25,7.0603e-25,5.88324e-25,1.06245,0.00643775,1.2,4.82193e-07
82,train,10,1,True,True,6.81751e-25,3.94307e-25,2.87444e-25,-2.25727e-33,5.9355e-31,-0.000313674,0.0864648,0.0639512,0.103655,True,2.0686737499999997e-24,6.81751e-25,3.94307e-25,2.87444e-25,True,0.0487953,0.0639618,-0.0151665,False,0.0979667,0.063961,0.0340057,True,0.101036,0.0639602,0.0370754,True,0.102119,0.0639594,0.0381596,True,0.102673,0.0639586,0.0387145,True,0.103009,0.0639578,0.0390516,True,0.103397,0.0639562,0.039441,True,0.103597,0.0639547,0.0396419,True,0.103658,0.063953,0.0397052,True,0.103655,0.0639512,0.0397041,True,0.103653,0.0639497,0.0397032,True,0.10365,0.0639481,0.0397022,True,0.103648,0.0639465,0.0397012,True,2.22143e-24,2.1332e-24,1.63041e-24,2.46709e-24,1.91197e-24,1.83066e-24,2.22143e-24,2.1332e-24,1.07089,0.00646552,1.2,4.82194e-07
83,train,11,1,True,True,6.78953e-25,4.26193e-25,2.5276e-25,-2.04585e-33,5.91912e-31,-0.000284318,0.0862126,0.066286,0.103276,True,2.06753875e-24,6.78953e-25,4.26193e-25,2.5276e-25,True,0.0495802,0.066297,-0.0167168,False,0.0975913,0.0662961,0.0312951,True,0.100661,0.0662953,0.0343653,True,0.101743,0.0662945,0.0354487,True,0.102296,0.0662936,0.0360027,True,0.102632,0.0662928,0.0363393,True,0.103019,0.0662912,0.0367278,True,0.103218,0.0662897,0.0369283,True,0.103279,0.0662878,0.0369914,True,0.103276,0.066286,0.0369904,True,0.103274,0.0662845,0.0369896,True,0.103271,0.0662828,0.0369887,True,0.103269,0.0662812,0.0369877,True,2.22051e-24,2.13188e-24,1.62941e-24,2.4658e-24,1.91098e-24,1.82934e-24,2.22051e-24,2.13188e-24,1.0757,0.00649812,1.2,4.82195e-07
84,train,0,0,True,True,5.06956e-25,8.89728e-25,-3.82772e-25,-3.17657e-33,9.78442e-31,0.0231712,0.0401078,0.0981533,0.0689763,False,2.8953200000000002e-24,5.06956e-25,8.89728e-25,-3.82772e-25,False,0.0769537,0.0470967,0.0298571,True,0.0964438,0.0659407,0.0305031,True,0.0973911,0.06753,0.0298611,True,0.0977202,0.0681253,0.0295948,True,0.0978856,0.0684372,0.0294485,True,0.0979846,0.068629,0.0293557,True,0.0980969,0.0688526,0.0292443,True,0.0981534,0.0689686,0.0291848,True,0.098156,0.0689782,0.0291778,True,0.0981533,0.0689763,0.0291769,True,0.0981511,0.0689748,0.0291763,True,0.0981486,0.068973,0.0291756,True,0.0981461,0.0689713,0.0291748,True,3.11641e-24,2.99104e-24,2.26627e-24,3.45223e-24,2.67385e-24,2.5553e-24,3.11642e-24,2.99104e-24,0.332773,0.281905,4.82203e-07,1.2
85,train,1,0,True,True,6.36699e-25,4.2635e-25,2.10349e-25,1.66422e-31,2.83875e-31,0.0111947,0.0399706,0.0930387,0.0684615,True,1.96294e-25,6.36699e-25,4.2635e-25,2.10349e-25,True,0.0764169,0.0466431,0.0297738,True,0.0925472,0.0654274,0.0271197,True,0.0929131,0.0670156,0.0258975,True,0.0929981,0.0676107,0.0253874,True,0.0930273,0.0679224,0.0251049,True,0.0930388,0.0681142,0.0249246,True,0.0930445,0.0683377,0.0247068,True,0.0930438,0.0684538,0.02459,True,0.0930413,0.0684634,0.0245779,True,0.0930387,0.0684615,0.0245772,True,0.0930366,0.06846,0.0245766,True,0.0930343,0.0684583,0.024576,True,0.093032,0.0684566,0.0245754,True,1.20755e-25,5.04676e-25,8.64348e-73,4.92575e-25,1.0198e-72,1.98752e-25,1.17269e-25,1.36325e-25,0.335974,0.283249,4.82214e-07,1.2
86,train,2,0,True,True,5.97374e-25,4.22039e-25,1.75335e-25,8.12016e-32,2.82963e-31,-0.001024,0.0415914,0.0731193,0.0681596,True,3.70333925e-25,5.97374e-25,4.22039e-25,1.75335e-25,True,0.0727767,0.0463576,0.0264191,True,0.0731305,0.0649808,0.00814969,True,0.0731296,0.0666324,0.00649717,True,0.0731286,0.0672581,0.00587054,True,0.0731277,0.0675873,0.00554038,True,0.0731268,0.0677904,0.00533639,True,0.073125,0.0680277,0.00509731,True,0.0731233,0.068151,0.00497228,True,0.0731213,0.0681615,0.00495983,True,0.0731193,0.0681596,0.00495969,True,0.0731176,0.0681581,0.00495958,True,0.0731158,0.0681563,0.00495945,True,0.073114,0.0681546,0.00495933,True,4.83053e-25,5.4809e-25,-1.15754e-99,1.12795e-24,3.55444e-26,4.09697e-25,2.24623e-25,1.33714e-25,0.36331,0.266617,4.82276e-07,1.2
87,train,3,0,True,True,4.65312e-25,4.20059e-25,4.52534e-26,-7.14776e-33,2.9468e-31,0.0197533,0.0395894,0.0977182,0.0674001,True,9.444725e-25,4.65312e-25,4.20059e-25,4.52534e-26,True,0.0757001,0.0457102,0.0299899,True,0.0965187,0.064369,0.0321497,True,0.0972892,0.065955,0.0313342,True,0.0975086,0.0665496,0.030959,True,0.0976037,0.0668612,0.0307425,True,0.0976538,0.0670528,0.0306009,True,0.0977021,0.0672763,0.0304258,True,0.0977219,0.0673923,0.0303295,True,0.0977209,0.067402,0.0303189,True,0.0977182,0.0674001,0.0303181,True,0.097716,0.0673986,0.0303174,True,0.0977136,0.0673969,0.0303167,True,0.0977111,0.0673952,0.0303159,True,1.41151e-24,8.17178e-25,8.80485e-25,1.02377e-24,6.32623e-25,8.77991e-25,8.91993e-25,1.02023e-24,0.333707,0.286874,4.82204e-07,1.2
88,train,4,0,True,True,6.32249e-25,4.14893e-25,2.17356e-25,1.42584e-31,2.80312e-31,0.00332443,0.0397007,0.0882638,0.0668851,True,2.5832278750000003e-25,6.32249e-25,4.14893e-25,2.17356e-25,True,0.0752509,0.0454499,0.029801,True,0.0882716,0.0638598,0.0244118,True,0.0882762,0.0654416,0.0228346,True,0.0882751,0.0660353,0.0222398,True,0.088274,0.0663465,0.0219275,True,0.0882729,0.066538,0.0217349,True,0.0882707,0.0667613,0.0215094,True,0.0882687,0.0668773,0.0213914,True,0.0882663,0.066887,0.0213793,True,0.0882638,0.0668851,0.0213787,True,0.0882618,0.0668836,0.0213782,True,0.0882596,0.0668819,0.0213777,True,0.0882574,0.0668802,0.0213772,True,2.18979e-25,4.08444e-25,2.19262e-25,3.47429e-25,7.67773e-26,2.92917e-25,2.549e-25,2.47874e-25,0.336555,0.285895,4.82225e-07,1.2
89,train,5,0,True,True,5.6315e-25,4.12048e-25,1.51102e-25,2.43955e-32,2.81191e-31,0.00713539,0.033636,0.0928826,0.0663805,True,3.41518e-25,5.6315e-25,4.12048e-25,1.51102e-25,True,0.074982,0.0450101,0.0299719,True,0.0926763,0.0633568,0.0293195,True,0.0928806,0.0649376,0.027943,True,0.0928943,0.065531,0.0273633,True,0.0928933,0.0658421,0.0270512,True,0.0928921,0.0660336,0.0268586,True,0.0928898,0.0662568,0.0266329,True,0.0928877,0.0663728,0.0265149,True,0.0928851,0.0663823,0.0265028,True,0.0928826,0.0663805,0.0265021,True,0.0928805,0.066379,0.0265015,True,0.0928781,0.0663773,0.0265008,True,0.0928758,0.0663757,0.0265002,True,4.38248e-25,1.8783e-25,5.76056e-25,1.44145e-25,2.38805e-25,2.91876e-25,4.55698e-25,3.99486e-25,0.337182,0.325761,4.82214e-07,1.2
90,train,6,1,True,True,4.08055e-25,5.96179e-25,-1.88124e-25,4.04121e-32,2.7804e-31,0.00124673,0.0565097,0.0649753,0.100081,False,3.0360600000000003e-25,4.08055e-25,5.96179e-25,-1.88124e-25,False,0.0470433,0.064986,-0.0179427,False,0.0944978,0.0649852,0.0295126,True,0.0974869,0.0649844,0.0325026,True,0.0985468,0.0649836,0.0335632,True,0.0990899,0.0649827,0.0341072,True,0.0994201,0.0649819,0.0344382,True,0.0998012,0.0649803,0.0348209,True,0.0999975,0.0649788,0.0350186,True,0.100084,0.064977,0.0351065,True,0.100081,0.0649753,0.0351055,True,0.100078,0.0649738,0.0351047,True,0.100076,0.0649722,0.0351038,True,0.100073,0.0649705,0.0351029,True,3.98256e-25,3.29262e-25,3.71022e-25,1.39374e-25,1.4171e-25,2.68746e-25,3.56234e-25,4.24244e-25,1.10222,0.0216393,1.2,4.822e-07
91,train,7,1,True,True,6.50967e-25,3.98692e-25,2.52275e-25,-4.21849e-34,5.76008e-31,0.00128481,0.0561865,0.0652213,0.0996361,True,2.0492875e-24,6.50967e-25,3.98692e-25,2.52275e-25,True,0.0465235,0.0652321,-0.0187086,False,0.0940442,0.0652313,0.0288129,True,0.0970378,0.0652304,0.0318073,True,0.0980992,0.0652296,0.0328696,True,0.0986431,0.0652288,0.0334143,True,0.0989738,0.065228,0.0337458,True,0.0993554,0.0652264,0.0341291,True,0.0995519,0.0652249,0.034327,True,0.0996388,0.0652231,0.0344157,True,0.0996361,0.0652213,0.0344148,True,0.0996338,0.0652198,0.034414,True,0.0996313,0.0652182,0.0344131,True,0.0996288,0.0652165,0.0344123,True,2.20269e-24,2.1117e-24,1.61573e-24,2.44272e-24,1.89533e-24,1.81174e-24,2.20269e-24,2.1117e-24,1.10646,0.0232889,1.2,4.82201e-07
92,train,8,1,True,True,6.48021e-25,3.95615e-25,2.52406e-25,-2.07258e-34,5.74297e-31,-0.0018711,0.0399791,0.0779191,0.0649652,True,2.047025e-24,6.48021e-25,3.95615e-25,2.52406e-25,True,0.0435682,0.0725498,-0.0289816,False,0.0619396,0.077931,-0.0159915,False,0.0635216,0.0779301,-0.0144085,False,0.0641153,0.0779291,-0.0138138,False,0.0644264,0.0779281,-0.0135017,False,0.0646179,0.0779271,-0.0133092,False,0.0648413,0.0779252,-0.0130839,False,0.0649572,0.0779234,-0.0129662,False,0.064967,0.0779213,-0.0129543,False,0.0649652,0.0779191,-0.0129539,False,0.0649637,0.0779174,-0.0129536,False,0.0649621,0.0779154,-0.0129533,False,0.0649605,0.0779135,-0.012953,False,2.20048e-24,2.1092e-24,1.61403e-24,2.43986e-24,1.89339e-24,1.80956e-24,2.20048e-24,2.1092e-24,0.340378,0.283453,4.82256e-07,1.2
93,train,9,1,True,True,3.99229e-25,4.85784e-25,-8.65555e-26,-1.28824e-32,2.83813e-31,1.10574e-05,0.0832702,0.0607338,0.0989392,False,4.7860425e-25,3.99229e-25,4.85784e-25,-8.65555e-26,False,0.0452972,0.0607439,-0.0154466,False,0.0933203,0.0607431,0.0325772,True,0.0963438,0.0607423,0.0356014,True,0.0974128,0.0607416,0.0366712,True,0.0979598,0.0607408,0.037219,True,0.0982921,0.0607401,0.037552,True,0.0986754,0.0607385,0.0379369,True,0.0988726,0.0607372,0.0381355,True,0.098942,0.0607355,0.0382065,True,0.0989392,0.0607338,0.0382054,True,0.098937,0.0607324,0.0382046,True,0.0989345,0.0607309,0.0382036,True,0.098932,0.0607294,0.0382027,True,5.19051e-25,6.37279e-25,5.44501e-25,2.29959e-25,3.28536e-25,3.06416e-25,6.84613e-25,5.78479e-25,1.11568,0.00690605,1.2,4.82202e-07
94,train,10,1,True,True,6.42999e-25,3.87494e-25,2.55505e-25,3.27318e-34,5.71453e-31,4.51944e-05,0.0830028,0.0635668,0.0985627,True,2.04270875e-24,6.42999e-25,3.87494e-25,2.55505e-25,True,0.0454197,0.0635773,-0.0181576,False,0.09297,0.0635765,0.0293935,True,0.0959732,0.0635757,0.0323975,True,0.0970382,0.0635749,0.0334633,True,0.0975839,0.0635741,0.0340098,True,0.0979156,0.0635733,0.0343423,True,0.0982985,0.0635717,0.0347268,True,0.0984956,0.0635703,0.0349253,True,0.0985654,0.0635686,0.0349969,True,0.0985627,0.0635668,0.0349959,True,0.0985605,0.0635654,0.0349951,True,0.098558,0.0635638,0.0349942,True,0.0985555,0.0635622,0.0349934,True,2.1963e-24,2.10443e-24,1.61074e-24,2.43446e-24,1.88967e-24,1.80535e-24,2.1963e-24,2.10442e-24,1.12052,0.00694587,1.2,4.82203e-07
95,train,11,1,True,True,6.40099e-25,3.86937e-25,2.53162e-25,5.39442e-34,5.69725e-31,7.46464e-05,0.0827332,0.0631312,0.0981781,True,2.0405025e-24,6.40099e-25,3.86937e-25,2.53162e-25,True,0.045024,0.0631417,-0.0181177,False,0.0925788,0.0631409,0.0294379,True,0.0955851,0.0631401,0.032445,True,0.0966512,0.0631393,0.0335118,True,0.0971974,0.0631385,0.0340589,True,0.0975295,0.0631377,0.0343917,True,0.0979127,0.0631361,0.0347766,True,0.09811,0.0631347,0.0349753,True,0.0981808,0.063133,0.0350479,True,0.0981781,0.0631312,0.0350469,True,0.0981759,0.0631298,0.0350461,True,0.0981735,0.0631282,0.0350452,True,0.098171,0.0631266,0.0350444,True,2.19415e-24,2.10199e-24,1.60906e-24,2.4317e-24,1.88777e-24,1.80321e-24,2.19415e-24,2.10199e-24,1.12393,0.00698653,1.2,4.82203e-07
96,train,0,0,True,True,3.81645e-25,6.37217e-25,-2.55572e-25,7.52527e-34,5.67975e-31,0.0234688,0.0382691,0.091582,0.0632722,False,2.0382175000000003e-24,3.81645e-25,6.37217e-25,-2.55572e-25,False,0.0711457,0.0420678,0.0290779,True,0.0899199,0.0602505,0.0296693,True,0.0908362,0.0618297,0.0290066,True,0.0911568,0.0624227,0.0287341,True,0.0913187,0.0627336,0.028585,True,0.0914158,0.062925,0.0284908,True,0.0915261,0.0631482,0.0283779,True,0.0915818,0.0632642,0.0283177,True,0.0915845,0.063274,0.0283105,True,0.091582,0.0632722,0.0283098,True,0.0915799,0.0632708,0.0283091,True,0.0915776,0.0632692,0.0283084,True,0.0915753,0.0632676,0.0283077,True,2.19191e-24,2.09947e-24,1.60734e-24,2.42882e-24,1.8858e-24,1.80101e-24,2.19192e-24,2.09947e-24,0.33313,0.298501,4.82217e-07,1.2
97,train,1,0,True,True,5.8755e-25,3.87734e-25,1.99815e-25,2.17956e-31,3.04347e-31,0.0124156,0.0382163,0.0869257,0.0628199,True,1.8950662500000002e-25,5.8755e-25,3.87734e-25,1.99815e-25,True,0.0721123,0.0429176,0.0291948,True,0.0864705,0.0598323,0.0266382,True,0.0868133,0.0613871,0.0254262,True,0.0868916,0.0619747,0.0249169,True,0.0869176,0.0622835,0.0246341,True,0.0869274,0.0624739,0.0244535,True,0.0869316,0.0626962,0.0242354,True,0.0869305,0.0628118,0.0241187,True,0.0869281,0.0628216,0.0241065,True,0.0869257,0.0628199,0.0241058,True,0.0869237,0.0628184,0.0241053,True,0.0869215,0.0628169,0.0241047,True,0.0869194,0.0628153,0.0241041,True,1.12371e-25,5.00143e-25,6.13036e-73,4.79922e-25,7.19239e-73,1.86071e-25,1.10698e-25,1.26848e-25,0.33609,0.298964,4.82228e-07,1.2
98,train,2,0,True,True,5.52169e-25,3.84174e-25,1.67995e-25,8.99555e-32,2.71042e-31,-0.000569746,0.0408777,0.0675973,0.0626608,True,3.59507175e-25,5.52169e-25,3.84174e-25,1.67995e-25,True,0.0671851,0.0413835,0.0258015,True,0.0676077,0.0594915,0.00811613,True,0.0676068,0.0611404,0.00646644,True,0.067606,0.061764,0.00584201,True,0.0676051,0.0620917,0.00551344,True,0.0676043,0.0622937,0.00531061,True,0.0676026,0.0625295,0.00507313,True,0.0676011,0.062652,0.00494906,True,0.0675992,0.0626626,0.00493662,True,0.0675973,0.0626608,0.00493648,True,0.0675958,0.0626594,0.00493637,True,0.0675941,0.0626579,0.00493625,True,0.0675924,0.0626563,0.00493612,True,4.61592e-25,5.39262e-25,2.39669e-99,1.12363e-24,2.54824e-26,3.8926e-25,2.1667e-25,1.20161e-25,0.369111,0.274644,4.82305e-07,1.2
99,train,3,0,True,True,4.15606e-25,3.8317e-25,3.24355e-26,-3.82512e-33,2.90124e-31,0.0219118,0.0378331,0.091589,0.0619176,True,9.138788750000001e-25,4.15606e-25,3.8317e-25,3.24355e-26,True,0.0698584,0.0408799,0.0289785,True,0.0903194,0.0589015,0.031418,True,0.0911247,0.0604766,0.0306481,True,0.091358,0.0610687,0.0302893,True,0.0914605,0.0613793,0.0300812,True,0.0915153,0.0615705,0.0299448,True,0.0915693,0.0617935,0.0297757,True,0.091592,0.0619094,0.0296826,True,0.0915915,0.0619193,0.0296723,True,0.091589,0.0619176,0.0296714,True,0.0915869,0.0619162,0.0296708,True,0.0915846,0.0619146,0.02967,True,0.0915823,0.0619131,0.0296693,True,1.38534e-24,7.8046e-25,8.5119e-25,9.85419e-25,5.9932e-25,8.55961e-25,8.58946e-25,9.94395e-25,0.333421,0.302015,4.82217e-07,1.2
100,train,4,0,True,True,5.86588e-25,3.78131e-25,2.08457e-25,1.57759e-31,2.68321e-31,0.00464554,0.0380503,0.0821543,0.0614712,True,2.491455125e-25,5.86588e-25,3.78131e-25,2.08457e-25,True,0.0693246,0.0406125,0.0287121,True,0.0821595,0.0584594,0.0237002,True,0.0821659,0.0600315,0.0221344,True,0.0821648,0.0606229,0.0215419,True,0.0821638,0.0609332,0.0212306,True,0.0821628,0.0611243,0.0210385,True,0.0821607,0.0613472,0.0208135,True,0.0821589,0.0614631,0.0206958,True,0.0821566,0.0614729,0.0206837,True,0.0821543,0.0614712,0.0206831,True,0.0821525,0.0614699,0.0206826,True,0.0821504,0.0614683,0.0206821,True,0.0821483,0.0614668,0.0206816,True,2.11817e-25,3.98973e-25,2.10308e-25,3.32278e-25,7.09261e-26,2.79438e-25,2.52366e-25,2.37058e-25,0.33674,0.300406,4.82242e-07,1.2
101,train,5,0,True,True,5.1796e-25,3.75143e-25,1.42818e-25,3.38978e-32,2.69912e-31,0.0079275,0.0375486,0.0870412,0.0610275,True,3.3003937500000004e-25,5.1796e-25,3.75143e-25,1.42818e-25,True,0.0689662,0.0401007,0.0288655,True,0.0867766,0.0580138,0.0287627,True,0.087026,0.0595872,0.0274388,True,0.0870509,0.0601789,0.026872,True,0.0870512,0.0604893,0.0265619,True,0.0870501,0.0606804,0.0263697,True,0.0870479,0.0609034,0.0261445,True,0.087046,0.0610193,0.0260267,True,0.0870436,0.0610292,0.0260144,True,0.0870412,0.0610275,0.0260137,True,0.0870392,0.0610261,0.0260131,True,0.087037,0.0610246,0.0260125,True,0.0870349,0.0610231,0.0260118,True,4.2896e-25,1.71808e-25,5.59971e-25,1.30951e-25,2.3046e-25,2.8392e-25,4.46414e-25,3.87831e-25,0.336092,0.304223,4.82228e-07,1.2
102,train,6,1,True,True,3.72207e-25,5.53459e-25,-1.81252e-25,5.80115e-32,2.66356e-31,0.000285522,0.0810912,0.0571,0.0957882,False,2.9243062499999995e-25,3.72207e-25,5.53459e-25,-1.81252e-25,False,0.0418669,0.0571095,-0.0152426,False,0.0901093,0.0571088,0.0330005,True,0.0931622,0.057108,0.0360542,True,0.0942408,0.0571073,0.0371335,True,0.0947925,0.0571066,0.0376859,True,0.0951275,0.0571059,0.0380216,True,0.0955138,0.0571045,0.0384093,True,0.0957126,0.0571032,0.0386094,True,0.0957909,0.0571016,0.0386893,True,0.0957882,0.0571,0.0386882,True,0.0957861,0.0570987,0.0386873,True,0.0957837,0.0570973,0.0386863,True,0.0957812,0.0570959,0.0386854,True,3.88934e-25,3.12549e-25,3.56666e-25,1.29919e-25,1.31762e-25,2.61898e-25,3.44734e-25,4.12983e-25,1.14632,0.00724561,1.2,4.82208e-07
103,train,7,1,True,True,6.19085e-25,3.61944e-25,2.57141e-25,2.26972e-33,5.57106e-31,0.00176867,0.0533476,0.0573071,0.0953897,True,2.022635e-24,6.19085e-25,3.61944e-25,2.57141e-25,True,0.0415677,0.0573165,-0.0157488,False,0.0896972,0.0573158,0.0323813,True,0.0927496,0.0573151,0.0354345,True,0.0938283,0.0573144,0.0365139,True,0.0943801,0.0573137,0.0370665,True,0.0947152,0.057313,0.0374023,True,0.0951017,0.0573115,0.0377901,True,0.0953005,0.0573102,0.0379903,True,0.0953924,0.0573086,0.0380837,True,0.0953897,0.0573071,0.0380827,True,0.0953876,0.0573058,0.0380818,True,0.0953852,0.0573043,0.0380809,True,0.0953828,0.0573029,0.0380799,True,2.17672e-24,2.08229e-24,1.59548e-24,2.40933e-24,1.87234e-24,1.78591e-24,2.17672e-24,2.08229e-24,1.14946,0.0769984,1.2,4.82209e-07
104,train,8,1,True,True,6.16434e-25,3.5919e-25,2.57244e-25,1.30248e-32,3.74237e-31,-0.00107746,0.0390825,0.0729531,0.0597078,True,2.02037375e-24,6.16434e-25,3.5919e-25,2.57244e-25,True,0.040211,0.0685173,-0.0283064,False,0.0567313,0.0729643,-0.0162329,False,0.0582782,0.0729633,-0.0146851,False,0.0588639,0.0729624,-0.0140985,False,0.0591721,0.0729615,-0.0137895,False,0.0593621,0.0729606,-0.0135985,False,0.0595841,0.0729588,-0.0133747,False,0.0596996,0.0729571,-0.0132576,False,0.0597095,0.0729551,-0.0132456,False,0.0597078,0.0729531,-0.0132453,False,0.0597065,0.0729515,-0.013245,False,0.059705,0.0729496,-0.0132446,False,0.0597035,0.0729478,-0.0132443,False,2.17451e-24,2.0798e-24,1.59376e-24,2.4065e-24,1.87038e-24,1.78373e-24,2.17451e-24,2.0798e-24,0.340859,0.29213,4.82277e-07,1.2
105,train,9,1,True,True,3.63621e-25,4.48003e-25,-8.43813e-26,7.74537e-32,3.74828e-31,0.000380679,0.0802803,0.0585027,0.0947142,False,4.6484574999999995e-25,3.63621e-25,4.48003e-25,-8.43813e-26,False,0.0410094,0.0585124,-0.017503,False,0.0890362,0.0585117,0.0305245,True,0.0920856,0.0585109,0.0335747,True,0.0931641,0.0585102,0.0346539,True,0.0937161,0.0585095,0.0352066,True,0.0940513,0.0585087,0.0355425,True,0.0944379,0.0585073,0.0359307,True,0.0946369,0.0585059,0.0361309,True,0.0947168,0.0585043,0.0362125,True,0.0947142,0.0585027,0.0362115,True,0.094712,0.0585014,0.0362106,True,0.0947097,0.0584999,0.0362097,True,0.0947073,0.0584985,0.0362088,True,5.1392e-25,6.07072e-25,5.34996e-25,2.15226e-25,3.17472e-25,2.97458e-25,6.63497e-25,5.69125e-25,1.15434,0.00738141,1.2,4.8221e-07
106,train,10,1,True,True,6.11424e-25,3.52611e-25,2.58813e-25,2.97905e-33,5.52131e-31,0.000413343,0.0799957,0.0560124,0.0943495,True,2.01583625e-24,6.11424e-25,3.52611e-25,2.58813e-25,True,0.0404047,0.0560217,-0.015617,False,0.0886472,0.056021,0.0326262,True,0.0917132,0.0560203,0.0356929,True,0.0927957,0.0560196,0.0367761,True,0.0933491,0.0560189,0.0373303,True,0.0936852,0.0560182,0.037667,True,0.0940726,0.0560168,0.0380558,True,0.0942719,0.0560155,0.0382564,True,0.0943521,0.056014,0.0383381,True,0.0943495,0.0560124,0.0383371,True,0.0943474,0.0560112,0.0383362,True,0.094345,0.0560098,0.0383352,True,0.0943426,0.0560083,0.0383343,True,2.17006e-24,2.07482e-24,1.5903e-24,2.40084e-24,1.86645e-24,1.77935e-24,2.17006e-24,2.07481e-24,1.15778,0.00743039,1.2,4.82211e-07
107,train,11,1,True,True,6.08739e-25,3.52388e-25,2.56351e-25,3.19688e-33,5.50341e-31,0.000443584,0.0797181,0.0556279,0.0939887,True,2.01355625e-24,6.08739e-25,3.52388e-25,2.56351e-25,True,0.0400314,0.0556371,-0.0156057,False,0.0882808,0.0556364,0.0326443,True,0.09135,0.0556357,0.0357142,True,0.0924334,0.0556351,0.0367983,True,0.0929872,0.0556344,0.0373529,True,0.0933235,0.0556337,0.0376898,True,0.0937111,0.0556323,0.0380788,True,0.0939105,0.055631,0.0382795,True,0.0939913,0.0556295,0.0383619,True,0.0939887,0.0556279,0.0383608,True,0.0939866,0.0556267,0.0383599,True,0.0939843,0.0556253,0.038359,True,0.0939819,0.0556239,0.038358,True,2.16783e-24,2.07231e-24,1.58856e-24,2.39799e-24,1.86447e-24,1.77715e-24,2.16783e-24,2.07231e-24,1.16002,0.00747885,1.2,4.82211e-07
108,final_eval,0,0,False,False,2.26325e-25,4.13585e-25,-1.8726e-25,7.77143e-33,1.36124e-30,0.0235118,0.0366132,0.0853776,0.0580309,False,1.6464225e-24,2.26325e-25,4.13585e-25,-1.8726e-25,False,0.0671132,0.0386536,0.0284597,True,0.0838217,0.0550578,0.028764,True,0.0846748,0.0566022,0.0280727,True,0.084975,0.0571873,0.0277877,True,0.0851273,0.0574952,0.0276321,True,0.0852191,0.0576851,0.027534,True,0.085324,0.057907,0.027417,True,0.0853773,0.0580225,0.0273548,True,0.08538,0.0580325,0.0273475,True,0.0853776,0.0580309,0.0273467,True,0.0853757,0.0580295,0.0273461,True,0.0853735,0.0580281,0.0273454,True,0.0853714,0.0580266,0.0273448,True,1.79566e-24,1.7002e-24,1.23822e-24,2.02938e-24,1.49785e-24,1.41421e-24,1.79567e-24,1.70019e-24,0.333594,0.310988,1.19661,1.15068
109,final_eval,1,0,False,False,5.45688e-25,3.54923e-25,1.90765e-25,1.68571e-31,2.60428e-31,0.0135229,0.0367723,0.0816066,0.0580293,True,1.82431375e-25,5.45688e-25,3.54923e-25,1.90765e-25,True,0.0655817,0.0374792,0.0281025,True,0.0810913,0.0550257,0.0260656,True,0.0814687,0.0565918,0.0248769,True,0.0815586,0.0571818,0.0243768,True,0.0815904,0.0574916,0.0240988,True,0.0816034,0.0576824,0.023921,True,0.0816109,0.0579051,0.0237058,True,0.081611,0.0580209,0.0235901,True,0.0816088,0.0580309,0.0235779,True,0.0816066,0.0580293,0.0235773,True,0.0816047,0.058028,0.0235768,True,0.0816027,0.0580265,0.0235762,True,0.0816006,0.058025,0.0235756,True,1.04439e-25,4.94355e-25,-7.59189e-49,4.66005e-25,-9.18378e-49,1.73583e-25,1.03602e-25,1.17467e-25,0.336191,0.309952,1.18667,1.14149
110,final_eval,2,0,False,False,5.16966e-25,3.54237e-25,1.62729e-25,9.73782e-32,2.6161e-31,-0.000178364,0.0404279,0.0647363,0.0583013,True,3.4953565e-25,5.16966e-25,3.54237e-25,1.62729e-25,True,0.0644313,0.0387601,0.0256712,True,0.0647462,0.055203,0.00954317,True,0.0647454,0.0568139,0.0079315,True,0.0647446,0.0574239,0.00732065,True,0.0647438,0.0577445,0.00699923,True,0.064743,0.0579421,0.00680086,True,0.0647413,0.0581727,0.00656867,True,0.0647399,0.0582925,0.00644739,True,0.0647381,0.0583029,0.00643514,True,0.0647363,0.0583013,0.00643497,True,0.0647348,0.0583,0.00643482,True,0.0647332,0.0582986,0.00643466,True,0.0647316,0.0582971,0.0064345,True,4.42586e-25,5.3073e-25,4.68667e-73,1.11714e-24,1.66092e-26,3.71164e-25,2.09619e-25,1.08437e-25,0.421261,0.279606,1.17691,1.13986
111,final_eval,3,0,False,False,3.99352e-25,3.56049e-25,4.33032e-26,-1.2831e-33,2.86927e-31,0.0233893,0.0366122,0.0872635,0.0580272,True,8.8863275e-25,3.99352e-25,3.56049e-25,4.33032e-26,True,0.0657042,0.0374773,0.0282269,True,0.0859306,0.0550236,0.0309071,True,0.0867663,0.0565897,0.0301766,True,0.0870123,0.0571797,0.0298326,True,0.0871218,0.0574895,0.0296323,True,0.087181,0.0576803,0.0295007,True,0.0872403,0.057903,0.0293373,True,0.087266,0.0580188,0.0292472,True,0.0872659,0.0580288,0.0292371,True,0.0872635,0.0580272,0.0292363,True,0.0872615,0.0580258,0.0292357,True,0.0872593,0.0580244,0.0292349,True,0.0872571,0.0580229,0.0292342,True,1.36368e-24,7.50521e-25,8.26183e-25,9.54805e-25,5.72869e-25,8.36702e-25,8.32592e-25,9.7171e-25,0.333228,0.310995,1.16702,1.13987
112,final_eval,4,0,False,False,5.57778e-25,3.54223e-25,2.03556e-25,1.67736e-31,2.60498e-31,0.010214,0.0349341,0.0783595,0.058026,True,2.4208785e-25,5.57778e-25,3.54223e-25,2.03556e-25,True,0.0657543,0.0376954,0.0280589,True,0.0783629,0.0550279,0.023335,True,0.0783705,0.0565902,0.0217802,True,0.0783695,0.0571794,0.0211901,True,0.0783685,0.0574889,0.0208797,True,0.0783675,0.0576795,0.020688,True,0.0783656,0.0579021,0.0204635,True,0.0783638,0.0580178,0.020346,True,0.0783616,0.0580276,0.020334,True,0.0783595,0.058026,0.0203335,True,0.0783577,0.0580247,0.020333,True,0.0783557,0.0580232,0.0203325,True,0.0783538,0.0580218,0.020332,True,2.06072e-25,3.91133e-25,2.03238e-25,3.20991e-25,6.65088e-26,2.6978e-25,2.50048e-25,2.28932e-25,0.338955,0.32205,1.15735,1.13986
113,final_eval,5,0,False,False,4.93857e-25,3.54215e-25,1.39642e-25,7.35724e-32,2.48825e-31,0.00958036,0.0366116,0.0838511,0.058025,True,3.2255150000000003e-25,4.93857e-25,3.54215e-25,1.39642e-25,True,0.0657022,0.0374755,0.0282267,True,0.0835401,0.0550215,0.0285186,True,0.0838234,0.0565876,0.0272358,True,0.0838581,0.0571776,0.0266805,True,0.0838608,0.0574874,0.0263734,True,0.0838598,0.0576782,0.0261816,True,0.0838577,0.0579009,0.0259568,True,0.0838558,0.0580166,0.0258391,True,0.0838534,0.0580266,0.0258268,True,0.0838511,0.058025,0.0258261,True,0.0838492,0.0580237,0.0258255,True,0.0838471,0.0580223,0.0258249,True,0.083845,0.0580208,0.0258242,True,4.22474e-25,1.61802e-25,5.49481e-25,1.22611e-25,2.25095e-25,2.78655e-25,4.40226e-25,3.80068e-25,0.336126,0.311,1.14766,1.13986
114,final_eval,6,1,False,False,3.54209e-25,5.33075e-25,-1.78866e-25,6.90032e-32,2.60493e-31,0.00197444,0.0521824,0.0553294,0.0936305,False,2.8574837499999996e-25,3.54209e-25,5.33075e-25,-1.78866e-25,False,0.0396523,0.0553385,-0.0156862,False,0.0879067,0.0553378,0.0325689,True,0.0909793,0.0553371,0.0356422,True,0.0920636,0.0553364,0.0367271,True,0.0926178,0.0553357,0.0372821,True,0.0929543,0.055335,0.0376192,True,0.0933421,0.0553337,0.0380085,True,0.0935416,0.0553324,0.0382092,True,0.0936331,0.0553309,0.0383022,True,0.0936305,0.0553294,0.0383011,True,0.0936284,0.0553281,0.0383003,True,0.093626,0.0553267,0.0382993,True,0.0936237,0.0553253,0.0382983,True,3.82875e-25,3.0288e-25,3.48149e-25,1.24399e-25,1.26198e-25,2.57519e-25,3.37958e-25,4.06009e-25,1.16233,0.100286,1.13993,1.13945
115,final_eval,7,1,False,False,6.04734e-25,3.36382e-25,2.68352e-25,1.42077e-32,3.6734e-31,0.00197453,0.0521811,0.0549533,0.0936289,True,2.00976625e-24,6.04734e-25,3.36382e-25,2.68352e-25,True,0.0395486,0.0549624,-0.0154137,False,0.0879019,0.0549617,0.0329402,True,0.090977,0.054961,0.036016,True,0.0920617,0.0549603,0.0371014,True,0.0926161,0.0549596,0.0376565,True,0.0929526,0.0549589,0.0379936,True,0.0933405,0.0549575,0.0383829,True,0.09354,0.0549563,0.0385837,True,0.0936314,0.0549548,0.0386767,True,0.0936289,0.0549533,0.0386756,True,0.0936267,0.054952,0.0386747,True,0.0936244,0.0549507,0.0386737,True,0.0936221,0.0549493,0.0386728,True,2.16407e-24,2.06827e-24,1.58538e-24,2.39361e-24,1.861e-24,1.77346e-24,2.16407e-24,2.06827e-24,1.16231,0.10031,1.13987,1.13978
116,final_eval,8,1,False,False,6.0458e-25,3.33855e-25,2.70725e-25,1.42084e-32,3.67345e-31,-0.000795108,0.0387672,0.0709428,0.0580224,True,2.00815875e-24,6.0458e-25,3.33855e-25,2.70725e-25,True,0.0386242,0.0664295,-0.0278054,False,0.0550487,0.0709537,-0.015905,False,0.0565935,0.0709528,-0.0143593,False,0.0571788,0.0709519,-0.0137731,False,0.0574867,0.070951,-0.0134643,False,0.0576767,0.0709501,-0.0132735,False,0.0578986,0.0709484,-0.0130498,False,0.058014,0.0709468,-0.0129327,False,0.058024,0.0709448,-0.0129208,False,0.0580224,0.0709428,-0.0129204,False,0.0580211,0.0709412,-0.0129202,False,0.0580196,0.0709395,-0.0129198,False,0.0580182,0.0709377,-0.0129195,False,2.16224e-24,2.0666e-24,1.58438e-24,2.39137e-24,1.85964e-24,1.77221e-24,2.16224e-24,2.06659e-24,0.340991,0.294993,1.13968,1.13993
117,final_eval,9,1,False,False,3.54191e-25,4.41923e-25,-8.7732e-26,-5.71923e-33,2.75444e-31,0.000474544,0.0794279,0.0568202,0.0936163,False,4.60252875e-25,3.54191e-25,4.41923e-25,-8.7732e-26,False,0.0401131,0.0568296,-0.0167164,False,0.0879368,0.0568288,0.031108,True,0.0909852,0.0568281,0.034157,True,0.0920639,0.0568274,0.0352365,True,0.0926161,0.0568267,0.0357894,True,0.0929515,0.056826,0.0361255,True,0.0933385,0.0568246,0.0365139,True,0.0935376,0.0568233,0.0367143,True,0.0936189,0.0568217,0.0367972,True,0.0936163,0.0568202,0.0367962,True,0.0936142,0.0568189,0.0367954,True,0.0936119,0.0568174,0.0367944,True,0.0936095,0.056816,0.0367935,True,5.11389e-25,5.98066e-25,5.31398e-25,2.10744e-25,3.13924e-25,2.94389e-25,6.56621e-25,5.65492e-25,1.16219,0.00753024,1.13993,1.13945
118,final_eval,10,1,False,False,6.04646e-25,3.4626e-25,2.58386e-25,3.41405e-33,5.47555e-31,0.000474613,0.0794263,0.0553094,0.0936141,True,2.0098675000000003e-24,6.04646e-25,3.4626e-25,2.58386e-25,True,0.0396424,0.0553186,-0.0156761,False,0.0879,0.0553179,0.0325821,True,0.0909729,0.0553172,0.0356557,True,0.0920572,0.0553165,0.0367407,True,0.0926115,0.0553158,0.0372957,True,0.0929479,0.0553151,0.0376328,True,0.0933358,0.0553137,0.0380221,True,0.0935353,0.0553125,0.0382228,True,0.0936167,0.0553109,0.0383057,True,0.0936141,0.0553094,0.0383047,True,0.093612,0.0553082,0.0383038,True,0.0936096,0.0553068,0.0383029,True,0.0936073,0.0553054,0.0383019,True,2.16419e-24,2.06838e-24,1.58543e-24,2.39377e-24,1.86108e-24,1.77352e-24,2.16419e-24,2.06838e-24,1.16226,0.00753053,1.13988,1.13978
119,final_eval,11,1,False,False,6.04629e-25,3.36255e-25,2.68374e-25,3.41454e-33,5.47544e-31,0.000474684,0.0794249,0.0549488,0.0936125,True,2.00982875e-24,6.04629e-25,3.36255e-25,2.68374e-25,True,0.0395446,0.0549579,-0.0154134,False,0.0878955,0.0549572,0.0329382,True,0.0909706,0.0549565,0.036014,True,0.0920553,0.0549559,0.0370994,True,0.0926097,0.0549552,0.0376545,True,0.0929462,0.0549545,0.0379917,True,0.0933341,0.0549531,0.038381,True,0.0935337,0.0549519,0.0385818,True,0.0936151,0.0549503,0.0386647,True,0.0936125,0.0549488,0.0386637,True,0.0936104,0.0549476,0.0386628,True,0.093608,0.0549462,0.0386618,True,0.0936057,0.0549448,0.0386608,True,2.16415e-24,2.06834e-24,1.5854e-24,2.39372e-24,1.86104e-24,1.77349e-24,2.16415e-24,2.06834e-24,1.16231,0.00753078,1.13987,1.13978
