cycle,phase,pattern,label,reset_gradient,applied_update,target_out,other_out,margin,score0,score1,score0_cmp,score1_cmp,out0_cmp,out1_cmp,correct,mean_hidden_act,target_out_2950ps,other_out_2950ps,margin_2950ps,correct_2950ps,act0,act1,act2,act3,act4,act5,act6,act7,act8,act9,act10,act11,lose0,lose1,lead01,lead10,bwd_signal
0,initial_eval,0,0,False,False,0.0667661,0.0673409,-0.000574728,0.0993491,0.0999415,0.0216197,0.0216124,0.0667733,0.067348,False,0.09964619166666666,0.0667661,0.0673409,-0.000574728,False,0.0996625,0.0996211,0.0996243,0.0996638,0.0996614,0.0996229,0.0996652,0.0996625,0.0996212,0.0996244,0.0996637,0.0996613,0.33804,0.338037,1.21921,1.2192,
1,initial_eval,1,0,False,False,0.0671068,0.0676941,-0.000587297,0.0997003,0.100306,0.0216288,0.0216214,0.067114,0.0677013,False,0.10012058333333333,0.0671068,0.0676941,-0.000587297,False,0.100021,0.0999782,0.0999816,0.101396,0.100019,0.0999801,0.100023,0.100021,0.0999784,0.0999817,0.100048,0.100019,0.338041,0.338038,1.20918,1.20917,
2,initial_eval,2,0,False,False,0.069782,0.0704012,-0.00061918,0.102458,0.103096,4.57966e-05,3.10981e-05,0.0697889,0.070408,False,0.10377049999999999,0.069782,0.0704012,-0.00061918,False,0.1064,0.103496,0.103428,0.1047,0.102945,0.103394,0.103887,0.104133,0.102764,0.103742,0.103538,0.102819,0.335577,0.335565,1.1992,1.19918,
3,initial_eval,3,0,False,False,0.066732,0.0673065,-0.000574549,0.0993139,0.0999061,0.0216225,0.0216153,0.0667392,0.0673137,False,0.09961094166666667,0.066732,0.0673065,-0.000574549,False,0.0996273,0.0995858,0.0995891,0.0996286,0.0996261,0.0995876,0.09963,0.0996272,0.0995859,0.0995892,0.0996285,0.099626,0.338041,0.338037,1.18934,1.18932,
4,initial_eval,4,0,False,False,0.0667207,0.0672951,-0.00057449,0.0993022,0.0998943,0.0216234,0.0216163,0.0667279,0.0673023,False,0.09959919166666666,0.0667207,0.0672951,-0.00057449,False,0.0996155,0.0995741,0.0995773,0.0996168,0.0996144,0.0995759,0.0996182,0.0996155,0.0995742,0.0995774,0.0996167,0.0996143,0.338042,0.338038,1.17955,1.17953,
5,initial_eval,5,0,False,False,0.0667092,0.0672837,-0.00057443,0.0992905,0.0998826,0.0216244,0.0216172,0.0667165,0.0672909,False,0.09958744166666668,0.0667092,0.0672837,-0.00057443,False,0.0996038,0.0995623,0.0995656,0.0996051,0.0996026,0.0995641,0.0996065,0.0996037,0.0995624,0.0995657,0.099605,0.0996025,0.338042,0.338038,1.16984,1.16982,
6,initial_eval,6,1,False,False,0.0863887,0.085688,0.000700685,0.118849,0.119571,0.0125764,0.0125785,0.0856941,0.0863948,True,0.12645566666666666,0.0863887,0.085688,0.000700685,True,0.127745,0.127679,0.122959,0.130562,0.124982,0.124804,0.128421,0.127226,0.123249,0.129894,0.12541,0.124537,0.337402,0.3374,1.15999,1.15996,
7,initial_eval,7,1,False,False,0.0863732,0.0856725,0.000700614,0.118833,0.119555,0.0125616,0.0125637,0.0856787,0.0863793,True,0.12643783333333333,0.0863732,0.0856725,0.000700614,True,0.127727,0.127661,0.122942,0.130543,0.124965,0.124786,0.128403,0.127207,0.123232,0.129876,0.125392,0.12452,0.337401,0.337399,1.15029,1.15025,
8,initial_eval,8,1,False,False,0.0673286,0.0667552,0.000573455,0.0993378,0.0999289,0.0216288,0.0216218,0.0667624,0.0673358,True,0.09966081666666667,0.0673286,0.0667552,0.000573455,True,0.0996506,0.0997925,0.0996124,0.0996519,0.0996494,0.099611,0.0997886,0.0996505,0.0996093,0.0996125,0.0996518,0.0996493,0.338043,0.338039,1.1408,1.14076,
9,initial_eval,9,1,False,False,0.086342,0.0856415,0.000700475,0.118801,0.119523,0.0125319,0.012534,0.0856477,0.0863481,True,0.12640233333333334,0.086342,0.0856415,0.000700475,True,0.127692,0.127625,0.122908,0.130506,0.12493,0.124751,0.128367,0.127171,0.123198,0.129838,0.125357,0.124485,0.337398,0.337396,1.13962,1.13962,
10,initial_eval,10,1,False,False,0.0863266,0.0856262,0.000700404,0.118785,0.119507,0.0125173,0.0125193,0.0856323,0.0863327,True,0.12638466666666667,0.0863266,0.0856262,0.000700404,True,0.127674,0.127607,0.122891,0.130487,0.124913,0.124733,0.12835,0.127153,0.123181,0.12982,0.12534,0.124467,0.337396,0.337394,1.1398,1.13979,
11,initial_eval,11,1,False,False,0.0863111,0.0856108,0.000700334,0.118769,0.119491,0.0125025,0.0125046,0.0856169,0.0863172,True,0.12636675,0.0863111,0.0856108,0.000700334,True,0.127656,0.127588,0.122874,0.130469,0.124895,0.124716,0.128332,0.127135,0.123164,0.129801,0.125322,0.124449,0.337395,0.337393,1.1398,1.13979,
12,train,0,0,True,True,0.0666297,0.0672037,-0.000574014,0.0992085,0.0998001,0.0216309,0.021624,0.0666369,0.0672109,False,0.09950523333333333,0.0666297,0.0672037,-0.000574014,False,0.0995216,0.0994801,0.0994834,0.0995228,0.0995204,0.0994819,0.0995243,0.0995215,0.0994802,0.0994835,0.0995228,0.0995203,0.338086,0.338082,1.2,4.82308e-07,1.04498
13,train,1,0,True,True,0.0577642,0.0582493,-0.000485115,0.0900697,0.0905698,0.0225107,0.0225039,0.057772,0.0582571,False,0.09051600833333333,0.0577642,0.0582493,-0.000485115,False,0.0903359,0.0902973,0.0903002,0.0925648,0.0903347,0.0902988,0.0903384,0.0903358,0.0902972,0.0903003,0.0904541,0.0903346,0.338366,0.338364,1.2,4.8238e-07,1.04498
14,train,2,0,True,True,0.0565531,0.0570572,-0.00050416,0.0888213,0.0893411,0.0230773,0.0230538,0.0565609,0.0570651,False,0.090321725,0.0565531,0.0570572,-0.00050416,False,0.0940606,0.089871,0.0900556,0.0911602,0.0892149,0.0900616,0.0903343,0.0909232,0.0890634,0.0899249,0.0900921,0.0890989,0.338541,0.338525,1.2,4.82394e-07,1.04498
15,train,3,0,True,True,0.0484092,0.0488241,-0.000414881,0.0804239,0.0808518,0.0239751,0.0239228,0.0484176,0.0488325,False,0.08063865833333335,0.0484092,0.0488241,-0.000414881,False,0.080653,0.0806165,0.0806195,0.0806542,0.0806519,0.0806182,0.0806555,0.0806529,0.0806166,0.0806196,0.0806541,0.0806519,0.338853,0.338811,1.2,4.82532e-07,1.04498
16,train,4,0,True,True,0.044294,0.0446853,-0.000391254,0.0761802,0.0765837,0.025297,0.025229,0.0443027,0.044694,False,0.07638623333333333,0.044294,0.0446853,-0.000391254,False,0.076397,0.0763607,0.0764059,0.0763981,0.0763959,0.0763624,0.0763995,0.0763969,0.0763608,0.0763638,0.076398,0.0763958,0.339277,0.339212,1.2,4.8266e-07,1.04498
17,train,5,0,True,True,0.0403197,0.0406889,-0.000369234,0.0720812,0.072462,0.0268274,0.0267483,0.0403287,0.0406979,False,0.07227243333333333,0.0403197,0.0406889,-0.000369234,False,0.0722866,0.0722505,0.0722536,0.0722878,0.0722855,0.0722522,0.0722891,0.0722865,0.0722506,0.0722537,0.0722877,0.0722854,0.339859,0.339769,1.2,4.82877e-07,1.04498
18,train,6,1,True,True,0.062806,0.0621302,0.000675889,0.0945892,0.0952856,0.00765278,0.00749606,0.0621388,0.0628146,True,0.106972,0.062806,0.0621302,0.000675889,True,0.109543,0.108717,0.101571,0.113175,0.104777,0.103888,0.111362,0.107558,0.102369,0.111594,0.105896,0.103214,0.336985,0.336931,1.2,4.82338e-07,0.0183325
19,train,7,1,True,True,0.0627866,0.0621107,0.000675894,0.0945689,0.0952653,0.00765832,0.00751541,0.0621193,0.0627951,True,0.10694483333333336,0.0627866,0.0621107,0.000675894,True,0.109519,0.108685,0.101549,0.113142,0.104754,0.103858,0.111338,0.107527,0.102347,0.111561,0.105873,0.103185,0.336986,0.336932,1.2,4.82339e-07,0.00397835
20,train,8,1,True,True,0.0369824,0.0366316,0.00035087,0.0682772,0.0686391,0.0359256,0.0358124,0.0366407,0.0369916,True,0.06849749166666667,0.0369824,0.0366316,0.00035087,True,0.0685316,0.0684459,0.0684928,0.0684744,0.068472,0.0684386,0.0686944,0.0685967,0.068437,0.0684402,0.0684743,0.068472,0.323301,0.323803,1.2,4.83302e-07,0.00315019
21,train,9,1,True,True,0.0627461,0.0620702,0.00067591,0.0945274,0.0952239,0.00766966,0.0075267,0.0620788,0.0627547,True,0.10688933333333334,0.0627461,0.0620702,0.00067591,True,0.109471,0.10862,0.101503,0.113072,0.104707,0.103797,0.11129,0.107464,0.102301,0.111494,0.105826,0.103127,0.336989,0.336934,1.2,4.82339e-07,0.00472633
22,train,10,1,True,True,0.0627269,0.062051,0.000675894,0.0945073,0.0952038,0.00767513,0.00753211,0.0620596,0.0627354,True,0.10686258333333333,0.0627269,0.062051,0.000675894,True,0.109447,0.108588,0.101481,0.11304,0.104685,0.103769,0.111266,0.107433,0.102279,0.111462,0.105803,0.103098,0.33699,0.336935,1.2,4.82339e-07,0.00378909
23,train,11,1,True,True,0.0627056,0.0620297,0.000675944,0.0944858,0.0951823,0.0076811,0.00753799,0.0620383,0.0627142,True,0.10683350000000001,0.0627056,0.0620297,0.000675944,True,0.109422,0.108553,0.101458,0.113005,0.104661,0.103737,0.111241,0.107399,0.102255,0.111425,0.105779,0.103067,0.336991,0.336936,1.2,4.82339e-07,0.0109917
24,train,0,0,True,True,0.0364751,0.0368215,-0.000346404,0.0681158,0.0684731,0.0283999,0.0283127,0.0364845,0.0368309,False,0.06829666666666666,0.0364751,0.0368215,-0.000346404,False,0.0683093,0.0682903,0.0682766,0.0683105,0.0683082,0.0682752,0.0683119,0.0683092,0.0682736,0.0682767,0.0683104,0.0683081,0.340701,0.340579,1.2,4.83331e-07,1.04498
25,train,1,0,True,True,0.0309941,0.0313788,-0.000384716,0.062462,0.0628589,0.0311241,0.0310267,0.031004,0.0313887,False,0.06317843333333333,0.0309941,0.0313788,-0.000384716,False,0.062679,0.0628353,0.062638,0.0685153,0.0626776,0.0626361,0.0626825,0.0626789,0.0626745,0.0626381,0.0628084,0.0626775,0.3429,0.342749,1.16295,1.08589,0.0293457
26,train,2,0,True,True,0.0329684,0.0334245,-0.00045614,0.0644989,0.0649695,0.0307462,0.0306428,0.0329779,0.033434,False,0.06586671666666667,0.0329684,0.0334245,-0.00045614,False,0.0727251,0.0647648,0.0649939,0.0660703,0.0647548,0.0655249,0.0653669,0.0660157,0.0647023,0.0647392,0.0659881,0.0647546,0.342717,0.342561,1.19998,0.74959,1.04498
27,train,3,0,True,True,0.0243458,0.0246179,-0.000272116,0.0556019,0.0558828,0.0328408,0.0327355,0.0243562,0.0246283,False,0.0557431,0.0243458,0.0246179,-0.000272116,False,0.0557567,0.0557217,0.0557251,0.055758,0.0557555,0.0557236,0.0557595,0.0557566,0.0557219,0.0557252,0.0557579,0.0557555,0.383257,0.366192,1.197,1.15194,0.0315822
28,train,4,0,True,True,0.0243479,0.0246194,-0.000271496,0.0556039,0.0558841,0.0328429,0.0327377,0.0243583,0.0246298,False,0.05574705833333333,0.0243479,0.0246194,-0.000271496,False,0.0557583,0.0557234,0.0557546,0.0557596,0.0557571,0.0557253,0.0557612,0.0557582,0.0557235,0.0557269,0.0557595,0.0557571,0.383174,0.366129,1.18743,1.14274,0.000841167
29,train,5,0,True,True,0.024331,0.024603,-0.000272016,0.0555867,0.0558674,0.0328449,0.0327396,0.0243414,0.0246134,False,0.05572778333333333,0.024331,0.024603,-0.000272016,False,0.0557414,0.0557064,0.0557098,0.0557427,0.0557402,0.0557083,0.0557442,0.0557413,0.0557065,0.0557099,0.0557426,0.0557401,0.384212,0.367146,1.17794,1.13993,2.80178e-05
30,train,6,1,True,True,0.049575,0.0486878,0.000887287,0.080742,0.081658,0.0120021,0.0117721,0.048698,0.0495853,True,0.09495505,0.049575,0.0486878,0.000887287,True,0.0996621,0.0957022,0.0892822,0.101091,0.093304,0.0898714,0.102828,0.094135,0.0905759,0.0988184,0.0951238,0.0890666,0.338219,0.338081,1.2,4.82514e-07,0.00729963
31,train,7,1,True,True,0.0495534,0.0486666,0.000886879,0.0807199,0.0816355,0.0120109,0.0117809,0.0486768,0.0495637,True,0.09492056666666666,0.0495534,0.0486666,0.000886879,True,0.0996255,0.0956661,0.0892507,0.101054,0.0932705,0.0898394,0.102789,0.0941008,0.0905434,0.0987815,0.0950908,0.0890351,0.338222,0.338083,1.2,4.82515e-07,0.00558861
32,train,8,1,True,True,0.0247818,0.0245058,0.000275986,0.0557671,0.0560519,0.0328474,0.0327421,0.0245162,0.0247922,True,0.05596455,0.0247818,0.0245058,0.000275986,True,0.0560756,0.0558885,0.056051,0.0559254,0.0559229,0.0558904,0.0560224,0.0561695,0.0558887,0.0558921,0.0559253,0.0559228,0.373478,0.356084,1.19701,1.1509,0.00884663
33,train,9,1,True,True,0.0495086,0.0486226,0.000886025,0.080675,0.0815897,0.0120288,0.011799,0.0486328,0.0495189,True,0.09485025833333333,0.0495086,0.0486226,0.000886025,True,0.0995512,0.0955946,0.0891871,0.100976,0.0932029,0.0897733,0.102711,0.0940318,0.0904769,0.098708,0.0950181,0.0889722,0.338227,0.338089,1.2,4.82516e-07,0.00611411
34,train,10,1,True,True,0.0494875,0.0486019,0.000885608,0.0806532,0.0815675,0.026334,0.0260574,0.0486121,0.0494977,True,0.09481639999999998,0.0494875,0.0486019,0.000885608,True,0.0995149,0.0955592,0.089156,0.10094,0.0931697,0.0897429,0.102672,0.093998,0.0904447,0.0986726,0.0949855,0.0889413,0.334257,0.334109,1.2,4.82516e-07,0.00566831
35,train,11,1,True,True,0.0494655,0.0485803,0.000885185,0.080631,0.0815449,0.0120464,0.0118166,0.0485905,0.0494757,True,0.09478177500000001,0.0494655,0.0485803,0.000885185,True,0.0994781,0.0955236,0.0891244,0.100903,0.0931362,0.0897107,0.102633,0.0939637,0.0904118,0.0986364,0.0949504,0.08891,0.338232,0.338094,1.2,4.82517e-07,0.00570887
36,train,0,0,True,True,0.0242922,0.024563,-0.000270732,0.0555467,0.0558261,0.0328593,0.032754,0.0243027,0.0245734,False,0.05569093333333333,0.0242922,0.024563,-0.000270732,False,0.0557007,0.0557115,0.0556692,0.055702,0.0556995,0.0556677,0.0557035,0.0557006,0.0556659,0.0556693,0.0557019,0.0556994,0.386618,0.369672,1.19701,1.1505,0.0242368
37,train,1,0,True,True,0.0260574,0.0264221,-0.000364774,0.0573685,0.0577449,0.032758,0.0326524,0.0260676,0.0264324,False,0.05814095,0.0260574,0.0264221,-0.000364774,False,0.0575762,0.0578697,0.0575332,0.0640923,0.0575746,0.0575311,0.0575801,0.0575761,0.0576248,0.0575333,0.0576255,0.0575745,0.34675,0.346114,1.18744,1.1413,0.000646853
38,train,2,0,True,True,0.0276822,0.0281223,-0.000440132,0.0590452,0.0594993,0.032222,0.0321046,0.0276922,0.0281323,False,0.06035215,0.0276822,0.0281223,-0.000440132,False,0.0678664,0.0592378,0.0593226,0.0605255,0.0592941,0.0600362,0.0596144,0.060132,0.059238,0.0592437,0.0604211,0.059294,0.345439,0.34505,1.17795,1.13993,2.28785e-05
39,train,3,0,True,True,0.024257,0.0245285,-0.00027152,0.0555103,0.0557906,0.0328654,0.0327601,0.0242675,0.024539,False,0.05565119166666666,0.024257,0.0245285,-0.00027152,False,0.0556648,0.0556298,0.0556332,0.0556661,0.0556636,0.0556317,0.0556676,0.0556647,0.05563,0.0556333,0.055666,0.0556635,0.388789,0.371818,1.16854,1.13993,6.37562e-06
40,train,4,0,True,True,0.0242579,0.0245289,-0.000270972,0.0555111,0.0557907,0.0328675,0.0327621,0.0242684,0.0245393,False,0.05565364166666667,0.0242579,0.0245289,-0.000270972,False,0.0556652,0.0556303,0.0556579,0.0556665,0.055664,0.0556322,0.055668,0.0556651,0.0556304,0.0556338,0.0556664,0.0556639,0.388784,0.37183,1.1592,1.13993,5.93923e-06
41,train,5,0,True,True,0.0242425,0.0245139,-0.000271419,0.0554951,0.0557752,0.0328695,0.0327641,0.0242529,0.0245243,False,0.05563588333333334,0.0242425,0.0245139,-0.000271419,False,0.0556495,0.0556145,0.0556179,0.0556508,0.0556483,0.0556164,0.0556523,0.0556494,0.0556146,0.055618,0.0556507,0.0556482,0.389729,0.372758,1.14994,1.13993,5.92769e-06
42,train,6,1,True,True,0.0493113,0.0484291,0.00088221,0.0804754,0.0813861,0.0121085,0.0118793,0.0484393,0.0493215,True,0.09453874166666665,0.0493113,0.0484291,0.00088221,True,0.0992202,0.0952749,0.0889036,0.100637,0.0929014,0.0894856,0.102359,0.093724,0.0901814,0.0983833,0.094703,0.0886915,0.338251,0.338112,1.2,4.8252e-07,0.00742797
43,train,7,1,True,True,0.0492881,0.0484062,0.000881829,0.0804521,0.0813625,0.0121179,0.0118887,0.0484165,0.0492984,True,0.09450208333333333,0.0492881,0.0484062,0.000881829,True,0.0991819,0.0952361,0.0888711,0.100597,0.0928652,0.0894504,0.102318,0.093687,0.0901477,0.0983431,0.0946686,0.0886589,0.338254,0.338114,1.2,4.82521e-07,0.00578701
44,train,8,1,True,True,0.0246851,0.0244099,0.000275127,0.0556678,0.0559517,0.0328721,0.0327667,0.0244203,0.0246954,True,0.05586255833333332,0.0246851,0.0244099,0.000275127,True,0.0559697,0.0557888,0.0559474,0.0558256,0.0558231,0.0557907,0.0559125,0.0560632,0.0557889,0.0557923,0.0558255,0.055823,0.379479,0.3622,1.19701,1.15051,0.00888086
45,train,9,1,True,True,0.049245,0.0483641,0.00088097,0.0804085,0.0813181,0.0121353,0.0119062,0.0483743,0.0492553,True,0.09443448333333333,0.049245,0.0483641,0.00088097,True,0.099109,0.0951678,0.0888081,0.100524,0.0928002,0.0893893,0.102242,0.0936212,0.0900816,0.0982734,0.0945997,0.0885975,0.338259,0.338119,1.2,4.82522e-07,0.00668174
46,train,10,1,True,True,0.0492238,0.0483432,0.000880536,0.0803866,0.0812957,0.0121441,0.0119151,0.0483535,0.049234,True,0.09440043333333333,0.0492238,0.0483432,0.000880536,True,0.0990734,0.0951322,0.0887777,0.100487,0.0927674,0.0893573,0.102203,0.0935873,0.0900505,0.0982379,0.094565,0.0885665,0.338261,0.338122,1.2,4.82522e-07,0.00580021
47,train,11,1,True,True,0.0492018,0.0483217,0.000880114,0.0803644,0.081273,0.012153,0.0119241,0.048332,0.0492121,True,0.09436578333333333,0.0492018,0.0483217,0.000880114,True,0.0990366,0.0950967,0.0887462,0.100449,0.0927339,0.0893252,0.102164,0.0935531,0.0900177,0.0982017,0.09453,0.0885353,0.338264,0.338125,1.2,4.82523e-07,0.00584768
48,train,0,0,True,True,0.0242023,0.0244725,-0.000270228,0.0554538,0.0557327,0.0328838,0.0327783,0.0242127,0.0244829,False,0.05559745833333333,0.0242023,0.0244725,-0.000270228,False,0.0556076,0.0556139,0.0555761,0.0556089,0.0556064,0.0555746,0.0556104,0.0556075,0.0555728,0.0555762,0.0556088,0.0556063,0.392212,0.375356,1.19701,1.1505,0.0242397
49,train,1,0,True,True,0.0259531,0.0263167,-0.000363567,0.0572609,0.0576361,0.0327824,0.0326765,0.0259634,0.0263269,False,0.058027249999999996,0.0259531,0.0263167,-0.000363567,False,0.057468,0.0577579,0.057425,0.063933,0.0574664,0.0574229,0.0574719,0.0574679,0.057513,0.0574252,0.0575095,0.0574663,0.346963,0.346295,1.18744,1.1413,0.00064693
50,train,2,0,True,True,0.0275394,0.0279766,-0.00043722,0.0588979,0.059349,0.0322474,0.0321297,0.0275495,0.0279867,False,0.060184433333333336,0.0275394,0.0279766,-0.00043722,False,0.0676469,0.0590891,0.0591614,0.0603487,0.0591452,0.059873,0.0594389,0.0599405,0.0590893,0.059095,0.0602401,0.0591451,0.345585,0.345172,1.17795,1.13993,2.28805e-05
51,train,3,0,True,True,0.0241684,0.0244393,-0.000270924,0.0554189,0.0556985,0.0328899,0.0327844,0.0241789,0.0244498,False,0.05555939999999999,0.0241684,0.0244393,-0.000270924,False,0.055573,0.055538,0.0555414,0.0555743,0.0555718,0.0555399,0.0555758,0.0555729,0.0555382,0.0555415,0.0555742,0.0555718,0.394296,0.37742,1.16854,1.13993,6.37567e-06
52,train,4,0,True,True,0.0241682,0.0244386,-0.000270445,0.0554184,0.0556975,0.032892,0.0327864,0.0241786,0.0244491,False,0.05556045833333334,0.0241682,0.0244386,-0.000270445,False,0.0555723,0.0555374,0.0555616,0.0555736,0.0555711,0.0555393,0.0555751,0.0555722,0.0555375,0.0555409,0.0555735,0.055571,0.394363,0.3775,1.1592,1.13993,5.93923e-06
53,train,5,0,True,True,0.0241538,0.0244247,-0.000270823,0.0554036,0.0556831,0.0328939,0.0327884,0.0241643,0.0244351,False,0.05554412499999999,0.0241538,0.0244247,-0.000270823,False,0.0555577,0.0555228,0.0555262,0.055559,0.0555565,0.0555246,0.0555606,0.0555576,0.0555229,0.0555262,0.0555589,0.0555565,0.395237,0.37836,1.14994,1.13993,5.92769e-06
54,train,6,1,True,True,0.0490477,0.0481705,0.000877147,0.0802089,0.0811145,0.0122154,0.011987,0.0481808,0.049058,True,0.09412341666666667,0.0490477,0.0481705,0.000877147,True,0.0987793,0.0948486,0.0885259,0.100184,0.0924997,0.0891008,0.101891,0.093314,0.0897879,0.0979492,0.0942832,0.0883174,0.338283,0.338143,1.2,4.82526e-07,0.00752218
55,train,7,1,True,True,0.0490245,0.0481477,0.000876767,0.0801856,0.0810908,0.0122248,0.0119965,0.0481581,0.0490348,True,0.09408678333333335,0.0490245,0.0481477,0.000876767,True,0.0987411,0.09481,0.0884935,0.100144,0.0924636,0.0890655,0.10185,0.093277,0.0897542,0.097909,0.0942487,0.0882848,0.338286,0.338145,1.2,4.82527e-07,0.00591516
56,train,8,1,True,True,0.0245879,0.0243136,0.000274283,0.0555688,0.0558518,0.0328966,0.032791,0.024324,0.0245983,True,0.055760983333333326,0.0245879,0.0243136,0.000274283,True,0.0558642,0.0556894,0.0558442,0.0557262,0.0557236,0.0556913,0.0558035,0.0559573,0.0556895,0.0556929,0.0557261,0.0557236,0.385482,0.368318,1.19701,1.1509,0.00888265
57,train,9,1,True,True,0.0489813,0.0481054,0.000875892,0.0801419,0.0810462,0.0122424,0.0120142,0.0481158,0.0489917,True,0.09401900833333333,0.0489813,0.0481054,0.000875892,True,0.0986689,0.0947415,0.0884313,0.100069,0.0923991,0.0890031,0.101774,0.0932113,0.0896894,0.0978392,0.0941779,0.0882234,0.338291,0.338151,1.2,4.82528e-07,0.00685076
58,train,10,1,True,True,0.0489603,0.0480848,0.000875478,0.0801202,0.0810241,0.0122511,0.012023,0.0480951,0.0489706,True,0.09398545000000001,0.0489603,0.0480848,0.000875478,True,0.0986328,0.0947063,0.0884003,0.100034,0.092366,0.0889727,0.101736,0.0931777,0.0896573,0.0978041,0.0941455,0.0881927,0.338294,0.338153,1.2,4.82529e-07,0.00592652
59,train,11,1,True,True,0.0489383,0.0480633,0.000875057,0.080098,0.0810014,0.0122601,0.012032,0.0480736,0.0489486,True,0.0939509,0.0489383,0.0480633,0.000875057,True,0.0985961,0.0946709,0.0883689,0.0999962,0.0923326,0.0889407,0.101697,0.0931436,0.0896246,0.097768,0.0941106,0.0881616,0.338296,0.338156,1.2,4.82529e-07,0.00597547
60,final_eval,0,0,False,False,0.0241125,0.0243822,-0.000269722,0.0553612,0.0556395,0.0329081,0.0328025,0.0241229,0.0243926,False,0.05550413333333334,0.0241125,0.0243822,-0.000269722,False,0.0555146,0.0555165,0.0554831,0.0555159,0.0555135,0.0554816,0.0555175,0.0555146,0.0554799,0.0554832,0.0555158,0.0555134,0.39774,0.380972,1.19701,1.1505,
61,final_eval,1,0,False,False,0.0258493,0.0262116,-0.000362352,0.0571533,0.0575273,0.0328065,0.0327005,0.0258595,0.0262219,False,0.05791354166666666,0.0258493,0.0262116,-0.000362352,False,0.0573598,0.0576461,0.0573169,0.0637729,0.0573582,0.0573148,0.0573637,0.0573597,0.0574011,0.057317,0.0573942,0.0573581,0.347148,0.346445,1.18744,1.1413,
62,final_eval,2,0,False,False,0.027398,0.0278323,-0.000434297,0.0587517,0.0591998,0.0322731,0.0321552,0.027408,0.0278423,False,0.06001819166666667,0.027398,0.0278323,-0.000434297,False,0.0674279,0.0589415,0.0590023,0.0601734,0.0589974,0.0597119,0.0592656,0.0597512,0.0589418,0.0589475,0.0600606,0.0589972,0.345698,0.34526,1.17795,1.13993,
63,final_eval,3,0,False,False,0.0240799,0.0243502,-0.000270328,0.0553275,0.0556065,0.0329141,0.0328084,0.0240903,0.0243606,False,0.05546778333333335,0.0240799,0.0243502,-0.000270328,False,0.0554814,0.0554464,0.0554498,0.0554827,0.0554802,0.0554483,0.0554842,0.0554813,0.0554465,0.0554499,0.0554826,0.0554801,0.400547,0.383762,1.16854,1.13993,
64,final_eval,4,0,False,False,0.0240788,0.0243487,-0.000269912,0.055326,0.0556046,0.0329162,0.0328105,0.0240893,0.0243592,False,0.05546750833333334,0.0240788,0.0243487,-0.000269912,False,0.0554796,0.0554447,0.0554658,0.0554809,0.0554784,0.0554466,0.0554824,0.0554795,0.0554448,0.0554482,0.0554808,0.0554784,0.400615,0.383856,1.1592,1.13993,
65,final_eval,5,0,False,False,0.0240656,0.0243358,-0.000270227,0.0553123,0.0555912,0.0329181,0.0328124,0.024076,0.0243462,False,0.055452491666666666,0.0240656,0.0243358,-0.000270227,False,0.0554661,0.0554311,0.0554345,0.0554674,0.0554649,0.055433,0.0554689,0.055466,0.0554313,0.0554346,0.0554673,0.0554648,0.401424,0.384654,1.14994,1.13993,
66,final_eval,6,1,False,False,0.0487841,0.047912,0.000872119,0.0799425,0.080843,0.0123229,0.0120953,0.0479223,0.0487945,True,0.09370904999999997,0.0487841,0.047912,0.000872119,True,0.0983392,0.0944231,0.0881491,0.0997326,0.0920989,0.0887169,0.101424,0.092905,0.0893948,0.0975149,0.0938663,0.0879438,0.338273,0.338132,1.14054,1.13971,
67,final_eval,7,1,False,False,0.0487622,0.0478905,0.00087171,0.0799203,0.0808203,0.0123319,0.0121044,0.0479008,0.0487725,True,0.09367445833333332,0.0487622,0.0478905,0.00087171,True,0.0983027,0.0943876,0.0881178,0.099695,0.0920655,0.0886849,0.101385,0.0928709,0.0893627,0.0974786,0.0938301,0.0879127,0.338276,0.338135,1.13989,1.13989,
68,final_eval,8,1,False,False,0.0244915,0.024218,0.000273447,0.0554701,0.0557523,0.0329209,0.0328151,0.0242284,0.0245019,True,0.05565983333333333,0.0244915,0.024218,0.000273447,True,0.0557591,0.0555903,0.0557414,0.0556271,0.0556246,0.0555922,0.0556955,0.055852,0.0555904,0.0555939,0.055627,0.0556245,0.392204,0.37515,1.13993,1.13993,
69,final_eval,9,1,False,False,0.0487185,0.0478477,0.000870838,0.0798761,0.0807751,0.0123498,0.0121225,0.047858,0.0487289,True,0.09360570833333333,0.0487185,0.0478477,0.000870838,True,0.0982296,0.0943173,0.0880552,0.0996191,0.0919988,0.0886212,0.101308,0.0928029,0.0892975,0.097408,0.0937599,0.087851,0.338282,0.33814,1.1398,1.13979,
70,final_eval,10,1,False,False,0.0486964,0.0478259,0.000870449,0.0798538,0.0807525,0.0123588,0.0121316,0.0478363,0.0487067,True,0.09357107499999999,0.0486964,0.0478259,0.000870449,True,0.0981929,0.0942815,0.0880237,0.0995821,0.0919654,0.0885891,0.101269,0.0927688,0.0892648,0.0973705,0.0937256,0.0878195,0.338284,0.338143,1.13989,1.13989,
71,final_eval,11,1,False,False,0.0486746,0.0478047,0.000869997,0.0798317,0.0807299,0.0268589,0.0265818,0.047815,0.048685,True,0.09353675833333334,0.0486746,0.0478047,0.000869997,True,0.0981564,0.0942466,0.0879925,0.0995438,0.0919322,0.0885573,0.10123,0.0927349,0.0892322,0.097336,0.0936903,0.0877889,0.334311,0.33416,1.13989,1.13989,
