cycle,phase,pattern,label,reset_gradient,applied_update,target_out,other_out,margin,score0,score1,score0_cmp,score1_cmp,out0_cmp,out1_cmp,correct,mean_hidden_act,target_out_2550ps,other_out_2550ps,margin_2550ps,correct_2550ps,target_out_2950ps,other_out_2950ps,margin_2950ps,correct_2950ps,target_out_3350ps,other_out_3350ps,margin_3350ps,correct_3350ps,act0,act1,act2,act3,act4,act5,act6,act7,lose0,lose1,lead01,lead10,bwd_signal,max_abs_output_delta_signal,max_output_delta_node,post_update_margin,d_margin_after_update,max_abs_readout_weight_signed_delta,max_abs_output_bias_signed_delta,max_abs_readout_signed_delta,max_abs_hidden_signed_delta,sum_d_readout_out0_signed,sum_d_readout_out1_signed,d_output_bias_out0_signed,d_output_bias_out1_signed
0,initial_eval,0,0,False,False,0.179495,0.179681,-0.000186214,0.215558,0.215747,0.215544,0.215734,0.179738,0.179923,False,0.44786,0.179495,0.179681,-0.000186214,False,0.179613,0.179799,-0.000185424,False,0.179693,0.179878,-0.000184976,False,0.741245,0.57729,0.633202,0.770112,0.107267,0.142146,0.109099,0.502519,0.00187194,0.00187001,1.2,7.76472e-10,,,,,,,,,,,,,
1,initial_eval,1,0,False,False,0.179491,0.179677,-0.000186009,0.215558,0.215747,0.215545,0.215734,0.179739,0.179923,False,0.383877,0.179491,0.179677,-0.000186009,False,0.179611,0.179797,-0.000185321,False,0.179691,0.179876,-0.000184933,False,0.632611,0.475342,0.540965,0.624457,0.124163,0.08,0.282379,0.311099,0.00187193,0.00187,7.76471e-10,1.2,,,,,,,,,,,,,
2,initial_eval,2,0,False,False,0.179491,0.179673,-0.000181744,0.215555,0.215743,0.215542,0.215731,0.179735,0.179918,False,0.29886775000000004,0.179491,0.179673,-0.000181744,False,0.17961,0.179792,-0.000182192,False,0.17969,0.179872,-0.000182443,False,0.460496,0.315118,0.428067,0.491527,0.139719,0.324761,0.106536,0.124718,0.00187196,0.00187004,7.76472e-10,1.2,,,,,,,,,,,,,
3,initial_eval,3,0,False,False,0.179483,0.179666,-0.000183347,0.215545,0.215734,0.215532,0.215722,0.179726,0.17991,False,0.34778837500000004,0.179483,0.179666,-0.000183347,False,0.179601,0.179785,-0.000183561,False,0.179681,0.179864,-0.000183679,False,0.465983,0.392788,0.363332,0.423047,0.177356,0.430341,0.224457,0.305003,0.00187206,0.00187013,7.76472e-10,1.2,,,,,,,,,,,,,
4,initial_eval,4,0,False,False,0.179479,0.179667,-0.000188021,0.215545,0.215735,0.215532,0.215722,0.179725,0.179911,False,0.383445,0.179479,0.179667,-0.000188021,False,0.179599,0.179786,-0.000186774,False,0.179679,0.179865,-0.000186069,False,0.584164,0.47028,0.462056,0.628547,0.255224,0.176976,0.145681,0.344632,0.00187206,0.00187013,7.76472e-10,1.2,,,,,,,,,,,,,
5,initial_eval,5,0,False,False,0.17948,0.179663,-0.000182768,0.215543,0.215732,0.21553,0.215719,0.179724,0.179907,False,0.37133174999999996,0.17948,0.179663,-0.000182768,False,0.179599,0.179782,-0.000183071,False,0.179678,0.179861,-0.000183241,False,0.543454,0.493438,0.523504,0.44525,0.181826,0.385814,0.148522,0.248846,0.00187208,0.00187016,1.2,7.76471e-10,,,,,,,,,,,,,
6,initial_eval,6,0,False,False,0.179482,0.179666,-0.000184462,0.215545,0.215734,0.215533,0.215721,0.179726,0.17991,False,0.543639625,0.179482,0.179666,-0.000184462,False,0.179601,0.179785,-0.000184097,False,0.17968,0.179864,-0.00018389,False,0.676339,0.66374,0.770112,0.650108,0.375466,0.351668,0.149631,0.712053,0.00187205,0.00187014,7.76471e-10,1.2,,,,,,,,,,,,,
7,initial_eval,7,0,False,False,0.17948,0.179665,-0.000184943,0.215544,0.215733,0.215532,0.215721,0.179725,0.179909,False,0.42723375,0.17948,0.179665,-0.000184943,False,0.179599,0.179784,-0.000184544,False,0.179679,0.179863,-0.000184318,False,0.580763,0.423695,0.455836,0.753179,0.370996,0.391278,0.100993,0.34113,0.00187206,0.00187014,7.76472e-10,1.2,,,,,,,,,,,,,
8,initial_eval,8,0,False,False,0.179475,0.17966,-0.00018487,0.215538,0.215727,0.215526,0.215715,0.179721,0.179905,False,0.41991187500000005,0.179475,0.17966,-0.00018487,False,0.179594,0.179779,-0.000184481,False,0.179674,0.179858,-0.00018426,False,0.464831,0.474401,0.515151,0.632988,0.357854,0.426654,0.152887,0.334529,0.00187212,0.0018702,1.2,7.76471e-10,,,,,,,,,,,,,
9,initial_eval,9,0,False,False,0.179476,0.179661,-0.00018505,0.21554,0.215729,0.215527,0.215716,0.179721,0.179906,False,0.5125391,0.179476,0.179661,-0.00018505,False,0.179595,0.179779,-0.000184633,False,0.179675,0.179859,-0.000184396,False,0.715184,0.569406,0.590993,0.770114,0.328889,0.269307,0.0863048,0.770115,0.00187211,0.00187019,7.76471e-10,1.2,,,,,,,,,,,,,
10,initial_eval,10,0,False,False,0.179467,0.17965,-0.000182964,0.21553,0.215719,0.215518,0.215706,0.179713,0.179896,False,0.34533500000000006,0.179467,0.17965,-0.000182964,False,0.179586,0.179769,-0.000183135,False,0.179666,0.179849,-0.00018323,False,0.460057,0.36972,0.432466,0.52793,0.162337,0.257971,0.106189,0.44601,0.00187221,0.00187029,7.76472e-10,1.2,,,,,,,,,,,,,
11,initial_eval,11,0,False,False,0.179465,0.179648,-0.000182649,0.215527,0.215716,0.215514,0.215703,0.17971,0.179893,False,0.40108024999999997,0.179465,0.179648,-0.000182649,False,0.179584,0.179767,-0.000182915,False,0.179663,0.179846,-0.000183063,False,0.521068,0.418723,0.488581,0.608506,0.171098,0.317522,0.128222,0.554922,0.00187224,0.00187032,1.2,7.76471e-10,,,,,,,,,,,,,
12,initial_eval,12,0,False,False,0.179466,0.17965,-0.000183445,0.21553,0.215719,0.215517,0.215706,0.179712,0.179896,False,0.49262754999999997,0.179466,0.17965,-0.000183445,False,0.179585,0.179769,-0.000183619,False,0.179665,0.179849,-0.000183713,False,0.685667,0.646988,0.616585,0.599858,0.0876884,0.560507,0.109723,0.634004,0.00187221,0.00187029,7.76471e-10,1.2,,,,,,,,,,,,,
13,initial_eval,13,0,False,False,0.179453,0.179643,-0.000190532,0.215517,0.215712,0.215504,0.215699,0.179699,0.179889,False,0.41943698749999997,0.179453,0.179643,-0.000190532,False,0.179572,0.179762,-0.000190151,False,0.179652,0.179842,-0.00018995,False,0.599362,0.50374,0.580641,0.650401,0.0920689,0.244312,0.18933,0.495641,0.00187234,0.00187036,7.76472e-10,1.2,,,,,,,,,,,,,
14,initial_eval,14,0,False,False,0.17946,0.179644,-0.000184864,0.215523,0.215712,0.21551,0.215699,0.179705,0.179889,False,0.5126675,0.17946,0.179644,-0.000184864,False,0.179579,0.179763,-0.000184477,False,0.179658,0.179843,-0.000184257,False,0.423736,0.592923,0.632225,0.63737,0.432503,0.537697,0.160092,0.684794,0.00187228,0.00187036,1.2,7.76471e-10,,,,,,,,,,,,,
15,initial_eval,15,0,False,False,0.179452,0.179638,-0.000186345,0.215517,0.215706,0.215504,0.215693,0.179699,0.179884,False,0.456683375,0.179452,0.179638,-0.000186345,False,0.179572,0.179757,-0.000185542,False,0.179652,0.179837,-0.000185087,False,0.618181,0.572318,0.6045,0.673188,0.185134,0.114966,0.123926,0.761254,0.00187234,0.00187042,7.76471e-10,1.2,,,,,,,,,,,,,
16,initial_eval,16,0,False,False,0.179442,0.17963,-0.00018778,0.215505,0.215694,0.215492,0.215681,0.179688,0.179873,False,0.30304525,0.179442,0.17963,-0.00018778,False,0.179561,0.179748,-0.000186505,False,0.179641,0.179827,-0.000185785,False,0.22759,0.408197,0.427667,0.31717,0.305109,0.211941,0.203672,0.323016,0.00187247,0.00187054,7.76472e-10,1.2,,,,,,,,,,,,,
17,initial_eval,17,0,False,False,0.179453,0.179636,-0.000182838,0.215515,0.215704,0.215502,0.215691,0.179698,0.179881,False,0.489279625,0.179453,0.179636,-0.000182838,False,0.179572,0.179755,-0.000183069,False,0.179651,0.179835,-0.000183197,False,0.640951,0.717267,0.770113,0.685167,0.108697,0.284195,0.178522,0.529325,0.00187236,0.00187044,1.2,7.76471e-10,,,,,,,,,,,,,
18,initial_eval,18,0,False,False,0.179452,0.179637,-0.000185354,0.215516,0.215705,0.215503,0.215693,0.179698,0.179883,False,0.6504125,0.179452,0.179637,-0.000185354,False,0.179571,0.179756,-0.000184921,False,0.179651,0.179836,-0.000184675,False,0.396961,0.770104,0.770104,0.710292,0.629719,0.710614,0.445404,0.770102,0.00187235,0.00187043,1.2,7.76472e-10,,,,,,,,,,,,,
19,initial_eval,19,0,False,False,0.179445,0.179632,-0.000187394,0.215509,0.215698,0.215497,0.215686,0.179692,0.179877,False,0.531151625,0.179445,0.179632,-0.000187394,False,0.179565,0.179751,-0.000186116,False,0.179645,0.17983,-0.000185396,False,0.770115,0.613438,0.73708,0.770115,0.288301,0.178341,0.121709,0.770114,0.00187242,0.0018705,7.76471e-10,1.2,,,,,,,,,,,,,
20,initial_eval,20,0,False,False,0.179444,0.179627,-0.000182146,0.215507,0.215695,0.215494,0.215682,0.17969,0.179873,False,0.5292487499999999,0.179444,0.179627,-0.000182146,False,0.179563,0.179746,-0.000182433,False,0.179643,0.179826,-0.000182594,False,0.75562,0.482195,0.633557,0.770114,0.106731,0.619649,0.159538,0.706586,0.00187244,0.00187053,7.76472e-10,1.2,,,,,,,,,,,,,
21,initial_eval,21,0,False,False,0.179439,0.179623,-0.000183329,0.215501,0.215691,0.215489,0.215678,0.179685,0.179868,False,0.3978995,0.179439,0.179623,-0.000183329,False,0.179558,0.179742,-0.000183536,False,0.179638,0.179822,-0.00018365,False,0.618181,0.473595,0.444862,0.551244,0.122733,0.505327,0.128291,0.338963,0.0018725,0.00187058,7.76472e-10,1.2,,,,,,,,,,,,,
22,initial_eval,22,0,False,False,0.179441,0.179625,-0.000184458,0.215504,0.215693,0.215492,0.21568,0.179687,0.179871,False,0.5125206250000001,0.179441,0.179625,-0.000184458,False,0.17956,0.179744,-0.000184128,False,0.17964,0.179824,-0.000183943,False,0.572917,0.476237,0.588594,0.770113,0.330766,0.770113,0.260624,0.330801,0.00187247,0.00187055,7.76472e-10,1.2,,,,,,,,,,,,,
23,initial_eval,23,0,False,False,0.179432,0.17962,-0.000187589,0.215496,0.215685,0.215483,0.215672,0.179679,0.179864,False,0.49321425,0.179432,0.17962,-0.000187589,False,0.179552,0.179738,-0.000186232,False,0.179632,0.179817,-0.000185465,False,0.770113,0.473998,0.604056,0.755224,0.421596,0.138322,0.137644,0.644761,0.00187255,0.00187063,7.76472e-10,1.2,,,,,,,,,,,,,
24,initial_eval,24,0,False,False,0.179433,0.179616,-0.000183484,0.215495,0.215684,0.215483,0.215671,0.179678,0.179862,False,0.35681999999999997,0.179433,0.179616,-0.000183484,False,0.179552,0.179735,-0.000183336,False,0.179632,0.179815,-0.000183253,False,0.516789,0.262486,0.42709,0.516068,0.296973,0.399473,0.14388,0.291801,0.00187256,0.00187065,1.2,7.76471e-10,,,,,,,,,,,,,
25,initial_eval,25,0,False,False,0.179434,0.179618,-0.00018437,0.215497,0.215685,0.215484,0.215673,0.17968,0.179864,False,0.560572625,0.179434,0.179618,-0.00018437,False,0.179553,0.179737,-0.000184038,False,0.179633,0.179817,-0.00018385,False,0.50609,0.566316,0.698648,0.753646,0.289464,0.770115,0.251963,0.648339,0.00187255,0.00187063,7.76471e-10,1.2,,,,,,,,,,,,,
26,initial_eval,26,0,False,False,0.179422,0.179611,-0.000188988,0.215486,0.215676,0.215473,0.215663,0.179668,0.179855,False,0.56040025,0.179422,0.179611,-0.000188988,False,0.179542,0.179729,-0.000187544,False,0.179622,0.179808,-0.000186728,False,0.436849,0.770112,0.681453,0.713739,0.770114,0.151298,0.22418,0.735457,0.00187266,0.00187073,7.76472e-10,1.2,,,,,,,,,,,,,
27,initial_eval,27,0,False,False,0.17942,0.179607,-0.000186525,0.215484,0.215673,0.215471,0.215661,0.179667,0.179852,False,0.542052875,0.17942,0.179607,-0.000186525,False,0.17954,0.179726,-0.000185713,False,0.17962,0.179805,-0.000185253,False,0.770113,0.770114,0.770114,0.770114,0.241903,0.12439,0.119561,0.770114,0.00187268,0.00187075,7.76472e-10,1.2,,,,,,,,,,,,,
28,initial_eval,28,0,False,False,0.179423,0.179606,-0.000182501,0.215485,0.215674,0.215472,0.215661,0.179669,0.179852,False,0.36707737499999993,0.179423,0.179606,-0.000182501,False,0.179542,0.179725,-0.000182777,False,0.179622,0.179805,-0.000182931,False,0.52447,0.365733,0.453304,0.600734,0.118889,0.344019,0.136189,0.393281,0.00187267,0.00187075,7.76472e-10,1.2,,,,,,,,,,,,,
29,initial_eval,29,0,False,False,0.179416,0.179602,-0.000186181,0.215479,0.215668,0.215466,0.215655,0.179662,0.179847,False,0.36093624999999996,0.179416,0.179602,-0.000186181,False,0.179535,0.179721,-0.000185428,False,0.179615,0.1798,-0.000185002,False,0.531274,0.502889,0.534256,0.557204,0.152056,0.089561,0.157529,0.362721,0.00187273,0.00187081,7.76472e-10,1.2,,,,,,,,,,,,,
30,initial_eval,30,0,False,False,0.17941,0.179596,-0.000186035,0.215472,0.215661,0.215459,0.215648,0.179655,0.17984,False,0.4866560000000001,0.17941,0.179596,-0.000186035,False,0.179529,0.179714,-0.00018526,False,0.179608,0.179793,-0.000184821,False,0.743989,0.637715,0.708511,0.703339,0.198008,0.152937,0.1903,0.558449,0.00187281,0.00187088,7.76472e-10,1.2,,,,,,,,,,,,,
31,initial_eval,31,0,False,False,0.179411,0.179599,-0.000188438,0.215475,0.215664,0.215462,0.215652,0.179658,0.179844,False,0.315127875,0.179411,0.179599,-0.000188438,False,0.17953,0.179718,-0.000187051,False,0.179611,0.179797,-0.000186268,False,0.291619,0.360851,0.342939,0.426903,0.444661,0.192956,0.107367,0.353727,0.00187277,0.00187084,1.2,7.76471e-10,,,,,,,,,,,,,
32,initial_eval,32,1,False,False,0.179597,0.179412,0.000185164,0.215473,0.215663,0.215461,0.21565,0.179656,0.17984,True,0.3103241375,0.179597,0.179412,0.000185164,True,0.179715,0.179531,0.00018483,True,0.179795,0.17961,0.000184638,True,0.0938811,0.456305,0.374484,0.163556,0.490971,0.26999,0.367252,0.266154,0.00187279,0.00187086,1.2,7.76472e-10,,,,,,,,,,,,,
33,initial_eval,33,1,False,False,0.177016,0.176825,0.000190982,0.212813,0.213003,0.212801,0.212991,0.177069,0.177256,True,0.2686391125,0.177016,0.176825,0.000190982,True,0.177133,0.176944,0.00018867,True,0.177211,0.177024,0.00018736,True,0.361298,0.0966629,0.122031,0.492813,0.349183,0.300039,0.218776,0.20831,0.00190027,0.00189829,7.76471e-10,1.2,,,,,,,,,,,,,
34,initial_eval,34,1,False,False,0.179591,0.179403,0.000187454,0.215466,0.215655,0.215452,0.215641,0.179648,0.179833,True,0.247402075,0.179591,0.179403,0.000187454,True,0.179709,0.179523,0.000186287,True,0.179788,0.179602,0.000185619,True,0.0838406,0.400537,0.39741,0.10904,0.266488,0.131902,0.385266,0.204733,0.00187288,0.00187095,1.2,7.76471e-10,,,,,,,,,,,,,
35,initial_eval,35,1,False,False,0.177019,0.172569,0.00444974,0.208448,0.213008,0.208438,0.212996,0.172822,0.17726,True,0.28502317499999996,0.177019,0.172569,0.00444974,True,0.177136,0.172693,0.00444372,True,0.177215,0.172775,0.00444005,True,0.497202,0.08,0.0873754,0.571344,0.284368,0.089561,0.410277,0.260058,0.00194716,0.00189824,1.2,7.76472e-10,,,,,,,,,,,,,
36,initial_eval,36,1,False,False,0.179582,0.1794,0.000182112,0.21546,0.215648,0.215447,0.215635,0.179643,0.179826,True,0.4669079,0.179582,0.1794,0.000182112,True,0.179701,0.179518,0.000182469,True,0.17978,0.179597,0.000182669,True,0.16197,0.684524,0.770112,0.221052,0.0829502,0.459844,0.75628,0.598531,0.00187293,0.00187101,1.2,7.76472e-10,,,,,,,,,,,,,
37,initial_eval,37,1,False,False,0.179584,0.179398,0.000185803,0.21546,0.215649,0.215447,0.215636,0.179643,0.179827,True,0.335890875,0.179584,0.179398,0.000185803,True,0.179702,0.179517,0.000185087,True,0.179782,0.179597,0.000184677,True,0.102989,0.509698,0.564957,0.103372,0.107356,0.134907,0.770114,0.393734,0.00187292,0.001871,1.2,7.76472e-10,,,,,,,,,,,,,
38,initial_eval,38,1,False,False,0.17958,0.179395,0.00018494,0.215456,0.215645,0.215443,0.215632,0.179639,0.179823,True,0.382305125,0.17958,0.179395,0.00018494,True,0.179698,0.179514,0.000184534,True,0.179778,0.179593,0.000184303,True,0.370735,0.363315,0.391723,0.528047,0.377254,0.374888,0.202841,0.449638,0.00187296,0.00187104,7.76471e-10,1.2,,,,,,,,,,,,,
39,initial_eval,39,1,False,False,0.179573,0.179388,0.000184695,0.215451,0.21564,0.215438,0.215627,0.179634,0.179817,True,0.20175882499999997,0.179573,0.179388,0.000184695,True,0.179692,0.179508,0.00018427,True,0.179772,0.179588,0.000184029,True,0.0808779,0.279686,0.34867,0.0841486,0.0901021,0.181483,0.39448,0.154623,0.00187302,0.0018711,7.76472e-10,1.2,,,,,,,,,,,,,
40,initial_eval,40,1,False,False,0.179567,0.179382,0.00018454,0.215443,0.215631,0.21543,0.215619,0.179626,0.17981,True,0.21241474999999999,0.179567,0.179382,0.00018454,True,0.179685,0.179501,0.000184129,True,0.179765,0.179581,0.000183896,True,0.133549,0.283897,0.37404,0.08,0.19023,0.105815,0.336074,0.195713,0.0018731,0.00187118,1.2,7.76471e-10,,,,,,,,,,,,,
41,initial_eval,41,1,False,False,0.179568,0.17938,0.000187702,0.21544,0.215629,0.215426,0.215615,0.179623,0.179808,True,0.24675849999999996,0.179568,0.17938,0.000187702,True,0.179685,0.179498,0.000186502,True,0.179763,0.179578,0.000185818,True,0.105732,0.36215,0.325922,0.165835,0.384943,0.156351,0.267067,0.206068,0.00187314,0.00187121,1.2,7.76472e-10,,,,,,,,,,,,,
42,initial_eval,42,1,False,False,0.175658,0.179368,-0.00370992,0.215428,0.21163,0.215415,0.21162,0.179612,0.175914,False,0.18587850000000003,0.175658,0.179368,-0.00370992,False,0.175783,0.179487,-0.00370344,False,0.175866,0.179566,-0.00369957,False,0.212831,0.207436,0.26523,0.224674,0.113793,0.145288,0.128915,0.188861,0.00187325,0.00191275,1.2,7.76472e-10,,,,,,,,,,,,,
43,initial_eval,43,1,False,False,0.179567,0.174043,0.00552387,0.209948,0.215633,0.209935,0.215618,0.174285,0.17981,True,0.27282999999999996,0.179567,0.174043,0.00552387,True,0.179686,0.174161,0.00552474,True,0.179765,0.174239,0.0055252,True,0.11078,0.257738,0.13034,0.399908,0.770115,0.240898,0.097806,0.175055,0.00193082,0.00187119,1.2,7.76472e-10,,,,,,,,,,,,,
44,initial_eval,44,1,False,False,0.176997,0.172554,0.00444329,0.208429,0.212985,0.208419,0.212973,0.172805,0.177238,True,0.32688025,0.176997,0.172554,0.00444329,True,0.177114,0.172676,0.00443814,True,0.177193,0.172758,0.00443498,True,0.463514,0.106965,0.08,0.646135,0.52235,0.243356,0.304203,0.248519,0.00194737,0.00189848,7.76471e-10,1.2,,,,,,,,,,,,,
45,initial_eval,45,1,False,False,0.175657,0.172525,0.00313186,0.208409,0.211627,0.208398,0.211616,0.172782,0.175912,True,0.16899925000000002,0.175657,0.172525,0.00313186,True,0.175782,0.172651,0.0031309,True,0.175864,0.172734,0.00313028,True,0.229949,0.132228,0.173526,0.267329,0.185581,0.149795,0.08,0.133586,0.0019476,0.00191278,7.76472e-10,1.2,,,,,,,,,,,,,
46,initial_eval,46,1,False,False,0.17956,0.179375,0.000184423,0.215435,0.215624,0.215423,0.215612,0.179619,0.179803,True,0.31425375,0.17956,0.179375,0.000184423,True,0.179678,0.179494,0.000184178,True,0.179758,0.179574,0.000184038,True,0.099258,0.348219,0.354446,0.303381,0.520741,0.456976,0.180046,0.250963,0.00187317,0.00187125,1.2,7.76471e-10,,,,,,,,,,,,,
47,initial_eval,47,1,False,False,0.176975,0.172537,0.00443809,0.20841,0.212959,0.2084,0.212947,0.172787,0.177214,True,0.26820845,0.176975,0.172537,0.00443809,True,0.177091,0.172659,0.00443251,True,0.177169,0.17274,0.00442913,True,0.162354,0.228891,0.0978166,0.426085,0.770114,0.161678,0.13612,0.162609,0.00194758,0.00189875,1.2,7.76472e-10,,,,,,,,,,,,,
48,initial_eval,48,1,False,False,0.17955,0.179361,0.000188269,0.215422,0.215612,0.215409,0.215599,0.179606,0.179792,True,0.253805,0.17955,0.179361,0.000188269,True,0.179667,0.17948,0.000186934,True,0.179746,0.17956,0.000186175,True,0.08,0.351668,0.279981,0.202821,0.554981,0.115102,0.24642,0.199467,0.00187331,0.00187138,7.76471e-10,1.2,,,,,,,,,,,,,
49,initial_eval,49,1,False,False,0.179554,0.179367,0.000186932,0.215428,0.215618,0.215415,0.215606,0.179611,0.179797,True,0.49324425,0.179554,0.179367,0.000186932,True,0.179672,0.179486,0.000186355,True,0.179752,0.179566,0.000186024,True,0.437398,0.585711,0.328765,0.48025,0.766049,0.770115,0.148938,0.428728,0.00187325,0.00187131,7.76472e-10,1.2,,,,,,,,,,,,,
50,initial_eval,50,1,False,False,0.179552,0.179366,0.000185321,0.21543,0.215619,0.215417,0.215606,0.179613,0.179797,True,0.25741375,0.179552,0.179366,0.000185321,True,0.179671,0.179486,0.000184744,True,0.179751,0.179567,0.000184418,True,0.121863,0.439552,0.500355,0.112137,0.08,0.123707,0.406674,0.275022,0.00187323,0.00187131,1.2,7.76471e-10,,,,,,,,,,,,,
51,initial_eval,51,1,False,False,0.176974,0.172543,0.00443099,0.208419,0.21296,0.208409,0.212948,0.172794,0.177214,True,0.208235925,0.176974,0.172543,0.00443099,True,0.177091,0.172666,0.00442516,True,0.177169,0.172748,0.00442161,True,0.0934422,0.186428,0.10577,0.280885,0.673256,0.147746,0.0947575,0.0836027,0.00194749,0.00189874,7.76471e-10,1.2,,,,,,,,,,,,,
52,initial_eval,52,1,False,False,0.179535,0.179349,0.000186257,0.215409,0.215598,0.215396,0.215585,0.179593,0.179778,True,0.19452275,0.179535,0.179349,0.000186257,True,0.179653,0.179468,0.000185384,True,0.179733,0.179548,0.00018489,True,0.08,0.25617,0.274205,0.152513,0.299029,0.186263,0.182402,0.1256,0.00187344,0.00187152,1.2,7.76471e-10,,,,,,,,,,,,,
53,initial_eval,53,1,False,False,0.179537,0.179349,0.000188111,0.21541,0.215599,0.215397,0.215586,0.179594,0.179779,True,0.36896112499999995,0.179537,0.179349,0.000188111,True,0.179655,0.179468,0.000186744,True,0.179734,0.179548,0.000185973,True,0.490344,0.306697,0.332631,0.596352,0.292771,0.227785,0.206721,0.498388,0.00187344,0.00187151,7.76471e-10,1.2,,,,,,,,,,,,,
54,initial_eval,54,1,False,False,0.179533,0.179347,0.000185428,0.215409,0.215598,0.215396,0.215585,0.179592,0.179777,True,0.2491034375,0.179533,0.179347,0.000185428,True,0.179652,0.179467,0.000184811,True,0.179731,0.179547,0.000184461,True,0.0908635,0.402777,0.436154,0.113948,0.189068,0.119883,0.402171,0.237963,0.00187345,0.00187152,1.2,7.76471e-10,,,,,,,,,,,,,
55,initial_eval,55,1,False,False,0.179534,0.179347,0.000187455,0.215408,0.215597,0.215395,0.215585,0.179592,0.179777,True,0.288436375,0.179534,0.179347,0.000187455,True,0.179653,0.179466,0.000186314,True,0.179732,0.179546,0.000185669,True,0.10672,0.473012,0.469743,0.127738,0.256922,0.143785,0.435427,0.294144,0.00187345,0.00187153,1.2,7.76472e-10,,,,,,,,,,,,,
56,initial_eval,56,1,False,False,0.179531,0.179343,0.000187924,0.215403,0.215593,0.215391,0.21558,0.179587,0.179773,True,0.3319903,0.179531,0.179343,0.000187924,True,0.179649,0.179462,0.000186652,True,0.179728,0.179542,0.000185933,True,0.0835114,0.48009,0.460324,0.210826,0.454942,0.2032,0.440416,0.322613,0.0018735,0.00187157,1.2,7.76472e-10,,,,,,,,,,,,,
57,initial_eval,57,1,False,False,0.179533,0.179349,0.000184764,0.215409,0.215598,0.215396,0.215585,0.179593,0.179777,True,0.36300319999999997,0.179533,0.179349,0.000184764,True,0.179652,0.179468,0.000184466,True,0.179732,0.179547,0.000184296,True,0.0818106,0.48645,0.483783,0.251085,0.484802,0.354263,0.420878,0.340954,0.00187344,0.00187152,7.76471e-10,1.2,,,,,,,,,,,,,
58,initial_eval,58,1,False,False,0.179529,0.179341,0.000187884,0.215402,0.215592,0.21539,0.215579,0.179586,0.179772,True,0.30504495000000004,0.179529,0.179341,0.000187884,True,0.179647,0.17946,0.000186617,True,0.179726,0.17954,0.000185901,True,0.0908086,0.483583,0.467344,0.172846,0.377791,0.10718,0.425727,0.31508,0.00187351,0.00187158,7.76472e-10,1.2,,,,,,,,,,,,,
59,initial_eval,59,1,False,False,0.176949,0.173999,0.00294967,0.209907,0.212932,0.209894,0.212919,0.174243,0.177187,True,0.235791625,0.176949,0.173999,0.00294967,True,0.177065,0.174118,0.00294677,True,0.177143,0.174198,0.00294508,True,0.082853,0.247884,0.142691,0.288773,0.750944,0.118654,0.138684,0.11585,0.00193126,0.00189904,1.2,7.76471e-10,,,,,,,,,,,,,
60,initial_eval,60,1,False,False,0.175642,0.176752,-0.00110986,0.212738,0.211616,0.212725,0.211606,0.176996,0.1759,False,0.1511760125,0.175642,0.176752,-0.00110986,False,0.175768,0.176871,-0.00110266,False,0.175852,0.17695,-0.0010984,False,0.209429,0.0830459,0.168639,0.236886,0.0841124,0.264663,0.0826328,0.08,0.00190107,0.00191289,1.2,7.76472e-10,,,,,,,,,,,,,
61,initial_eval,61,1,False,False,0.175666,0.17932,-0.00365313,0.215378,0.211608,0.215365,0.211595,0.179563,0.175902,False,0.19387995,0.175666,0.17932,-0.00365313,False,0.175781,0.179438,-0.00365768,False,0.175857,0.179518,-0.00366024,False,0.0863096,0.241792,0.27736,0.148773,0.247982,0.215356,0.199654,0.133813,0.00187376,0.00191301,7.76471e-10,1.2,,,,,,,,,,,,,
62,initial_eval,62,1,False,False,0.179516,0.179328,0.000187948,0.215388,0.215578,0.215375,0.215565,0.179573,0.179758,True,0.282842625,0.179516,0.179328,0.000187948,True,0.179634,0.179447,0.000186649,True,0.179713,0.179527,0.000185915,True,0.08203,0.405599,0.394167,0.173139,0.384138,0.142556,0.412841,0.268271,0.00187366,0.00187173,1.2,7.76471e-10,,,,,,,,,,,,,
63,initial_eval,63,1,False,False,0.176941,0.172518,0.00442258,0.208391,0.212924,0.208381,0.212911,0.172768,0.17718,True,0.3316285,0.176941,0.172518,0.00442258,True,0.177057,0.17264,0.00441689,True,0.177135,0.172721,0.00441345,True,0.306762,0.236775,0.145135,0.56106,0.770112,0.239122,0.139169,0.254893,0.00194779,0.00189912,7.76471e-10,1.2,,,,,,,,,,,,,
64,train,0,0,True,True,0.179326,0.179512,-0.000186538,0.215387,0.215576,0.215375,0.215564,0.179571,0.179756,False,0.44785974999999995,0.179326,0.179512,-0.000186538,False,0.179446,0.179631,-0.00018561,False,0.179526,0.179711,-0.000185081,False,0.741245,0.57729,0.633202,0.77011,0.107267,0.142146,0.109099,0.502519,0.00187366,0.00187174,0.53723,0.551788,1.0464,1.04306,1.04386,-0.000655633,-0.000469096,0.0203164,6.67575e-07,0.0203164,2.8361e-06,-0.02492805,-0.08192232999999999,-6.58303e-07,-6.67575e-07
65,train,32,1,True,True,0.175672,0.174758,0.000914702,0.210669,0.211641,0.210656,0.211628,0.17499,0.175925,True,0.3103241375,0.175672,0.174758,0.000914702,True,0.175796,0.17487,0.000925834,True,0.175878,0.174946,0.000931734,True,0.0938811,0.456305,0.374484,0.163556,0.490971,0.26999,0.367252,0.266154,0.00192304,0.00191265,0.0385452,1.09221,0.0229368,1.04306,1.04386,0.000932546,1.78442e-05,1.33204e-06,6.67572e-07,1.33204e-06,2.83609e-06,-1.029645e-05,-9.75048e-06,-6.583e-07,-6.67572e-07
66,train,1,0,True,True,0.174737,0.175647,-0.000909873,0.210666,0.211625,0.210654,0.211615,0.174981,0.175907,False,0.383877,0.174737,0.175647,-0.000909873,False,0.174856,0.175774,-0.000918448,False,0.174936,0.175859,-0.000923507,False,0.632611,0.475342,0.540965,0.624457,0.124163,0.08,0.282379,0.311099,0.00192307,0.00191279,0.0388085,1.09175,1.0464,1.04306,1.04386,-0.00311292,-0.00220304,0.0114353,6.6757e-07,0.0114353,2.83608e-06,-0.015025335999999999,-0.040876759000000006,-6.58298e-07,-6.6757e-07
67,train,33,1,True,True,0.175662,0.172641,0.0030207,0.208484,0.211636,0.20847,0.211619,0.172868,0.175916,True,0.2686391125,0.175662,0.172641,0.0030207,True,0.175787,0.172751,0.00303573,True,0.175869,0.172825,0.00304375,True,0.361298,0.0966629,0.122031,0.492813,0.349183,0.300039,0.218776,0.20831,0.00194682,0.00191275,-0.00284835,1.20947,0.0198602,1.04306,1.04386,0.00304223,2.15222e-05,1.32296e-06,6.67567e-07,1.32296e-06,2.83607e-06,-1.019046e-05,-9.38402e-06,-6.58295e-07,-6.67567e-07
68,train,2,0,True,True,0.172642,0.175646,-0.00300317,0.208485,0.211623,0.208472,0.211613,0.17287,0.175906,False,0.29886775000000004,0.172642,0.175646,-0.00300317,False,0.172752,0.175773,-0.00302055,False,0.172827,0.175858,-0.00303069,False,0.460496,0.315118,0.428067,0.491527,0.139719,0.324761,0.106536,0.124718,0.00194679,0.00191281,-0.00285355,1.20947,1.0464,1.04306,1.04386,-0.00312547,-0.000122304,0.00450121,6.67564e-07,0.00450121,2.83606e-06,-0.013508597,-0.014551336,-6.58293e-07,-6.67564e-07
69,train,34,1,True,True,0.175655,0.172516,0.00313964,0.2084,0.211631,0.20839,0.211621,0.172773,0.175914,True,0.247402075,0.175655,0.172516,0.00313964,True,0.175782,0.172641,0.00314051,True,0.175866,0.172725,0.00314102,True,0.0838406,0.400537,0.39741,0.10904,0.266488,0.131902,0.385266,0.204733,0.00194769,0.00191273,-0.00279607,1.20946,0.0198544,1.04306,1.04386,0.00314129,1.6564e-06,1.31394e-06,6.67562e-07,1.31394e-06,2.83605e-06,-1.009487e-05,-9.258418e-06,-6.5829e-07,-6.67562e-07
70,train,3,0,True,True,0.172516,0.175639,-0.00312336,0.208397,0.211614,0.208387,0.211604,0.172771,0.175897,False,0.34778837500000004,0.172516,0.175639,-0.00312336,False,0.17264,0.175765,-0.00312501,False,0.172724,0.175849,-0.00312585,False,0.465983,0.392788,0.363332,0.423047,0.177356,0.430341,0.224457,0.305003,0.00194773,0.00191291,-0.00280506,1.20946,1.0464,1.04306,1.04386,-0.00312717,-3.8109e-06,0.00305411,6.67559e-07,0.00305411,2.83603e-06,-0.01489469,-0.010388816,-6.58287e-07,-6.67559e-07
71,train,35,1,True,True,0.175654,0.172512,0.00314206,0.208401,0.211633,0.208392,0.211621,0.172773,0.175914,True,0.28502317499999996,0.175654,0.172512,0.00314206,True,0.175782,0.17264,0.00314189,True,0.175866,0.172725,0.00314104,True,0.497202,0.08,0.0873754,0.571344,0.284368,0.089561,0.410277,0.260058,0.00194767,0.00191274,-0.00279812,1.20946,0.0229368,1.04306,1.04386,0.00314064,-1.42036e-06,1.30522e-06,6.67556e-07,1.30522e-06,2.83602e-06,-9.98946e-06,-9.167346e-06,-6.58285e-07,-6.67556e-07
72,train,4,0,True,True,0.172508,0.175638,-0.0031296,0.208396,0.211613,0.208386,0.211603,0.172768,0.175897,False,0.383445,0.172508,0.175638,-0.0031296,False,0.172635,0.175765,-0.00312921,False,0.17272,0.175849,-0.00312895,False,0.584164,0.47028,0.462056,0.628547,0.255224,0.176976,0.145681,0.344632,0.00194774,0.00191292,-0.00280466,1.20946,1.0464,1.04306,1.04386,-0.00312934,2.60986e-07,0.00595832,6.67554e-07,0.00595832,2.83601e-06,-0.015119037999999998,-0.023463783000000002,-6.58282e-07,-6.67554e-07
73,train,36,1,True,True,0.175651,0.172514,0.00313676,0.208396,0.211627,0.208385,0.211613,0.172769,0.175908,True,0.46690765,0.175651,0.172514,0.00313676,True,0.175777,0.172639,0.00313832,True,0.17586,0.172722,0.00313859,True,0.16197,0.684524,0.77011,0.221052,0.0829502,0.459844,0.75628,0.598531,0.00194775,0.00191281,-0.00279783,1.20946,0.0198614,1.04306,1.04386,0.00313765,8.93991e-07,1.29872e-06,6.67551e-07,1.29872e-06,2.836e-06,-9.882320000000002e-06,-8.958726e-06,-6.58279e-07,-6.67551e-07
74,train,5,0,True,True,0.172508,0.175636,-0.00312821,0.208393,0.21161,0.208384,0.2116,0.172766,0.175894,False,0.37133174999999996,0.172508,0.175636,-0.00312821,False,0.172634,0.175762,-0.00312805,False,0.172718,0.175846,-0.00312793,False,0.543454,0.493438,0.523504,0.44525,0.181826,0.385814,0.148522,0.248846,0.00194776,0.00191295,-0.00280503,1.20946,1.0464,1.04306,1.04386,-0.00312812,8.63345e-08,0.00569682,6.67548e-07,0.00569682,2.83599e-06,-0.014482394,-0.019162052000000002,-6.58277e-07,-6.67548e-07
75,train,37,1,True,True,0.175653,0.172516,0.00313713,0.2084,0.211629,0.208389,0.21162,0.172773,0.175912,True,0.33589074999999996,0.175653,0.172516,0.00313713,True,0.17578,0.172642,0.00313846,True,0.175864,0.172725,0.00313928,True,0.102989,0.509698,0.564957,0.103372,0.107356,0.134907,0.770113,0.393734,0.0019477,0.00191274,-0.00279669,1.20946,0.0198544,1.04306,1.04386,0.00313988,2.75362e-06,1.29151e-06,6.67546e-07,1.29151e-06,2.83598e-06,-9.779629999999999e-06,-8.788367e-06,-6.58274e-07,-6.67546e-07
76,train,6,0,True,True,0.172506,0.175635,-0.00312871,0.208395,0.211612,0.208386,0.211602,0.172767,0.175895,False,0.543639875,0.172506,0.175635,-0.00312871,False,0.172634,0.175762,-0.00312841,False,0.172719,0.175847,-0.0031282,False,0.676339,0.66374,0.770114,0.650108,0.375466,0.351668,0.149631,0.712053,0.00194774,0.00191293,-0.00280506,1.20946,1.0464,1.04306,1.04386,-0.00312818,5.2731e-07,0.015538,6.67543e-07,0.015538,2.83597e-06,-0.017860385000000003,-0.040183102,-6.58271e-07,-6.67543e-07
77,train,38,1,True,True,0.17563,0.172501,0.00312873,0.208388,0.211605,0.208379,0.211595,0.172761,0.175889,True,0.382305125,0.17563,0.172501,0.00312873,True,0.175756,0.172628,0.00312843,True,0.175841,0.172713,0.00312823,True,0.370735,0.363315,0.391723,0.528047,0.377254,0.374888,0.202841,0.449638,0.00194782,0.001913,-0.00280483,1.20946,0.0198545,1.04306,1.04386,0.00312818,-5.53245e-07,1.28901e-06,6.6754e-07,1.28901e-06,2.83596e-06,-9.652e-06,-8.428928e-06,-6.58269e-07,-6.6754e-07
78,train,7,0,True,True,0.172504,0.175633,-0.00312869,0.208393,0.211609,0.208383,0.2116,0.172765,0.175893,False,0.42723375,0.172504,0.175633,-0.00312869,False,0.172632,0.17576,-0.00312839,False,0.172716,0.175844,-0.00312818,False,0.580763,0.423695,0.455836,0.753179,0.370996,0.391278,0.100993,0.34113,0.00194777,0.00191296,-0.00280499,1.20946,1.0464,1.04306,1.04386,-0.00312812,5.71755e-07,0.00279376,6.67538e-07,0.00279376,2.83594e-06,-0.01486378,-0.010115232,-6.58266e-07,-6.67538e-07
79,train,39,1,True,True,0.175654,0.172518,0.00313587,0.208402,0.211633,0.208387,0.211623,0.172773,0.175914,True,0.20175882499999997,0.175654,0.172518,0.00313587,True,0.175781,0.172643,0.00313864,True,0.175866,0.172725,0.00314082,True,0.0808779,0.279686,0.34867,0.0841486,0.0901021,0.181483,0.39448,0.154623,0.00194772,0.00191271,-0.00279367,1.20946,0.0198545,1.04306,1.04386,0.00314112,5.25532e-06,1.28532e-06,6.67535e-07,1.28532e-06,2.83593e-06,-9.544350000000001e-06,-8.339682e-06,-6.58264e-07,-6.67535e-07
80,train,8,0,True,True,0.172501,0.175629,-0.00312857,0.20839,0.211607,0.208381,0.211597,0.172762,0.17589,False,0.41991187500000005,0.172501,0.175629,-0.00312857,False,0.172629,0.175757,-0.0031283,False,0.172713,0.175842,-0.00312811,False,0.464831,0.474401,0.515151,0.632988,0.357854,0.426654,0.152887,0.334529,0.0019478,0.00191298,-0.00280494,1.20946,1.0464,1.04306,1.04386,-0.00312802,5.44896e-07,0.00269615,6.67532e-07,0.00269615,2.83592e-06,-0.0164466,-0.010009616,-6.58261e-07,-6.67532e-07
81,train,40,1,True,True,0.175653,0.172518,0.0031348,0.208406,0.211635,0.208388,0.211622,0.172774,0.175914,True,0.21241474999999999,0.175653,0.172518,0.0031348,True,0.175781,0.172644,0.00313697,True,0.175866,0.172727,0.00313905,True,0.133549,0.283897,0.37404,0.08,0.19023,0.105815,0.336074,0.195713,0.00194771,0.00191272,-0.00279495,1.20946,0.0198545,1.04306,1.04386,0.00314005,5.24268e-06,1.2824e-06,6.6753e-07,1.2824e-06,2.83591e-06,-9.4284e-06,-8.246751e-06,-6.58258e-07,-6.6753e-07
82,train,9,0,True,True,0.172499,0.175627,-0.00312834,0.208388,0.211604,0.208378,0.211595,0.17276,0.175887,False,0.5125391,0.172499,0.175627,-0.00312834,False,0.172626,0.175755,-0.00312813,False,0.172711,0.175839,-0.00312798,False,0.715184,0.569406,0.590993,0.770114,0.328889,0.269307,0.0863048,0.770115,0.00194782,0.00191301,-0.00280489,1.20946,1.0464,1.04306,1.04386,-0.00312802,3.18529e-07,0.0107575,6.67527e-07,0.0107575,2.8359e-06,-0.016249798,-0.020657567,-6.58256e-07,-6.67527e-07
83,train,41,1,True,True,0.175649,0.172515,0.00313405,0.208403,0.211632,0.208391,0.211619,0.172774,0.175911,True,0.24675849999999996,0.175649,0.172515,0.00313405,True,0.175778,0.172642,0.00313579,True,0.175863,0.172726,0.00313677,True,0.105732,0.36215,0.325922,0.165835,0.384943,0.156351,0.267067,0.206068,0.00194768,0.00191275,-0.00279806,1.20946,0.0198545,1.04306,1.04386,0.00313751,3.46154e-06,1.27842e-06,6.67524e-07,1.27842e-06,2.83589e-06,-9.314150000000001e-06,-8.063848e-06,-6.58253e-07,-6.67524e-07
84,train,10,0,True,True,0.1725,0.175628,-0.00312818,0.208386,0.211603,0.208377,0.211593,0.172759,0.175887,False,0.34533500000000006,0.1725,0.175628,-0.00312818,False,0.172627,0.175755,-0.00312795,False,0.172711,0.175839,-0.00312778,False,0.460057,0.36972,0.432466,0.52793,0.162337,0.257971,0.106189,0.44601,0.00194784,0.00191303,-0.00280498,1.20946,1.0464,1.04306,1.04386,-0.00312806,1.20055e-07,0.00233132,6.67521e-07,0.00233132,2.83588e-06,-0.013799296,-0.0059044522,-6.5825e-07,-6.67521e-07
85,train,42,1,True,True,0.175656,0.172521,0.00313502,0.208402,0.211631,0.208383,0.211619,0.172771,0.175913,True,0.18587850000000003,0.175656,0.172521,0.00313502,True,0.175782,0.172644,0.00313788,True,0.175865,0.172725,0.00314036,True,0.212831,0.207436,0.26523,0.224674,0.113793,0.145288,0.128915,0.188861,0.00194777,0.00191276,-0.00279338,1.20946,0.0198545,1.04306,1.04386,0.00313839,3.37093e-06,1.26967e-06,6.67519e-07,1.26967e-06,2.83586e-06,-9.217079999999999e-06,-8.013584e-06,-6.58248e-07,-6.67519e-07
86,train,11,0,True,True,0.172492,0.175621,-0.00312861,0.208377,0.211593,0.208366,0.211582,0.17275,0.175878,False,0.40108024999999997,0.172492,0.175621,-0.00312861,False,0.172618,0.175746,-0.00312826,False,0.172702,0.17583,-0.00312802,False,0.521068,0.418723,0.488581,0.608506,0.171098,0.317522,0.128222,0.554922,0.00194796,0.00191314,-0.00280463,1.20946,1.0464,1.04306,1.04386,-0.00312767,9.41136e-07,0.00375399,6.67516e-07,0.00375399,2.83585e-06,-0.015498599,-0.007901327,-6.58245e-07,-6.67516e-07
87,train,43,1,True,True,0.175644,0.172514,0.0031297,0.208401,0.211622,0.208386,0.211612,0.17277,0.175904,True,0.27282999999999996,0.175644,0.172514,0.0031297,True,0.175771,0.17264,0.00313112,True,0.175856,0.172723,0.0031329,True,0.11078,0.257738,0.13034,0.399908,0.770115,0.240898,0.097806,0.175055,0.00194774,0.00191282,-0.00279918,1.20946,0.0198545,1.04306,1.04386,0.00313414,4.44634e-06,1.26229e-06,6.67513e-07,1.26229e-06,2.83584e-06,-9.109e-06,-7.943379e-06,-6.58242e-07,-6.67513e-07
88,train,12,0,True,True,0.172498,0.175626,-0.00312788,0.208382,0.211598,0.20837,0.211586,0.172754,0.175881,False,0.49262754999999997,0.172498,0.175626,-0.00312788,False,0.172623,0.175751,-0.00312767,False,0.172707,0.175834,-0.00312756,False,0.685667,0.646988,0.616585,0.599858,0.0876884,0.560507,0.109723,0.634004,0.00194792,0.0019131,-0.00280485,1.20946,1.0464,1.04306,1.04386,-0.00312728,6.00206e-07,0.00912778,6.67511e-07,0.00912778,2.83583e-06,-0.015988956999999998,-0.0180617504,-6.5824e-07,-6.67511e-07
89,train,44,1,True,True,0.175629,0.1725,0.00312875,0.208391,0.211609,0.208376,0.2116,0.172759,0.175891,True,0.32688025,0.175629,0.1725,0.00312875,True,0.175757,0.172628,0.00312957,True,0.175843,0.172712,0.00313101,True,0.463514,0.106965,0.08,0.646135,0.52235,0.243356,0.304203,0.248519,0.00194784,0.00191295,-0.00280055,1.20946,0.0229368,1.04306,1.04386,0.00313187,3.12122e-06,1.25364e-06,6.67508e-07,1.25364e-06,2.83582e-06,-8.99688e-06,-7.779935999999998e-06,-6.58237e-07,-6.67508e-07
90,train,13,0,True,True,0.172498,0.175626,-0.00312735,0.208384,0.2116,0.208371,0.211587,0.172755,0.175882,False,0.41943698749999997,0.172498,0.175626,-0.00312735,False,0.172624,0.175751,-0.00312725,False,0.172707,0.175835,-0.00312724,False,0.599362,0.50374,0.580641,0.650401,0.0920689,0.244312,0.18933,0.495641,0.00194791,0.00191309,-0.00280493,1.20946,1.0464,1.04306,1.04386,-0.00312702,3.38141e-07,0.00242038,6.67505e-07,0.00242038,2.83581e-06,-0.0139285,-0.0057651066,-6.58235e-07,-6.67505e-07
91,train,45,1,True,True,0.175646,0.172517,0.00312925,0.208404,0.211625,0.208387,0.211612,0.172772,0.175905,True,0.16899925000000002,0.175646,0.172517,0.00312925,True,0.175773,0.172643,0.00313063,True,0.175857,0.172725,0.00313225,True,0.229949,0.132228,0.173526,0.267329,0.185581,0.149795,0.08,0.133586,0.00194773,0.00191283,-0.00279981,1.20946,0.0198614,1.04306,1.04386,0.00313372,4.4676e-06,1.24503e-06,6.67503e-07,1.24503e-06,2.8358e-06,-8.89911e-06,-7.732476e-06,-6.58232e-07,-6.67503e-07
92,train,14,0,True,True,0.172488,0.175617,-0.00312857,0.208376,0.211593,0.208363,0.21158,0.172747,0.175875,False,0.5126675,0.172488,0.175617,-0.00312857,False,0.172615,0.175744,-0.00312825,False,0.172699,0.175827,-0.00312803,False,0.423736,0.592923,0.632225,0.63737,0.432503,0.537697,0.160092,0.684794,0.00194799,0.00191317,-0.00280453,1.20946,1.0464,1.04306,1.04386,-0.00312802,5.49262e-07,0.00607029,6.675e-07,0.00607029,2.83578e-06,-0.018379745,-0.01183474319,-6.58229e-07,-6.675e-07
93,train,46,1,True,True,0.175619,0.172491,0.00312857,0.208382,0.211598,0.208369,0.211586,0.172751,0.175879,True,0.31425375,0.175619,0.172491,0.00312857,True,0.175747,0.172619,0.00312827,True,0.175831,0.172703,0.00312805,True,0.099258,0.348219,0.354446,0.303381,0.520741,0.456976,0.180046,0.250963,0.00194792,0.00191311,-0.00280467,1.20946,0.0229368,1.04306,1.04386,0.00312802,-5.51887e-07,1.22201e-06,6.67497e-07,1.22201e-06,2.83577e-06,-8.76996e-06,-7.6197620000000005e-06,-6.58227e-07,-6.67497e-07
94,train,15,0,True,True,0.172502,0.17563,-0.00312798,0.208389,0.211606,0.208371,0.211592,0.172757,0.175887,False,0.456683375,0.172502,0.17563,-0.00312798,False,0.172628,0.175756,-0.00312861,False,0.17271,0.17584,-0.00312957,False,0.618181,0.572318,0.6045,0.673188,0.185134,0.114966,0.123926,0.761254,0.0019479,0.00191304,-0.00280205,1.20946,1.0464,1.04306,1.04386,-0.00312946,-1.4776e-06,0.00232096,6.67495e-07,0.00232096,2.83576e-06,-0.013221777999999998,-0.00468354415,-6.58224e-07,-6.67495e-07
95,train,47,1,True,True,0.175638,0.172508,0.00312984,0.208399,0.211616,0.208386,0.211607,0.172768,0.175899,True,0.26820707499999996,0.175638,0.172508,0.00312984,True,0.175766,0.172635,0.00313014,True,0.175851,0.17272,0.00313084,True,0.162354,0.228891,0.0978166,0.426085,0.770103,0.161678,0.13612,0.162609,0.00194774,0.00191288,-0.00280206,1.20946,0.0198614,1.04306,1.04386,0.00313043,5.92325e-07,1.21393e-06,6.67492e-07,1.21393e-06,2.83575e-06,-8.67649e-06,-7.583286e-06,-6.58221e-07,-6.67492e-07
96,train,16,0,True,True,0.172483,0.175611,-0.00312865,0.20837,0.211589,0.208356,0.211577,0.17274,0.175871,False,0.30304525,0.172483,0.175611,-0.00312865,False,0.172609,0.175739,-0.0031295,False,0.172693,0.175823,-0.00313038,False,0.22759,0.408197,0.427667,0.31717,0.305109,0.211941,0.203672,0.323016,0.00194807,0.0019132,-0.00280122,1.20946,1.0464,1.04306,1.04386,-0.00312812,5.31189e-07,0.00214114,6.67489e-07,0.00214114,2.83574e-06,-0.011664820000000001,-0.0029702605,-6.58219e-07,-6.67489e-07
97,train,48,1,True,True,0.175632,0.172503,0.00312889,0.208396,0.211613,0.208384,0.211605,0.172765,0.175895,True,0.253805,0.175632,0.172503,0.00312889,True,0.175761,0.172632,0.00312905,True,0.175847,0.172717,0.00312986,True,0.08,0.351668,0.279981,0.202821,0.554981,0.115102,0.24642,0.199467,0.00194776,0.0019129,-0.00280247,1.20946,0.0198544,1.04306,1.04386,0.00312974,8.47335e-07,1.20898e-06,6.67487e-07,1.20898e-06,2.83573e-06,-8.59402e-06,-7.56236e-06,-6.58216e-07,-6.67487e-07
98,train,17,0,True,True,0.172488,0.175617,-0.0031283,0.20838,0.211595,0.208367,0.211583,0.17275,0.175876,False,0.489279625,0.172488,0.175617,-0.0031283,False,0.172617,0.175744,-0.00312732,False,0.172701,0.175828,-0.00312703,False,0.640951,0.717267,0.770113,0.685167,0.108697,0.284195,0.178522,0.529325,0.00194794,0.00191314,-0.00280535,1.20946,1.0464,1.04306,1.04386,-0.00312724,1.05673e-06,0.00235225,6.67484e-07,0.00235225,2.83572e-06,-0.01449495,-0.0018694310000000002,-6.58213e-07,-6.67484e-07
99,train,49,1,True,True,0.175609,0.172481,0.00312838,0.208372,0.211588,0.208363,0.211579,0.172743,0.175871,True,0.49324425,0.175609,0.172481,0.00312838,True,0.175738,0.17261,0.00312813,True,0.175823,0.172695,0.00312794,True,0.437398,0.585711,0.328765,0.48025,0.766049,0.770115,0.148938,0.428728,0.00194799,0.00191318,-0.0028045,1.20946,0.0229368,1.04306,1.04386,0.00312788,-5.01619e-07,1.20066e-06,6.67481e-07,1.20066e-06,2.83571e-06,-8.491601e-06,-7.5489939999999995e-06,-6.58211e-07,-6.67481e-07
100,train,18,0,True,True,0.172476,0.175604,-0.00312841,0.208363,0.21158,0.208354,0.21157,0.172736,0.175864,False,0.6504158750000001,0.172476,0.175604,-0.00312841,False,0.172603,0.175731,-0.00312812,False,0.172688,0.175816,-0.00312792,False,0.396961,0.770113,0.770113,0.710292,0.629719,0.710614,0.445404,0.770111,0.00194809,0.00191327,-0.0028043,1.20946,1.0464,1.04306,1.04386,-0.00312786,5.53752e-07,0.0119881,6.67479e-07,0.0119881,2.83569e-06,-0.02075249,-0.0213205819,-6.58208e-07,-6.67479e-07
101,train,50,1,True,True,0.175626,0.172498,0.00312859,0.208391,0.211608,0.208383,0.2116,0.172762,0.17589,True,0.25741375,0.175626,0.172498,0.00312859,True,0.175755,0.172627,0.00312832,True,0.175841,0.172713,0.00312813,True,0.121863,0.439552,0.500355,0.112137,0.08,0.123707,0.406674,0.275022,0.00194777,0.00191296,-0.00280499,1.20946,0.0229368,1.04306,1.04386,0.00312909,5.05314e-07,1.12728e-06,6.67476e-07,1.12728e-06,2.83568e-06,-8.338837e-06,-7.352112e-06,-6.58206e-07,-6.67476e-07
102,train,19,0,True,True,0.17248,0.175608,-0.00312841,0.20837,0.211587,0.208361,0.211578,0.172742,0.17587,False,0.531151625,0.17248,0.175608,-0.00312841,False,0.172608,0.175736,-0.00312817,False,0.172694,0.175822,-0.00312799,False,0.770115,0.613438,0.73708,0.770115,0.288301,0.178341,0.121709,0.770114,0.00194801,0.00191319,-0.00280442,1.20946,1.0464,1.04306,1.04386,-0.00312805,3.66761e-07,0.00220789,6.67473e-07,0.00220789,2.83567e-06,-0.013174256999999998,-0.0006711387999999998,-6.58203e-07,-6.67473e-07
103,train,51,1,True,True,0.175637,0.172508,0.0031287,0.208404,0.211621,0.208397,0.211613,0.172774,0.175902,True,0.208235925,0.175637,0.172508,0.0031287,True,0.175767,0.172638,0.00312843,True,0.175853,0.172725,0.00312824,True,0.0934422,0.186428,0.10577,0.280885,0.673256,0.147746,0.0947575,0.0836027,0.00194762,0.00191281,-0.00280531,1.20946,0.0198614,1.04306,1.04386,0.00312841,-2.91528e-07,1.11948e-06,6.67471e-07,1.11948e-06,2.83566e-06,-8.244996e-06,-7.348808000000001e-06,-6.582e-07,-6.67471e-07
104,train,20,0,True,True,0.172479,0.175608,-0.00312846,0.208368,0.211585,0.208359,0.211576,0.172741,0.175869,False,0.529248625,0.172479,0.175608,-0.00312846,False,0.172607,0.175735,-0.00312819,False,0.172692,0.17582,-0.00312799,False,0.75562,0.482195,0.633557,0.770113,0.106731,0.619649,0.159538,0.706586,0.00194803,0.00191321,-0.00280438,1.20946,1.0464,1.04306,1.04386,-0.00312796,4.99299e-07,0.00321199,6.67468e-07,0.00321199,2.83565e-06,-0.014850767999999999,-0.003089527,-6.58198e-07,-6.67468e-07
105,train,52,1,True,True,0.175623,0.172495,0.00312858,0.208388,0.211605,0.20838,0.211597,0.172759,0.175887,True,0.19452275,0.175623,0.172495,0.00312858,True,0.175753,0.172624,0.00312833,True,0.175838,0.17271,0.00312816,True,0.08,0.25617,0.274205,0.152513,0.299029,0.186263,0.182402,0.1256,0.0019478,0.00191299,-0.00280488,1.20946,0.0229368,1.04306,1.04386,0.00312886,2.73237e-07,1.113e-06,6.67465e-07,1.113e-06,2.83564e-06,-8.140727e-06,-7.3200760000000015e-06,-6.58195e-07,-6.67465e-07
106,train,21,0,True,True,0.172479,0.175607,-0.00312832,0.20837,0.211586,0.208361,0.211578,0.172742,0.175869,False,0.3978995,0.172479,0.175607,-0.00312832,False,0.172607,0.175735,-0.00312808,False,0.172693,0.175821,-0.0031279,False,0.618181,0.473595,0.444862,0.551244,0.122733,0.505327,0.128291,0.338963,0.00194801,0.00191319,-0.00280447,1.20946,1.0464,1.04306,1.04386,-0.00312789,4.34908e-07,0.00234864,6.67463e-07,0.00234864,2.83563e-06,-0.013952611000000002,-0.0021910665,-6.58192e-07,-6.67463e-07
107,train,53,1,True,True,0.175597,0.172468,0.00312934,0.208356,0.211573,0.208347,0.211563,0.172729,0.175857,True,0.36896112499999995,0.175597,0.172468,0.00312934,True,0.175725,0.172596,0.0031288,True,0.175809,0.172681,0.00312844,True,0.490344,0.306697,0.332631,0.596352,0.292771,0.227785,0.206721,0.498388,0.00194817,0.00191334,-0.00280397,1.20946,0.0198614,1.04306,1.04386,0.00312791,-1.43103e-06,1.10642e-06,6.6746e-07,1.10642e-06,2.83561e-06,-8.043049e-06,-7.300663e-06,-6.5819e-07,-6.6746e-07
108,train,22,0,True,True,0.172464,0.175592,-0.00312817,0.208353,0.211569,0.208344,0.21156,0.172725,0.175853,False,0.5125206250000001,0.172464,0.175592,-0.00312817,False,0.172592,0.17572,-0.00312792,False,0.172677,0.175805,-0.00312775,False,0.572917,0.476237,0.588594,0.770113,0.330766,0.770113,0.260624,0.330801,0.0019482,0.00191338,-0.00280405,1.20946,1.0464,1.04306,1.04386,-0.0031277,4.65207e-07,0.00233684,6.67457e-07,0.00233684,2.8356e-06,-0.01439998,-0.002476105,-6.58187e-07,-6.67457e-07
109,train,54,1,True,True,0.175618,0.17249,0.00312863,0.208381,0.211598,0.208373,0.21159,0.172753,0.175881,True,0.2491034375,0.175618,0.17249,0.00312863,True,0.175747,0.172619,0.00312835,True,0.175833,0.172704,0.00312827,True,0.0908635,0.402777,0.436154,0.113948,0.189068,0.119883,0.402171,0.237963,0.00194788,0.00191306,-0.0028044,1.20946,0.0198544,1.04306,1.04386,0.0031292,5.69398e-07,1.1016e-06,6.67455e-07,1.1016e-06,2.83559e-06,-7.936997e-06,-7.280572e-06,-6.58184e-07,-6.67455e-07
110,train,23,0,True,True,0.172473,0.175601,-0.00312833,0.208361,0.211578,0.208352,0.211569,0.172734,0.175862,False,0.493214125,0.172473,0.175601,-0.00312833,False,0.1726,0.175728,-0.00312807,False,0.172686,0.175813,-0.00312789,False,0.770112,0.473998,0.604056,0.755224,0.421596,0.138322,0.137644,0.644761,0.00194811,0.00191329,-0.00280423,1.20946,1.0464,1.04306,1.04386,-0.00312817,1.6028e-07,0.00247428,6.67452e-07,0.00247428,2.83558e-06,-0.013569873999999999,-0.0011045119999999998,-6.58182e-07,-6.67452e-07
111,train,55,1,True,True,0.175604,0.172475,0.00312833,0.208367,0.211584,0.208355,0.211575,0.172737,0.175867,True,0.288436375,0.175604,0.172475,0.00312833,True,0.175732,0.172604,0.00312818,True,0.175818,0.172689,0.00312901,True,0.10672,0.473012,0.469743,0.127738,0.256922,0.143785,0.435427,0.294144,0.00194808,0.00191322,-0.00280204,1.20946,0.0198545,1.04306,1.04386,0.00312981,1.47628e-06,1.09396e-06,6.67449e-07,1.09396e-06,2.83557e-06,-7.839977e-06,-7.2704479999999995e-06,-6.58179e-07,-6.67449e-07
112,train,24,0,True,True,0.172465,0.175593,-0.00312815,0.208355,0.211571,0.208346,0.211562,0.172727,0.175855,False,0.35681999999999997,0.172465,0.175593,-0.00312815,False,0.172593,0.175721,-0.00312791,False,0.172679,0.175806,-0.00312775,False,0.516789,0.262486,0.42709,0.516068,0.296973,0.399473,0.14388,0.291801,0.00194818,0.00191336,-0.00280412,1.20946,1.0464,1.04306,1.04386,-0.00312773,4.19762e-07,0.0021578,6.67447e-07,0.0021578,2.83556e-06,-0.011536931,-0.0017718034,-6.58177e-07,-6.67447e-07
113,train,56,1,True,True,0.175605,0.172476,0.00312827,0.208368,0.211585,0.208358,0.211576,0.172739,0.175868,True,0.3319903,0.175605,0.172476,0.00312827,True,0.175733,0.172605,0.00312813,True,0.175819,0.172691,0.00312855,True,0.0835114,0.48009,0.460324,0.210826,0.454942,0.2032,0.440416,0.322613,0.00194805,0.00191321,-0.00280307,1.20946,0.0229368,1.04306,1.04386,0.00312895,6.77874e-07,1.08637e-06,6.67444e-07,1.08637e-06,2.83555e-06,-7.756346000000001e-06,-7.258003999999999e-06,-6.58174e-07,-6.67444e-07
114,train,25,0,True,True,0.172456,0.175584,-0.00312804,0.208345,0.211561,0.208336,0.211552,0.172718,0.175845,False,0.560572625,0.172456,0.175584,-0.00312804,False,0.172584,0.175712,-0.00312782,False,0.172669,0.175797,-0.00312765,False,0.50609,0.566316,0.698648,0.753646,0.289464,0.770115,0.251963,0.648339,0.00194829,0.00191346,-0.00280387,1.20946,1.0464,1.04306,1.04386,-0.00312761,4.32505e-07,0.00240216,6.67441e-07,0.00240216,2.83553e-06,-0.014154290000000002,0.00031550300000000007,-6.58171e-07,-6.67441e-07
115,train,57,1,True,True,0.175589,0.172461,0.00312812,0.208351,0.211567,0.208339,0.211558,0.172722,0.175851,True,0.36300319999999997,0.175589,0.172461,0.00312812,True,0.175718,0.172589,0.00312811,True,0.175803,0.172674,0.00312865,True,0.0818106,0.48645,0.483783,0.251085,0.484802,0.354263,0.420878,0.340954,0.00194825,0.0019134,-0.00280231,1.20946,0.0229368,1.04306,1.04386,0.00312829,1.71305e-07,1.08098e-06,6.67439e-07,1.08098e-06,2.83552e-06,-7.65309e-06,-7.2618710000000006e-06,-6.58169e-07,-6.67439e-07
116,train,26,0,True,True,0.172464,0.175594,-0.00312967,0.208351,0.211568,0.208342,0.211558,0.172724,0.175853,False,0.560397625,0.172464,0.175594,-0.00312967,False,0.172592,0.175721,-0.00312906,False,0.172676,0.175805,-0.00312862,False,0.436849,0.770102,0.681453,0.713739,0.770103,0.151298,0.22418,0.735457,0.00194823,0.0019134,-0.00280383,1.20946,1.0464,1.04306,1.04386,-0.0031278,1.86908e-06,0.00832064,6.67436e-07,0.00832064,2.83551e-06,-0.012471435000000001,-0.007887194,-6.58166e-07,-6.67436e-07
117,train,58,1,True,True,0.175599,0.172471,0.00312822,0.208363,0.21158,0.208355,0.211571,0.172735,0.175863,True,0.30504495000000004,0.175599,0.172471,0.00312822,True,0.175728,0.1726,0.00312799,True,0.175814,0.172686,0.00312781,True,0.0908086,0.483583,0.467344,0.172846,0.377791,0.10718,0.425727,0.31508,0.00194808,0.00191326,-0.00280433,1.20946,0.0229368,1.04306,1.04386,0.00312784,-3.77234e-07,1.07501e-06,6.67433e-07,1.07501e-06,2.8355e-06,-7.562964e-06,-7.194711000000001e-06,-6.58163e-07,-6.67433e-07
118,train,27,0,True,True,0.172463,0.175592,-0.00312837,0.208351,0.211568,0.208343,0.211559,0.172725,0.175852,False,0.54205225,0.172463,0.175592,-0.00312837,False,0.172591,0.175719,-0.0031281,False,0.172676,0.175804,-0.00312791,False,0.770112,0.770113,0.770113,0.770113,0.241903,0.12439,0.119561,0.770113,0.00194822,0.00191339,-0.00280394,1.20946,1.0464,1.04306,1.04386,-0.0031279,4.67725e-07,0.00197177,6.67431e-07,0.00197177,2.83549e-06,-0.011163191999999999,6.304000000000032e-05,-6.58161e-07,-6.67431e-07
119,train,59,1,True,True,0.175605,0.172476,0.00312833,0.208369,0.211585,0.208357,0.211577,0.172739,0.175868,True,0.235791625,0.175605,0.172476,0.00312833,True,0.175734,0.172605,0.00312824,True,0.17582,0.17269,0.00312911,True,0.082853,0.247884,0.142691,0.288773,0.750944,0.118654,0.138684,0.11585,0.00194806,0.0019132,-0.002802,1.20946,0.0198614,1.04306,1.04386,0.00312975,1.41473e-06,1.06754e-06,6.67428e-07,1.06754e-06,2.83548e-06,-7.482726e-06,-7.199000999999999e-06,-6.58158e-07,-6.67428e-07
120,train,28,0,True,True,0.172458,0.175586,-0.00312809,0.208348,0.211565,0.208339,0.211555,0.172721,0.175848,False,0.36707737499999993,0.172458,0.175586,-0.00312809,False,0.172587,0.175714,-0.00312787,False,0.172672,0.1758,-0.00312744,False,0.52447,0.365733,0.453304,0.600734,0.118889,0.344019,0.136189,0.393281,0.00194825,0.00191344,-0.00280454,1.20946,1.0464,1.04306,1.04386,-0.0031276,4.89022e-07,0.00195064,6.67425e-07,0.00195064,2.83547e-06,-0.012243669,-0.0007939837,-6.58155e-07,-6.67425e-07
121,train,60,1,True,True,0.175615,0.172486,0.00312848,0.208381,0.211598,0.208367,0.21159,0.172749,0.17588,True,0.1511760125,0.175615,0.172486,0.00312848,True,0.175745,0.172616,0.00312855,True,0.175831,0.172701,0.0031302,True,0.209429,0.0830459,0.168639,0.236886,0.0841124,0.264663,0.0826328,0.08,0.00194795,0.00191306,-0.00280045,1.20946,0.0198544,1.04306,1.04386,0.00313061,2.13315e-06,1.06147e-06,6.67423e-07,1.06147e-06,2.83546e-06,-7.3953050000000005e-06,-7.192634e-06,-6.58153e-07,-6.67423e-07
122,train,29,0,True,True,0.172459,0.175587,-0.00312813,0.208348,0.211565,0.208339,0.211556,0.172721,0.175849,False,0.36093624999999996,0.172459,0.175587,-0.00312813,False,0.172587,0.175715,-0.00312792,False,0.172673,0.1758,-0.00312777,False,0.531274,0.502889,0.534256,0.557204,0.152056,0.089561,0.157529,0.362721,0.00194825,0.00191343,-0.00280388,1.20946,1.0464,1.04306,1.04386,-0.00312769,4.42314e-07,0.00198294,6.6742e-07,0.00198294,2.83544e-06,-0.011803567,-0.0010125225000000002,-6.5815e-07,-6.6742e-07
123,train,61,1,True,True,0.175596,0.172467,0.00312843,0.208358,0.211575,0.20835,0.211566,0.17273,0.175858,True,0.19387995,0.175596,0.172467,0.00312843,True,0.175724,0.172596,0.00312821,True,0.17581,0.172682,0.00312805,True,0.0863096,0.241792,0.27736,0.148773,0.247982,0.215356,0.199654,0.133813,0.00194814,0.00191331,-0.00280403,1.20946,0.0229368,1.04306,1.04386,0.00312874,3.10575e-07,1.05534e-06,6.67417e-07,1.05534e-06,2.83543e-06,-7.3125770000000005e-06,-7.1862450000000005e-06,-6.58148e-07,-6.67417e-07
124,train,30,0,True,True,0.17246,0.175588,-0.00312817,0.208349,0.211565,0.20834,0.211556,0.172722,0.175849,False,0.4866560000000001,0.17246,0.175588,-0.00312817,False,0.172588,0.175716,-0.00312793,False,0.172673,0.175801,-0.00312776,False,0.743989,0.637715,0.708511,0.703339,0.198008,0.152937,0.1903,0.558449,0.00194825,0.00191342,-0.00280393,1.20946,1.0464,1.04306,1.04386,-0.0031279,2.7018e-07,0.00197516,6.67415e-07,0.00197516,2.83542e-06,-0.012457676999999999,-5.433e-06,-6.58145e-07,-6.67415e-07
125,train,62,1,True,True,0.175588,0.172459,0.00312809,0.208349,0.211566,0.20834,0.211557,0.172722,0.175849,True,0.282842625,0.175588,0.172459,0.00312809,True,0.175716,0.172588,0.00312787,True,0.175801,0.172673,0.00312771,True,0.08203,0.405599,0.394167,0.173139,0.384138,0.142556,0.412841,0.268271,0.00194824,0.00191342,-0.00280396,1.20946,0.0229368,1.04306,1.04386,0.00312796,-1.32238e-07,1.04922e-06,6.67412e-07,1.04922e-06,2.83541e-06,-7.225782e-06,-7.19157e-06,-6.58142e-07,-6.67412e-07
126,train,31,0,True,True,0.17245,0.175578,-0.00312801,0.208338,0.211555,0.20833,0.211546,0.172712,0.175839,False,0.315127875,0.17245,0.175578,-0.00312801,False,0.172578,0.175706,-0.0031278,False,0.172663,0.175791,-0.00312764,False,0.291619,0.360851,0.342939,0.426903,0.444661,0.192956,0.107367,0.353727,0.00194836,0.00191353,-0.00280369,1.20946,1.0464,1.04306,1.04386,-0.00312732,6.92876e-07,0.00252062,6.67409e-07,0.00252062,2.8354e-06,-0.010522065,-0.0038061250000000005,-6.5814e-07,-6.67409e-07
127,train,63,1,True,True,0.175579,0.172451,0.00312838,0.20834,0.211556,0.208331,0.211547,0.172713,0.17584,True,0.3316285,0.175579,0.172451,0.00312838,True,0.175707,0.172579,0.00312811,True,0.175792,0.172664,0.00312792,True,0.306762,0.236775,0.145135,0.56106,0.770112,0.239122,0.139169,0.254893,0.00194835,0.00191352,-0.00280359,1.20946,0.0229368,1.04306,1.04386,0.00312762,-7.6334e-07,1.04191e-06,6.67407e-07,1.04191e-06,2.83539e-06,-7.148358e-06,-7.1617180000000005e-06,-6.58137e-07,-6.67407e-07
128,final_eval,0,0,False,False,0.172459,0.175588,-0.00312812,0.208349,0.211565,0.20834,0.211556,0.172723,0.175851,False,0.44785974999999995,0.172459,0.175588,-0.00312812,False,0.172588,0.175716,-0.00312787,False,0.172673,0.175801,-0.00312769,False,0.741245,0.57729,0.633202,0.77011,0.107267,0.142146,0.109099,0.502519,0.00194824,0.00191341,7.76472e-10,1.2,,,,,,,,,,,,,
129,final_eval,1,0,False,False,0.172447,0.175575,-0.00312795,0.208337,0.211553,0.208328,0.211544,0.172711,0.175838,False,0.383877,0.172447,0.175575,-0.00312795,False,0.172575,0.175703,-0.00312774,False,0.172661,0.175789,-0.00312758,False,0.632611,0.475342,0.540965,0.624457,0.124163,0.08,0.282379,0.311099,0.00194838,0.00191355,1.2,7.76471e-10,,,,,,,,,,,,,
130,final_eval,2,0,False,False,0.172452,0.17558,-0.00312801,0.208342,0.211559,0.208334,0.21155,0.172716,0.175844,False,0.29886775000000004,0.172452,0.17558,-0.00312801,False,0.172581,0.175708,-0.0031278,False,0.172666,0.175794,-0.00312764,False,0.460496,0.315118,0.428067,0.491527,0.139719,0.324761,0.106536,0.124718,0.00194831,0.00191348,1.2,7.76472e-10,,,,,,,,,,,,,
131,final_eval,3,0,False,False,0.172438,0.175566,-0.00312794,0.208326,0.211543,0.208317,0.211533,0.172701,0.175828,False,0.34778837500000004,0.172438,0.175566,-0.00312794,False,0.172566,0.175694,-0.00312774,False,0.172651,0.175779,-0.00312759,False,0.465983,0.392788,0.363332,0.423047,0.177356,0.430341,0.224457,0.305003,0.0019485,0.00191367,7.76471e-10,1.2,,,,,,,,,,,,,
132,final_eval,4,0,False,False,0.172439,0.175567,-0.00312791,0.208327,0.211544,0.208318,0.211534,0.172702,0.175829,False,0.383445,0.172439,0.175567,-0.00312791,False,0.172567,0.175695,-0.00312771,False,0.172652,0.17578,-0.00312756,False,0.584164,0.47028,0.462056,0.628547,0.255224,0.176976,0.145681,0.344632,0.00194848,0.00191365,7.76472e-10,1.2,,,,,,,,,,,,,
133,final_eval,5,0,False,False,0.172439,0.175567,-0.00312799,0.208326,0.211542,0.208317,0.211533,0.172701,0.175829,False,0.37133174999999996,0.172439,0.175567,-0.00312799,False,0.172567,0.175694,-0.00312776,False,0.172652,0.175779,-0.00312759,False,0.543454,0.493438,0.523504,0.44525,0.181826,0.385814,0.148522,0.248846,0.0019485,0.00191367,1.2,7.76471e-10,,,,,,,,,,,,,
134,final_eval,6,0,False,False,0.172434,0.175562,-0.00312782,0.208322,0.211539,0.208313,0.211529,0.172697,0.175824,False,0.543639875,0.172434,0.175562,-0.00312782,False,0.172562,0.17569,-0.00312761,False,0.172647,0.175775,-0.00312746,False,0.676339,0.66374,0.770114,0.650108,0.375466,0.351668,0.149631,0.712053,0.00194854,0.00191371,7.76471e-10,1.2,,,,,,,,,,,,,
135,final_eval,7,0,False,False,0.172435,0.175563,-0.0031278,0.208325,0.211541,0.208316,0.211532,0.172699,0.175827,False,0.42723375,0.172435,0.175563,-0.0031278,False,0.172564,0.175692,-0.00312759,False,0.172649,0.175777,-0.00312743,False,0.580763,0.423695,0.455836,0.753179,0.370996,0.391278,0.100993,0.34113,0.00194851,0.00191368,7.76472e-10,1.2,,,,,,,,,,,,,
136,final_eval,8,0,False,False,0.172431,0.175559,-0.0031278,0.20832,0.211536,0.20831,0.211526,0.172694,0.175822,False,0.41991187500000005,0.172431,0.175559,-0.0031278,False,0.17256,0.175687,-0.00312759,False,0.172645,0.175772,-0.00312743,False,0.464831,0.474401,0.515151,0.632988,0.357854,0.426654,0.152887,0.334529,0.00194857,0.00191373,7.76472e-10,1.2,,,,,,,,,,,,,
137,final_eval,9,0,False,False,0.172433,0.175561,-0.00312777,0.208322,0.211539,0.208313,0.211529,0.172697,0.175824,False,0.5125391,0.172433,0.175561,-0.00312777,False,0.172562,0.175689,-0.00312756,False,0.172647,0.175774,-0.0031274,False,0.715184,0.569406,0.590993,0.770114,0.328889,0.269307,0.0863048,0.770115,0.00194854,0.0019137,7.76472e-10,1.2,,,,,,,,,,,,,
138,final_eval,10,0,False,False,0.172433,0.175561,-0.00312781,0.208321,0.211538,0.208312,0.211528,0.172696,0.175824,False,0.34533500000000006,0.172433,0.175561,-0.00312781,False,0.172561,0.175689,-0.00312762,False,0.172646,0.175774,-0.00312747,False,0.460057,0.36972,0.432466,0.52793,0.162337,0.257971,0.106189,0.44601,0.00194855,0.00191371,1.2,7.76471e-10,,,,,,,,,,,,,
139,final_eval,11,0,False,False,0.172431,0.175559,-0.00312783,0.208319,0.211535,0.20831,0.211526,0.172694,0.175821,False,0.40108024999999997,0.172431,0.175559,-0.00312783,False,0.172559,0.175687,-0.00312763,False,0.172644,0.175772,-0.00312748,False,0.521068,0.418723,0.488581,0.608506,0.171098,0.317522,0.128222,0.554922,0.00194857,0.00191374,7.76471e-10,1.2,,,,,,,,,,,,,
140,final_eval,12,0,False,False,0.172435,0.175563,-0.00312789,0.208323,0.21154,0.208314,0.21153,0.172698,0.175826,False,0.49262754999999997,0.172435,0.175563,-0.00312789,False,0.172563,0.175691,-0.00312765,False,0.172648,0.175776,-0.00312748,False,0.685667,0.646988,0.616585,0.599858,0.0876884,0.560507,0.109723,0.634004,0.00194853,0.00191369,7.76472e-10,1.2,,,,,,,,,,,,,
141,final_eval,13,0,False,False,0.17243,0.175558,-0.00312812,0.208317,0.211534,0.208308,0.211524,0.172692,0.17582,False,0.41943698749999997,0.17243,0.175558,-0.00312812,False,0.172558,0.175686,-0.00312784,False,0.172643,0.17577,-0.00312765,False,0.599362,0.50374,0.580641,0.650401,0.0920689,0.244312,0.18933,0.495641,0.0019486,0.00191376,7.76472e-10,1.2,,,,,,,,,,,,,
142,final_eval,14,0,False,False,0.172425,0.175553,-0.00312778,0.208312,0.211528,0.208302,0.211518,0.172687,0.175814,False,0.5126675,0.172425,0.175553,-0.00312778,False,0.172553,0.17568,-0.00312755,False,0.172638,0.175765,-0.00312738,False,0.423736,0.592923,0.632225,0.63737,0.432503,0.537697,0.160092,0.684794,0.00194866,0.00191382,7.76472e-10,1.2,,,,,,,,,,,,,
143,final_eval,15,0,False,False,0.172433,0.175561,-0.00312794,0.208321,0.211537,0.208312,0.211528,0.172696,0.175823,False,0.456683375,0.172433,0.175561,-0.00312794,False,0.172561,0.175689,-0.0031277,False,0.172646,0.175774,-0.00312753,False,0.618181,0.572318,0.6045,0.673188,0.185134,0.114966,0.123926,0.761254,0.00194855,0.00191372,7.76472e-10,1.2,,,,,,,,,,,,,
144,final_eval,16,0,False,False,0.172422,0.17555,-0.00312786,0.208309,0.211526,0.2083,0.211516,0.172685,0.175812,False,0.30304525,0.172422,0.17555,-0.00312786,False,0.17255,0.175678,-0.00312767,False,0.172635,0.175763,-0.00312753,False,0.22759,0.408197,0.427667,0.31717,0.305109,0.211941,0.203672,0.323016,0.00194868,0.00191384,7.76472e-10,1.2,,,,,,,,,,,,,
145,final_eval,17,0,False,False,0.172426,0.175553,-0.00312776,0.208314,0.211531,0.208305,0.211521,0.172689,0.175817,False,0.489279625,0.172426,0.175553,-0.00312776,False,0.172554,0.175682,-0.00312755,False,0.172639,0.175767,-0.00312739,False,0.640951,0.717267,0.770113,0.685167,0.108697,0.284195,0.178522,0.529325,0.00194862,0.00191379,7.76472e-10,1.2,,,,,,,,,,,,,
146,final_eval,18,0,False,False,0.172417,0.175544,-0.00312764,0.208304,0.21152,0.208294,0.21151,0.172679,0.175806,False,0.6504125,0.172417,0.175544,-0.00312764,False,0.172545,0.175672,-0.00312741,False,0.17263,0.175757,-0.00312724,False,0.396961,0.770104,0.770104,0.710292,0.629719,0.710614,0.445404,0.770102,0.00194875,0.00191391,7.76472e-10,1.2,,,,,,,,,,,,,
147,final_eval,19,0,False,False,0.172423,0.17555,-0.00312773,0.208312,0.211528,0.208303,0.211519,0.172687,0.175814,False,0.531151625,0.172423,0.17555,-0.00312773,False,0.172551,0.175679,-0.00312752,False,0.172637,0.175764,-0.00312736,False,0.770115,0.613438,0.73708,0.770115,0.288301,0.178341,0.121709,0.770114,0.00194865,0.00191382,1.2,7.76471e-10,,,,,,,,,,,,,
148,final_eval,20,0,False,False,0.172424,0.175551,-0.00312778,0.208311,0.211527,0.208302,0.211518,0.172687,0.175814,False,0.5292485,0.172424,0.175551,-0.00312778,False,0.172552,0.175679,-0.00312755,False,0.172637,0.175764,-0.00312738,False,0.75562,0.482195,0.633557,0.770112,0.106731,0.619649,0.159538,0.706586,0.00194866,0.00191382,1.2,7.76472e-10,,,,,,,,,,,,,
149,final_eval,21,0,False,False,0.172419,0.175547,-0.00312769,0.208308,0.211524,0.208299,0.211515,0.172683,0.17581,False,0.3978995,0.172419,0.175547,-0.00312769,False,0.172548,0.175675,-0.00312749,False,0.172633,0.17576,-0.00312733,False,0.618181,0.473595,0.444862,0.551244,0.122733,0.505327,0.128291,0.338963,0.0019487,0.00191386,1.2,7.76472e-10,,,,,,,,,,,,,
150,final_eval,22,0,False,False,0.17241,0.175538,-0.00312753,0.208298,0.211514,0.208289,0.211505,0.172674,0.175801,False,0.5125206250000001,0.17241,0.175538,-0.00312753,False,0.172539,0.175666,-0.00312732,False,0.172624,0.175751,-0.00312717,False,0.572917,0.476237,0.588594,0.770113,0.330766,0.770113,0.260624,0.330801,0.0019488,0.00191396,7.76471e-10,1.2,,,,,,,,,,,,,
151,final_eval,23,0,False,False,0.172417,0.175545,-0.00312796,0.208304,0.211521,0.208295,0.211511,0.17268,0.175807,False,0.493214,0.172417,0.175545,-0.00312796,False,0.172545,0.175673,-0.00312766,False,0.17263,0.175758,-0.00312745,False,0.770111,0.473998,0.604056,0.755224,0.421596,0.138322,0.137644,0.644761,0.00194874,0.0019139,7.76472e-10,1.2,,,,,,,,,,,,,
152,final_eval,24,0,False,False,0.172411,0.175539,-0.00312758,0.208299,0.211515,0.20829,0.211506,0.172675,0.175802,False,0.35681999999999997,0.172411,0.175539,-0.00312758,False,0.17254,0.175667,-0.00312737,False,0.172625,0.175752,-0.00312722,False,0.516789,0.262486,0.42709,0.516068,0.296973,0.399473,0.14388,0.291801,0.00194879,0.00191395,1.2,7.76471e-10,,,,,,,,,,,,,
153,final_eval,25,0,False,False,0.172407,0.175534,-0.0031275,0.208294,0.21151,0.208285,0.211501,0.17267,0.175797,False,0.560572625,0.172407,0.175534,-0.0031275,False,0.172535,0.175662,-0.00312729,False,0.17262,0.175747,-0.00312713,False,0.50609,0.566316,0.698648,0.753646,0.289464,0.770115,0.251963,0.648339,0.00194885,0.00191401,1.2,7.76472e-10,,,,,,,,,,,,,
154,final_eval,26,0,False,False,0.172411,0.175538,-0.00312772,0.208297,0.211513,0.208288,0.211504,0.172673,0.1758,False,0.560399875,0.172411,0.175538,-0.00312772,False,0.172539,0.175666,-0.00312749,False,0.172623,0.175751,-0.00312733,False,0.436849,0.770111,0.681453,0.713739,0.770112,0.151298,0.22418,0.735457,0.00194882,0.00191398,1.2,7.76472e-10,,,,,,,,,,,,,
155,final_eval,27,0,False,False,0.172416,0.175544,-0.00312791,0.208303,0.21152,0.208294,0.21151,0.172679,0.175806,False,0.542046625,0.172416,0.175544,-0.00312791,False,0.172544,0.175672,-0.00312763,False,0.172629,0.175757,-0.00312744,False,0.770103,0.770104,0.770104,0.770104,0.241903,0.12439,0.119561,0.770104,0.00194874,0.00191391,1.2,7.76472e-10,,,,,,,,,,,,,
156,final_eval,28,0,False,False,0.172413,0.17554,-0.00312761,0.208302,0.211518,0.208293,0.211508,0.172677,0.175804,False,0.36707737499999993,0.172413,0.17554,-0.00312761,False,0.172541,0.175669,-0.0031274,False,0.172627,0.175754,-0.00312724,False,0.52447,0.365733,0.453304,0.600734,0.118889,0.344019,0.136189,0.393281,0.00194877,0.00191393,1.2,7.76472e-10,,,,,,,,,,,,,
157,final_eval,29,0,False,False,0.172415,0.175542,-0.00312769,0.208303,0.211519,0.208294,0.21151,0.172678,0.175805,False,0.36093624999999996,0.172415,0.175542,-0.00312769,False,0.172543,0.175671,-0.00312748,False,0.172628,0.175756,-0.00312733,False,0.531274,0.502889,0.534256,0.557204,0.152056,0.089561,0.157529,0.362721,0.00194875,0.00191391,1.2,7.76472e-10,,,,,,,,,,,,,
158,final_eval,30,0,False,False,0.172409,0.175537,-0.00312776,0.208295,0.211511,0.208286,0.211501,0.172671,0.175798,False,0.4866560000000001,0.172409,0.175537,-0.00312776,False,0.172537,0.175664,-0.00312753,False,0.172622,0.175749,-0.00312737,False,0.743989,0.637715,0.708511,0.703339,0.198008,0.152937,0.1903,0.558449,0.00194884,0.001914,1.2,7.76472e-10,,,,,,,,,,,,,
159,final_eval,31,0,False,False,0.172407,0.175535,-0.00312757,0.208296,0.211512,0.208287,0.211502,0.172671,0.175798,False,0.315127875,0.172407,0.175535,-0.00312757,False,0.172536,0.175663,-0.00312737,False,0.172621,0.175749,-0.00312721,False,0.291619,0.360851,0.342939,0.426903,0.444661,0.192956,0.107367,0.353727,0.00194883,0.00191399,1.2,7.76472e-10,,,,,,,,,,,,,
160,final_eval,32,1,False,False,0.175535,0.172407,0.00312754,0.208295,0.211512,0.208286,0.211502,0.172671,0.175798,True,0.3103241375,0.175535,0.172407,0.00312754,True,0.175663,0.172536,0.00312734,True,0.175748,0.172621,0.00312719,True,0.0938811,0.456305,0.374484,0.163556,0.490971,0.26999,0.367252,0.266154,0.00194883,0.00191399,1.2,7.76472e-10,,,,,,,,,,,,,
161,final_eval,33,1,False,False,0.17554,0.172412,0.00312771,0.208301,0.211517,0.208292,0.211508,0.172676,0.175803,True,0.2686391125,0.17554,0.172412,0.00312771,True,0.175668,0.172541,0.00312751,True,0.175754,0.172626,0.00312736,True,0.361298,0.0966629,0.122031,0.492813,0.349183,0.300039,0.218776,0.20831,0.00194877,0.00191393,1.2,7.76472e-10,,,,,,,,,,,,,
162,final_eval,34,1,False,False,0.175544,0.172415,0.00312846,0.208303,0.21152,0.208294,0.21151,0.172679,0.175806,True,0.247402075,0.175544,0.172415,0.00312846,True,0.175672,0.172543,0.00312815,True,0.175757,0.172629,0.00312787,True,0.0838406,0.400537,0.39741,0.10904,0.266488,0.131902,0.385266,0.204733,0.00194875,0.00191391,1.2,7.76472e-10,,,,,,,,,,,,,
163,final_eval,35,1,False,False,0.175541,0.172413,0.00312758,0.208303,0.211519,0.208295,0.211511,0.172678,0.175805,True,0.28502317499999996,0.175541,0.172413,0.00312758,True,0.17567,0.172542,0.00312736,True,0.175755,0.172628,0.0031272,True,0.497202,0.08,0.0873754,0.571344,0.284368,0.089561,0.410277,0.260058,0.00194874,0.0019139,7.76471e-10,1.2,,,,,,,,,,,,,
164,final_eval,36,1,False,False,0.175532,0.172405,0.00312763,0.208291,0.211507,0.208282,0.211498,0.172667,0.175794,True,0.4669079,0.175532,0.172405,0.00312763,True,0.17566,0.172533,0.00312741,True,0.175745,0.172618,0.00312725,True,0.16197,0.684524,0.770112,0.221052,0.0829502,0.459844,0.75628,0.598531,0.00194888,0.00191404,7.76472e-10,1.2,,,,,,,,,,,,,
165,final_eval,37,1,False,False,0.175543,0.172414,0.00312833,0.208302,0.211519,0.208294,0.211509,0.172678,0.175805,True,0.33589074999999996,0.175543,0.172414,0.00312833,True,0.175671,0.172543,0.00312791,True,0.175756,0.172628,0.00312762,True,0.102989,0.509698,0.564957,0.103372,0.107356,0.134907,0.770113,0.393734,0.00194875,0.00191391,7.76472e-10,1.2,,,,,,,,,,,,,
166,final_eval,38,1,False,False,0.17552,0.172392,0.00312741,0.208279,0.211495,0.20827,0.211485,0.172655,0.175782,True,0.382305125,0.17552,0.172392,0.00312741,True,0.175648,0.17252,0.00312721,True,0.175733,0.172606,0.00312705,True,0.370735,0.363315,0.391723,0.528047,0.377254,0.374888,0.202841,0.449638,0.00194902,0.00191417,7.76472e-10,1.2,,,,,,,,,,,,,
167,final_eval,39,1,False,False,0.175541,0.172414,0.00312768,0.208304,0.21152,0.208295,0.211511,0.172679,0.175806,True,0.20175882499999997,0.175541,0.172414,0.00312768,True,0.17567,0.172543,0.00312748,True,0.175756,0.172629,0.00312733,True,0.0808779,0.279686,0.34867,0.0841486,0.0901021,0.181483,0.39448,0.154623,0.00194873,0.00191389,1.2,7.76471e-10,,,,,,,,,,,,,
168,final_eval,40,1,False,False,0.175536,0.172408,0.00312771,0.208296,0.211512,0.208287,0.211503,0.172671,0.175799,True,0.21241474999999999,0.175536,0.172408,0.00312771,True,0.175664,0.172536,0.00312751,True,0.175749,0.172622,0.00312736,True,0.133549,0.283897,0.37404,0.08,0.19023,0.105815,0.336074,0.195713,0.00194883,0.00191399,7.76471e-10,1.2,,,,,,,,,,,,,
169,final_eval,41,1,False,False,0.175528,0.1724,0.00312801,0.208286,0.211503,0.208277,0.211493,0.172662,0.17579,True,0.24675849999999996,0.175528,0.1724,0.00312801,True,0.175656,0.172528,0.00312773,True,0.17574,0.172613,0.00312752,True,0.105732,0.36215,0.325922,0.165835,0.384943,0.156351,0.267067,0.206068,0.00194894,0.00191409,1.2,7.76471e-10,,,,,,,,,,,,,
170,final_eval,42,1,False,False,0.175536,0.172409,0.00312789,0.208296,0.211512,0.208284,0.211502,0.17267,0.175798,True,0.18587850000000003,0.175536,0.172409,0.00312789,True,0.175664,0.172536,0.00312819,True,0.175749,0.172621,0.00312822,True,0.212831,0.207436,0.26523,0.224674,0.113793,0.145288,0.128915,0.188861,0.00194885,0.001914,1.2,7.76472e-10,,,,,,,,,,,,,
171,final_eval,43,1,False,False,0.175534,0.172406,0.00312841,0.208294,0.211512,0.208284,0.211501,0.172669,0.175797,True,0.27282999999999996,0.175534,0.172406,0.00312841,True,0.175663,0.172534,0.00312834,True,0.175747,0.172619,0.00312809,True,0.11078,0.257738,0.13034,0.399908,0.770115,0.240898,0.097806,0.175055,0.00194886,0.00191401,7.76471e-10,1.2,,,,,,,,,,,,,
172,final_eval,44,1,False,False,0.175523,0.172395,0.00312754,0.208284,0.2115,0.208276,0.211491,0.17266,0.175787,True,0.32688025,0.175523,0.172395,0.00312754,True,0.175652,0.172524,0.00312731,True,0.175737,0.17261,0.00312715,True,0.463514,0.106965,0.08,0.646135,0.52235,0.243356,0.304203,0.248519,0.00194895,0.00191411,1.2,7.76471e-10,,,,,,,,,,,,,
173,final_eval,45,1,False,False,0.175534,0.172406,0.00312858,0.208292,0.211509,0.208284,0.2115,0.172668,0.175796,True,0.16899925000000002,0.175534,0.172406,0.00312858,True,0.175662,0.172534,0.00312819,True,0.175747,0.172619,0.00312791,True,0.229949,0.132228,0.173526,0.267329,0.185581,0.149795,0.08,0.133586,0.00194887,0.00191402,1.2,7.76472e-10,,,,,,,,,,,,,
174,final_eval,46,1,False,False,0.175517,0.172389,0.00312737,0.208277,0.211493,0.208268,0.211483,0.172653,0.17578,True,0.31425375,0.175517,0.172389,0.00312737,True,0.175645,0.172518,0.00312716,True,0.17573,0.172603,0.00312701,True,0.099258,0.348219,0.354446,0.303381,0.520741,0.456976,0.180046,0.250963,0.00194904,0.00191419,7.76471e-10,1.2,,,,,,,,,,,,,
175,final_eval,47,1,False,False,0.175528,0.1724,0.00312775,0.208286,0.211503,0.208278,0.211493,0.172663,0.17579,True,0.2682082,0.175528,0.1724,0.00312775,True,0.175656,0.172528,0.00312754,True,0.175741,0.172613,0.00312739,True,0.162354,0.228891,0.0978166,0.426085,0.770112,0.161678,0.13612,0.162609,0.00194893,0.00191408,7.76472e-10,1.2,,,,,,,,,,,,,
176,final_eval,48,1,False,False,0.17552,0.172392,0.00312799,0.20828,0.211496,0.208271,0.211486,0.172656,0.175783,True,0.253805,0.17552,0.172392,0.00312799,True,0.175648,0.17252,0.00312766,True,0.175733,0.172606,0.00312743,True,0.08,0.351668,0.279981,0.202821,0.554981,0.115102,0.24642,0.199467,0.00194901,0.00191416,7.76472e-10,1.2,,,,,,,,,,,,,
177,final_eval,49,1,False,False,0.175507,0.172379,0.00312726,0.208267,0.211482,0.208258,0.211473,0.172643,0.17577,True,0.49324425,0.175507,0.172379,0.00312726,True,0.175635,0.172508,0.00312706,True,0.17572,0.172593,0.0031269,True,0.437398,0.585711,0.328765,0.48025,0.766049,0.770115,0.148938,0.428728,0.00194915,0.0019143,1.2,7.76471e-10,,,,,,,,,,,,,
178,final_eval,50,1,False,False,0.175528,0.172401,0.00312748,0.208292,0.211507,0.208283,0.211499,0.172667,0.175794,True,0.25741375,0.175528,0.172401,0.00312748,True,0.175657,0.17253,0.00312726,True,0.175743,0.172616,0.00312709,True,0.121863,0.439552,0.500355,0.112137,0.08,0.123707,0.406674,0.275022,0.00194887,0.00191403,7.76471e-10,1.2,,,,,,,,,,,,,
179,final_eval,51,1,False,False,0.175533,0.172406,0.00312763,0.208296,0.211512,0.208288,0.211504,0.172671,0.175798,True,0.208235925,0.175533,0.172406,0.00312763,True,0.175662,0.172535,0.00312742,True,0.175748,0.172621,0.00312726,True,0.0934422,0.186428,0.10577,0.280885,0.673256,0.147746,0.0947575,0.0836027,0.00194882,0.00191398,1.2,7.76471e-10,,,,,,,,,,,,,
180,final_eval,52,1,False,False,0.175519,0.172391,0.00312753,0.208279,0.211495,0.20827,0.211485,0.172655,0.175782,True,0.19452275,0.175519,0.172391,0.00312753,True,0.175647,0.17252,0.00312734,True,0.175732,0.172605,0.0031272,True,0.08,0.25617,0.274205,0.152513,0.299029,0.186263,0.182402,0.1256,0.00194902,0.00191417,1.2,7.76472e-10,,,,,,,,,,,,,
181,final_eval,53,1,False,False,0.175502,0.172374,0.00312731,0.20826,0.211476,0.208251,0.211466,0.172637,0.175764,True,0.36896112499999995,0.175502,0.172374,0.00312731,True,0.175629,0.172502,0.00312711,True,0.175714,0.172587,0.00312696,True,0.490344,0.306697,0.332631,0.596352,0.292771,0.227785,0.206721,0.498388,0.00194922,0.00191437,7.76471e-10,1.2,,,,,,,,,,,,,
182,final_eval,54,1,False,False,0.175521,0.172394,0.00312762,0.208281,0.211497,0.208273,0.211488,0.172657,0.175785,True,0.2491034375,0.175521,0.172394,0.00312762,True,0.175649,0.172522,0.00312738,True,0.175735,0.172608,0.00312721,True,0.0908635,0.402777,0.436154,0.113948,0.189068,0.119883,0.402171,0.237963,0.00194898,0.00191414,7.76472e-10,1.2,,,,,,,,,,,,,
183,final_eval,55,1,False,False,0.175508,0.172381,0.00312734,0.208268,0.211484,0.208259,0.211474,0.172644,0.175771,True,0.288436375,0.175508,0.172381,0.00312734,True,0.175636,0.172509,0.00312714,True,0.175721,0.172594,0.00312699,True,0.10672,0.473012,0.469743,0.127738,0.256922,0.143785,0.435427,0.294144,0.00194914,0.00191429,1.2,7.76471e-10,,,,,,,,,,,,,
184,final_eval,56,1,False,False,0.175505,0.172378,0.00312734,0.208264,0.21148,0.208255,0.211471,0.172641,0.175768,True,0.3319903,0.175505,0.172378,0.00312734,True,0.175633,0.172506,0.00312714,True,0.175718,0.172591,0.00312699,True,0.0835114,0.48009,0.460324,0.210826,0.454942,0.2032,0.440416,0.322613,0.00194918,0.00191433,1.2,7.76472e-10,,,,,,,,,,,,,
185,final_eval,57,1,False,False,0.175498,0.172371,0.00312716,0.208259,0.211474,0.208249,0.211465,0.172635,0.175762,True,0.36300319999999997,0.175498,0.172371,0.00312716,True,0.175627,0.1725,0.00312695,True,0.175712,0.172585,0.0031268,True,0.0818106,0.48645,0.483783,0.251085,0.484802,0.354263,0.420878,0.340954,0.00194924,0.00191439,7.76471e-10,1.2,,,,,,,,,,,,,
186,final_eval,58,1,False,False,0.175506,0.172379,0.00312731,0.208267,0.211483,0.208258,0.211473,0.172643,0.17577,True,0.30504495000000004,0.175506,0.172379,0.00312731,True,0.175635,0.172508,0.0031271,True,0.17572,0.172593,0.00312694,True,0.0908086,0.483583,0.467344,0.172846,0.377791,0.10718,0.425727,0.31508,0.00194915,0.0019143,7.76472e-10,1.2,,,,,,,,,,,,,
187,final_eval,59,1,False,False,0.175515,0.172387,0.00312749,0.208277,0.211493,0.208267,0.211483,0.172652,0.175779,True,0.235791625,0.175515,0.172387,0.00312749,True,0.175644,0.172516,0.00312727,True,0.175729,0.172602,0.00312711,True,0.082853,0.247884,0.142691,0.288773,0.750944,0.118654,0.138684,0.11585,0.00194904,0.0019142,1.2,7.76471e-10,,,,,,,,,,,,,
188,final_eval,60,1,False,False,0.175522,0.172394,0.00312763,0.208283,0.211499,0.208275,0.211491,0.172659,0.175786,True,0.1511760125,0.175522,0.172394,0.00312763,True,0.17565,0.172523,0.00312742,True,0.175736,0.172609,0.00312727,True,0.209429,0.0830459,0.168639,0.236886,0.0841124,0.264663,0.0826328,0.08,0.00194896,0.00191411,1.2,7.76472e-10,,,,,,,,,,,,,
189,final_eval,61,1,False,False,0.175506,0.172379,0.00312763,0.208265,0.211481,0.208256,0.211472,0.172642,0.175769,True,0.19387995,0.175506,0.172379,0.00312763,True,0.175634,0.172507,0.00312741,True,0.175719,0.172592,0.00312725,True,0.0863096,0.241792,0.27736,0.148773,0.247982,0.215356,0.199654,0.133813,0.00194917,0.00191431,7.76471e-10,1.2,,,,,,,,,,,,,
190,final_eval,62,1,False,False,0.175499,0.172372,0.00312727,0.208258,0.211474,0.208249,0.211465,0.172635,0.175762,True,0.282842625,0.175499,0.172372,0.00312727,True,0.175627,0.1725,0.00312706,True,0.175712,0.172585,0.00312691,True,0.08203,0.405599,0.394167,0.173139,0.384138,0.142556,0.412841,0.268271,0.00194924,0.00191439,7.76472e-10,1.2,,,,,,,,,,,,,
191,final_eval,63,1,False,False,0.175494,0.172366,0.00312771,0.208253,0.211469,0.208244,0.211459,0.17263,0.175757,True,0.3316285,0.175494,0.172366,0.00312771,True,0.175622,0.172495,0.0031274,True,0.175707,0.17258,0.00312718,True,0.306762,0.236775,0.145135,0.56106,0.770112,0.239122,0.139169,0.254893,0.0019493,0.00191445,7.76472e-10,1.2,,,,,,,,,,,,,
