cycle,phase,pattern,label,reset_gradient,applied_update,target_out,other_out,margin,score0,score1,score0_cmp,score1_cmp,out0_cmp,out1_cmp,correct,mean_hidden_act,target_out_2950ps,other_out_2950ps,margin_2950ps,correct_2950ps,act0,act1,act2,act3,act4,act5,act6,act7,lose0,lose1,lead01,lead10,bwd_signal,dp0,dn0,output_delta_net_0,dp1,dn1,output_delta_net_1,max_abs_output_delta_signal,max_output_delta_node
0,initial_eval,0,0,False,False,0.0495932,0.0497038,-0.000110617,0.198848,0.199019,0.182175,0.182225,0.0371601,0.0371944,False,0.41148750000000006,0.0495932,0.0497038,-0.000110617,False,0.676265,0.432314,0.46712,0.528199,0.203879,0.295004,0.156486,0.532633,0.00228728,0.00228651,1.21989,1.21989,,,,,,,,,
1,initial_eval,1,0,False,False,0.0494106,0.0495396,-0.000128979,0.198245,0.198443,0.181688,0.181755,0.0370525,0.0370947,False,0.406035125,0.0494106,0.0495396,-0.000128979,False,0.739104,0.477707,0.411555,0.477523,0.180082,0.450461,0.161643,0.350206,0.00229471,0.00229368,1.21002,1.21002,,,,,,,,,
2,initial_eval,2,0,False,False,0.049294,0.0496822,-0.000388242,0.198088,0.198686,0.181826,0.182324,0.0370077,0.0372095,False,0.40224437500000004,0.049294,0.0496822,-0.000388242,False,0.769845,0.430067,0.412376,0.605262,0.249139,0.326696,0.08,0.34457,0.0022926,0.00228501,1.20024,1.20023,,,,,,,,,
3,initial_eval,3,0,False,False,0.0483566,0.0500545,-0.0016979,0.1961,0.198715,0.179949,0.182063,0.0411244,0.0419981,False,0.5017732500000001,0.0483566,0.0500545,-0.0016979,False,0.432994,0.769845,0.642077,0.551152,0.555077,0.08,0.410254,0.572787,0.00232169,0.00228898,1.19054,1.19052,,,,,,,,,
4,initial_eval,4,0,False,False,0.0488486,0.0491542,-0.000305649,0.196498,0.196968,0.180271,0.180747,0.0367084,0.036888,False,0.6073775,0.0488486,0.0491542,-0.000305649,False,0.608103,0.769845,0.769845,0.645065,0.08,0.769845,0.446472,0.769845,0.00231665,0.00230923,1.18091,1.18089,,,,,,,,,
5,initial_eval,5,0,False,False,0.0480737,0.0496533,-0.00157961,0.195032,0.197463,0.179524,0.181326,0.0409948,0.0417568,False,0.545476,0.0480737,0.0496533,-0.00157961,False,0.769846,0.769842,0.608496,0.769846,0.409298,0.234623,0.168272,0.633585,0.00232838,0.00230028,1.17137,1.17134,,,,,,,,,
6,initial_eval,6,0,False,False,0.0485067,0.0492546,-0.000747821,0.195744,0.196895,0.180007,0.181024,0.0365357,0.0369372,False,0.5985944999999999,0.0485067,0.0492546,-0.000747821,False,0.541098,0.769844,0.769842,0.700954,0.34338,0.769844,0.123952,0.769842,0.00232078,0.00230493,1.16189,1.16186,,,,,,,,,
7,initial_eval,7,0,False,False,0.0477044,0.0493372,-0.00163285,0.193825,0.196337,0.178189,0.180276,0.0407656,0.0416033,False,0.472466125,0.0477044,0.0493372,-0.00163285,False,0.699473,0.769843,0.606274,0.719964,0.405065,0.148888,0.112166,0.318056,0.00234965,0.00231657,1.15251,1.15246,,,,,,,,,
8,initial_eval,8,1,False,False,0.0484343,0.0475441,0.000890149,0.192603,0.193971,0.169032,0.169997,0.0403387,0.0408388,True,0.24862142500000003,0.0484343,0.0475441,0.000890149,True,0.0882504,0.459215,0.331106,0.159288,0.317466,0.101517,0.381526,0.150603,0.00250681,0.00248925,1.14319,1.14315,,,,,,,,,
9,initial_eval,9,1,False,False,0.048041,0.0449987,0.00304225,0.185895,0.190561,0.168323,0.173045,0.0343661,0.0361367,True,0.21884825,0.048041,0.0449987,0.00304225,True,0.459365,0.08,0.08,0.427737,0.173147,0.184416,0.266121,0.08,0.00251986,0.00243539,1.14029,1.14026,,,,,,,,,
10,initial_eval,10,1,False,False,0.0489994,0.0469176,0.0020818,0.191557,0.194757,0.176199,0.179383,0.0355791,0.0367787,True,0.433850625,0.0489994,0.0469176,0.0020818,True,0.570861,0.286918,0.151123,0.745713,0.587416,0.423773,0.323946,0.381055,0.00238209,0.0023306,1.14025,1.14024,,,,,,,,,
11,initial_eval,11,1,False,False,0.0484852,0.0476427,0.000842469,0.192894,0.194189,0.178234,0.179106,0.0407583,0.0411337,True,0.41236612500000003,0.0484852,0.0476427,0.000842469,True,0.248555,0.648563,0.26177,0.516055,0.769845,0.300008,0.152067,0.402066,0.00234893,0.00233499,1.14025,1.14025,,,,,,,,,
12,initial_eval,12,1,False,False,0.0475182,0.0475955,-7.72775e-05,0.191882,0.191763,0.17591,0.17537,0.0359619,0.0358084,False,0.2552052,0.0475182,0.0475955,-7.72775e-05,False,0.378788,0.261629,0.298443,0.334778,0.105769,0.343042,0.0995206,0.219672,0.00238687,0.00239587,1.14027,1.14027,,,,,,,,,
13,initial_eval,13,1,False,False,0.0480947,0.0467941,0.0013006,0.190429,0.192427,0.17437,0.176289,0.0354583,0.0361891,True,0.339744875,0.0480947,0.0467941,0.0013006,True,0.123025,0.60824,0.471227,0.161069,0.263738,0.119865,0.661443,0.309352,0.00241271,0.00238061,1.14026,1.14025,,,,,,,,,
14,initial_eval,14,1,False,False,0.0474406,0.0466178,0.000822824,0.189392,0.190656,0.172597,0.173727,0.0353246,0.0357646,True,0.31750670000000003,0.0474406,0.0466178,0.000822824,True,0.0855517,0.584276,0.494951,0.0948785,0.157014,0.0921764,0.769846,0.26136,0.00244316,0.00242367,1.14026,1.14026,,,,,,,,,
15,initial_eval,15,1,False,False,0.0468584,0.0465348,0.000323633,0.188649,0.189146,0.171414,0.171596,0.0352533,0.0353571,True,0.258585,0.0468584,0.0465348,0.000323633,True,0.08,0.440551,0.403631,0.08,0.101024,0.166068,0.658742,0.138664,0.00246392,0.0024607,1.14026,1.14026,,,,,,,,,
16,train,0,0,True,True,0.0468949,0.047378,-0.000483122,0.190021,0.190763,0.174903,0.175348,0.0355363,0.0357382,False,0.41148750000000006,0.0468949,0.047378,-0.000483122,False,0.676265,0.432314,0.46712,0.528199,0.203879,0.295004,0.156486,0.532633,0.00240371,0.00239623,1.2,0.0598205,1.2,1.04435,0.00160155,1.04275,0.00160155,1.04435,-1.04275,1.04275,1.04435
17,train,8,1,True,True,0.0502832,0.0433015,0.00698175,0.183512,0.194214,0.166506,0.186983,0.0331639,0.037636,True,0.24862142500000003,0.0502832,0.0433015,0.00698175,True,0.0882504,0.459215,0.331106,0.159288,0.317466,0.101517,0.381526,0.150603,0.00255396,0.00221634,1.2,3.41342e-08,1.2,0.00160152,0.000944911,0.000656613,0.000944911,0.00160152,-0.000656613,0.000656613,0.00160152
18,train,1,0,True,True,0.04334,0.0499623,-0.00662229,0.183343,0.193493,0.16718,0.187226,0.0331833,0.0374434,False,0.406035125,0.04334,0.0499623,-0.00662229,False,0.739104,0.477707,0.411555,0.477523,0.180082,0.450461,0.161643,0.350206,0.00254121,0.00221287,1.2,3.41633e-08,1.2,1.04435,0.000401055,1.04395,0.000401055,1.04435,-1.04395,1.04395,1.04435
19,train,9,1,True,True,0.0518178,0.0412037,0.0106141,0.179306,0.195544,0.160281,0.19153,0.0360699,0.0437244,True,0.21884825,0.0518178,0.0412037,0.0106141,True,0.459365,0.08,0.08,0.427737,0.173147,0.184416,0.266121,0.08,0.0026782,0.00215321,1.2,3.36361e-08,1.2,0.00160152,0.000944102,0.000657421,0.000944102,0.00160152,-0.000657421,0.000657421,0.00160152
20,train,2,0,True,True,0.041389,0.0520959,-0.0107069,0.18001,0.196395,0.163571,0.193134,0.0365201,0.0437915,False,0.40224437500000004,0.041389,0.0520959,-0.0107069,False,0.769845,0.430067,0.412376,0.605262,0.249139,0.326696,0.08,0.34457,0.00261106,0.0021318,1.2,3.36331e-08,1.2,1.04435,0.000401055,1.04395,0.000401055,1.04435,-1.04395,1.04395,1.04435
21,train,10,1,True,True,0.0541385,0.0405266,0.0136118,0.179291,0.200104,0.160297,0.19811,0.0310854,0.0404759,True,0.433850625,0.0541385,0.0405266,0.0136118,True,0.570861,0.286918,0.151123,0.745713,0.587416,0.423773,0.323946,0.381055,0.00267787,0.00206801,1.2,3.38297e-08,1.2,0.00160152,0.000944474,0.000657049,0.000944474,0.00160152,-0.000657049,0.000657049,0.00160152
22,train,3,0,True,True,0.0405279,0.0541433,-0.0136154,0.179298,0.200117,0.160191,0.198101,0.0310943,0.0404753,False,0.5017732500000001,0.0405279,0.0541433,-0.0136154,False,0.432994,0.769845,0.642077,0.551152,0.555077,0.08,0.410254,0.572787,0.00268009,0.00206813,1.2,3.38298e-08,1.2,1.04435,0.000401055,1.04395,0.000401055,1.04435,-1.04395,1.04395,1.04435
23,train,11,1,True,True,0.0555807,0.0401327,0.015448,0.179298,0.202909,0.160265,0.201338,0.0308566,0.0415017,True,0.41236612500000003,0.0555807,0.0401327,0.015448,True,0.248555,0.648563,0.26177,0.516055,0.769845,0.300008,0.152067,0.402066,0.00267854,0.00202865,1.2,3.37568e-08,1.2,0.00160152,0.000944102,0.000657421,0.000944102,0.00160152,-0.000657421,0.000657421,0.00160152
24,train,4,0,True,True,0.0401356,0.0555795,-0.0154438,0.179305,0.20291,0.160125,0.20134,0.0308587,0.0415036,False,0.6073775,0.0401356,0.0555795,-0.0154438,False,0.608103,0.769845,0.769845,0.645065,0.08,0.769845,0.446472,0.769845,0.00268148,0.00202863,1.2,3.37566e-08,1.2,1.04435,0.000401055,1.04395,0.000401055,1.04435,-1.04395,1.04395,1.04435
25,train,12,1,True,True,0.0557102,0.0401037,0.0156065,0.179314,0.203166,0.159872,0.20163,0.0308403,0.0416016,True,0.2552052,0.0557102,0.0401037,0.0156065,True,0.378788,0.261629,0.298443,0.334778,0.105769,0.343042,0.0995206,0.219672,0.00268679,0.00202517,1.2,3.37503e-08,1.2,0.00160152,0.000944102,0.000657421,0.000944102,0.00160152,-0.000657421,0.000657421,0.00160152
26,train,5,0,True,True,0.0401011,0.0557112,-0.0156101,0.179308,0.203165,0.160341,0.20163,0.0308399,0.0415924,False,0.545476125,0.0401011,0.0557112,-0.0156101,False,0.769846,0.769843,0.608496,0.769846,0.409298,0.234623,0.168272,0.633585,0.00267696,0.00202516,1.2,3.37509e-08,1.2,1.04435,0.000401055,1.04395,0.000401055,1.04435,-1.04395,1.04395,1.04435
27,train,13,1,True,True,0.0557077,0.0401073,0.0156004,0.179322,0.203165,0.159849,0.201629,0.0308422,0.0416007,True,0.339744875,0.0557077,0.0401073,0.0156004,True,0.123025,0.60824,0.471227,0.161069,0.263738,0.119865,0.661443,0.309352,0.00268728,0.00202517,1.2,3.37504e-08,1.2,0.00160152,0.000944102,0.000657421,0.000944102,0.00160152,-0.000657421,0.000657421,0.00160152
28,train,6,0,True,True,0.0401053,0.0557084,-0.0156031,0.179317,0.203164,0.160259,0.20163,0.0308429,0.0415921,False,0.5985946249999999,0.0401053,0.0557084,-0.0156031,False,0.541098,0.769844,0.769842,0.700954,0.34338,0.769845,0.123952,0.769842,0.00267867,0.00202516,1.2,3.37509e-08,1.2,1.04435,0.000401055,1.04395,0.000401055,1.04435,-1.04395,1.04395,1.04435
29,train,14,1,True,True,0.0557029,0.0401149,0.015588,0.179339,0.203163,0.159412,0.201627,0.0308465,0.0416065,True,0.31750670000000003,0.0557029,0.0401149,0.015588,True,0.0855517,0.584276,0.494951,0.0948785,0.157014,0.0921764,0.769846,0.26136,0.00269651,0.0020252,1.2,3.375e-08,1.2,0.00160152,0.000944102,0.000657421,0.000944102,0.00160152,-0.000657421,0.000657421,0.00160152
30,train,7,0,True,True,0.0401105,0.0557048,-0.0155943,0.179329,0.203162,0.160891,0.201313,0.0354326,0.0463053,False,0.472466,0.0401105,0.0557048,-0.0155943,False,0.699473,0.769842,0.606274,0.719964,0.405065,0.148888,0.112166,0.318056,0.00266549,0.00202895,1.2,3.35373e-08,1.2,1.04435,0.000401055,1.04395,0.000401055,1.04435,-1.04395,1.04395,1.04435
31,train,15,1,True,True,0.0556993,0.0401201,0.0155792,0.17935,0.203161,0.159253,0.201625,0.0308491,0.0416075,True,0.258585,0.0556993,0.0401201,0.0155792,True,0.08,0.440551,0.403631,0.08,0.101024,0.166068,0.658742,0.138664,0.00269991,0.00202522,1.2,3.375e-08,1.2,0.00160152,0.000944102,0.000657421,0.000944102,0.00160152,-0.000657421,0.000657421,0.00160152
32,train,0,0,True,True,0.0401117,0.0557034,-0.0155917,0.179331,0.20316,0.160343,0.201627,0.0308465,0.0415873,False,0.41148750000000006,0.0401117,0.0557034,-0.0155917,False,0.676265,0.432314,0.46712,0.528199,0.203879,0.295004,0.156486,0.532633,0.0026769,0.0020252,1.2,3.37513e-08,1.2,1.04435,0.000401055,1.04395,0.000401055,1.04435,-1.04395,1.04395,1.04435
33,train,8,1,True,True,0.0556987,0.04012,0.0155788,0.17935,0.20316,0.159621,0.201625,0.0308502,0.0415993,True,0.24862142500000003,0.0556987,0.04012,0.0155788,True,0.0882504,0.459215,0.331106,0.159288,0.317466,0.101517,0.381526,0.150603,0.00269209,0.00202522,1.2,3.37505e-08,1.2,0.00160152,0.000944102,0.000657421,0.000944102,0.00160152,-0.000657421,0.000657421,0.00160152
34,train,1,0,True,True,0.0401153,0.0557008,-0.0155855,0.179339,0.203159,0.160321,0.201626,0.0308491,0.0415859,False,0.406035125,0.0401153,0.0557008,-0.0155855,False,0.739104,0.477707,0.411555,0.477523,0.180082,0.450461,0.161643,0.350206,0.00267738,0.00202521,1.2,3.37513e-08,1.2,1.04435,0.000401055,1.04395,0.000401055,1.04435,-1.04395,1.04395,1.04435
35,train,9,1,True,True,0.0556947,0.040126,0.0155687,0.179363,0.203158,0.159394,0.201623,0.0308534,0.0416014,True,0.21884825,0.0556947,0.040126,0.0155687,True,0.459365,0.08,0.08,0.427737,0.173147,0.184416,0.266121,0.08,0.0026969,0.00202525,1.2,3.37504e-08,1.2,0.00160152,0.000944102,0.000657421,0.000944102,0.00160152,-0.000657421,0.000657421,0.00160152
36,train,2,0,True,True,0.0401195,0.0556978,-0.0155784,0.179348,0.203157,0.16026,0.201626,0.030853,0.0415847,False,0.40224437500000004,0.0401195,0.0556978,-0.0155784,False,0.769845,0.430067,0.412376,0.605262,0.249139,0.326696,0.08,0.34457,0.00267864,0.00202522,1.2,3.37514e-08,1.2,1.04435,0.000401055,1.04395,0.000401055,1.04435,-1.04395,1.04395,1.04435
37,train,10,1,True,True,0.0556976,0.0401195,0.015578,0.179348,0.203157,0.160428,0.201626,0.0308531,0.0415811,True,0.433850625,0.0556976,0.0401195,0.015578,True,0.570861,0.286918,0.151123,0.745713,0.587416,0.423773,0.323946,0.381055,0.00267514,0.00202522,1.2,3.37517e-08,1.2,0.00160152,0.000944102,0.000657421,0.000944102,0.00160152,-0.000657421,0.000657421,0.00160152
38,train,3,0,True,True,0.0401227,0.0556954,-0.0155726,0.179355,0.203156,0.160287,0.201625,0.0308553,0.0415823,False,0.5017733750000001,0.0401227,0.0556954,-0.0155726,False,0.432994,0.769846,0.642077,0.551152,0.555077,0.08,0.410254,0.572787,0.00267809,0.00202523,1.2,3.37516e-08,1.2,1.04435,0.000401055,1.04395,0.000401055,1.04435,-1.04395,1.04395,1.04435
39,train,11,1,True,True,0.0556949,0.0401229,0.015572,0.179355,0.203155,0.16045,0.201624,0.0308555,0.0415788,True,0.41236612500000003,0.0556949,0.0401229,0.015572,True,0.248555,0.648563,0.26177,0.516055,0.769845,0.300008,0.152067,0.402066,0.00267466,0.00202524,1.2,3.37518e-08,1.2,0.00160152,0.000944102,0.000657421,0.000944102,0.00160152,-0.000657421,0.000657421,0.00160152
40,train,4,0,True,True,0.040126,0.0556928,-0.0155668,0.179362,0.203154,0.161169,0.201309,0.0354514,0.04629,False,0.6073780000000001,0.040126,0.0556928,-0.0155668,False,0.608103,0.769846,0.769846,0.645065,0.08,0.769846,0.446472,0.769846,0.00265974,0.002029,1.2,3.35378e-08,1.2,1.04435,0.000401055,1.04395,0.000401055,1.04435,-1.04395,1.04395,1.04435
41,train,12,1,True,True,0.0556906,0.0401299,0.0155606,0.17937,0.203153,0.160057,0.201622,0.030859,0.041584,True,0.2552052,0.0556906,0.0401299,0.0155606,True,0.378788,0.261629,0.298443,0.334778,0.105769,0.343042,0.0995206,0.219672,0.0026829,0.00202527,1.2,3.37515e-08,1.2,0.00160152,0.000944102,0.000657421,0.000944102,0.00160152,-0.000657421,0.000657421,0.00160152
42,train,5,0,True,True,0.0401275,0.0556912,-0.0155637,0.179364,0.203152,0.160526,0.201621,0.0308587,0.0415745,False,0.545476125,0.0401275,0.0556912,-0.0155637,False,0.769846,0.769843,0.608496,0.769846,0.409298,0.234623,0.168272,0.633585,0.00267309,0.00202527,1.2,3.37521e-08,1.2,1.04435,0.000401055,1.04395,0.000401055,1.04435,-1.04395,1.04395,1.04435
43,train,13,1,True,True,0.055688,0.0401336,0.0155544,0.179378,0.203152,0.160034,0.201621,0.030861,0.0415829,True,0.339744875,0.055688,0.0401336,0.0155544,True,0.123025,0.60824,0.471227,0.161069,0.263738,0.119865,0.661443,0.309352,0.00268339,0.00202528,1.2,3.37515e-08,1.2,0.00160152,0.000944102,0.000657421,0.000944102,0.00160152,-0.000657421,0.000657421,0.00160152
44,train,6,0,True,True,0.0401317,0.0556884,-0.0155567,0.179374,0.203151,0.160444,0.201621,0.0308617,0.0415742,False,0.5985944999999999,0.0401317,0.0556884,-0.0155567,False,0.541098,0.769844,0.769842,0.700954,0.34338,0.769844,0.123952,0.769842,0.0026748,0.00202527,1.2,3.37521e-08,1.2,1.04435,0.000401055,1.04395,0.000401055,1.04435,-1.04395,1.04395,1.04435
45,train,14,1,True,True,0.0556833,0.0401411,0.0155421,0.179395,0.20315,0.159597,0.201619,0.0308652,0.0415887,True,0.31750670000000003,0.0556833,0.0401411,0.0155421,True,0.0855517,0.584276,0.494951,0.0948785,0.157014,0.0921764,0.769846,0.26136,0.00269261,0.0020253,1.2,3.37512e-08,1.2,0.00160152,0.000944102,0.000657421,0.000944102,0.00160152,-0.000657421,0.000657421,0.00160152
46,train,7,0,True,True,0.0401368,0.0556851,-0.0155483,0.179385,0.203149,0.160261,0.20162,0.0308643,0.041576,False,0.472466125,0.0401368,0.0556851,-0.0155483,False,0.699473,0.769843,0.606274,0.719964,0.405065,0.148888,0.112166,0.318056,0.00267862,0.00202529,1.2,3.3752e-08,1.2,1.04435,0.000401055,1.04395,0.000401055,1.04435,-1.04395,1.04395,1.04435
47,train,15,1,True,True,0.0556793,0.0401464,0.0155329,0.179407,0.203148,0.159437,0.201616,0.0308691,0.0415914,True,0.258585,0.0556793,0.0401464,0.0155329,True,0.08,0.440551,0.403631,0.08,0.101024,0.166068,0.658742,0.138664,0.00269599,0.00202533,1.2,3.3751e-08,1.2,0.00160152,0.000944102,0.000657421,0.000944102,0.00160152,-0.000657421,0.000657421,0.00160152
48,train,0,0,True,True,0.040138,0.0556834,-0.0155453,0.179387,0.203147,0.160528,0.201618,0.0308653,0.0415694,False,0.41148750000000006,0.040138,0.0556834,-0.0155453,False,0.676265,0.432314,0.46712,0.528199,0.203879,0.295004,0.156486,0.532633,0.00267304,0.00202531,1.2,3.37524e-08,1.2,1.04435,0.000401055,1.04395,0.000401055,1.04435,-1.04395,1.04395,1.04435
49,train,8,1,True,True,0.0556789,0.0401463,0.0155327,0.179406,0.203147,0.159806,0.201617,0.0308689,0.0415815,True,0.24862142500000003,0.0556789,0.0401463,0.0155327,True,0.0882504,0.459215,0.331106,0.159288,0.317466,0.101517,0.381526,0.150603,0.00268819,0.00202533,1.2,3.37516e-08,1.2,0.00160152,0.000944102,0.000657421,0.000944102,0.00160152,-0.000657421,0.000657421,0.00160152
50,train,1,0,True,True,0.0401417,0.0556808,-0.0155391,0.179395,0.203146,0.160505,0.201617,0.0308679,0.041568,False,0.406035125,0.0401417,0.0556808,-0.0155391,False,0.739104,0.477707,0.411555,0.477523,0.180082,0.450461,0.161643,0.350206,0.00267352,0.00202532,1.2,3.37525e-08,1.2,1.04435,0.000401055,1.04395,0.000401055,1.04435,-1.04395,1.04395,1.04435
51,train,9,1,True,True,0.0556747,0.0401523,0.0155224,0.179419,0.203145,0.160533,0.201298,0.0354515,0.046297,True,0.21884825,0.0556747,0.0401523,0.0155224,True,0.459365,0.08,0.08,0.427737,0.173147,0.184416,0.266121,0.08,0.00267295,0.00202913,1.2,3.35376e-08,1.2,0.00160152,0.000944102,0.000657421,0.000944102,0.00160152,-0.000657421,0.000657421,0.00160152
52,train,2,0,True,True,0.0401458,0.055678,-0.0155322,0.179404,0.203144,0.160445,0.201617,0.0308717,0.0415669,False,0.40224437500000004,0.0401458,0.055678,-0.0155322,False,0.769845,0.430067,0.412376,0.605262,0.249139,0.326696,0.08,0.34457,0.00267477,0.00202532,1.2,3.37526e-08,1.2,1.04435,0.000401055,1.04395,0.000401055,1.04435,-1.04395,1.04395,1.04435
53,train,10,1,True,True,0.0556774,0.0401459,0.0155315,0.179404,0.203143,0.161418,0.201303,0.0354684,0.0462751,True,0.433850625,0.0556774,0.0401459,0.0155315,True,0.570861,0.286918,0.151123,0.745713,0.587416,0.423773,0.323946,0.381055,0.00265461,0.00202908,1.2,3.35383e-08,1.2,0.00160152,0.000944102,0.000657421,0.000944102,0.00160152,-0.000657421,0.000657421,0.00160152
54,train,3,0,True,True,0.040149,0.0556755,-0.0155265,0.179411,0.203143,0.160471,0.201616,0.0308741,0.0415646,False,0.5017732500000001,0.040149,0.0556755,-0.0155265,False,0.432994,0.769845,0.642077,0.551152,0.555077,0.08,0.410254,0.572787,0.00267423,0.00202534,1.2,3.37527e-08,1.2,1.04435,0.000401055,1.04395,0.000401055,1.04435,-1.04395,1.04395,1.04435
55,train,11,1,True,True,0.0556751,0.0401492,0.0155259,0.179411,0.203142,0.160635,0.201615,0.0308742,0.041561,True,0.41236625000000005,0.0556751,0.0401492,0.0155259,True,0.248555,0.648563,0.26177,0.516055,0.769846,0.300008,0.152067,0.402066,0.00267081,0.00202535,1.2,3.37529e-08,1.2,0.00160152,0.000944102,0.000657421,0.000944102,0.00160152,-0.000657421,0.000657421,0.00160152
56,train,4,0,True,True,0.0401524,0.0556729,-0.0155205,0.179418,0.203141,0.160495,0.201614,0.0308765,0.0415622,False,0.6073780000000001,0.0401524,0.0556729,-0.0155205,False,0.608103,0.769846,0.769846,0.645065,0.08,0.769846,0.446472,0.769846,0.00267374,0.00202536,1.2,3.37529e-08,1.2,1.04435,0.000401055,1.04395,0.000401055,1.04435,-1.04395,1.04395,1.04435
57,train,12,1,True,True,0.0556707,0.0401562,0.0155145,0.179427,0.20314,0.160241,0.201613,0.0308778,0.0415662,True,0.2552052,0.0556707,0.0401562,0.0155145,True,0.378788,0.261629,0.298443,0.334778,0.105769,0.343042,0.0995206,0.219672,0.00267903,0.00202537,1.2,3.37526e-08,1.2,0.00160152,0.000944102,0.000657421,0.000944102,0.00160152,-0.000657421,0.000657421,0.00160152
58,train,5,0,True,True,0.0401538,0.0556714,-0.0155176,0.179421,0.203139,0.16071,0.201612,0.0308775,0.0415568,False,0.54547575,0.0401538,0.0556714,-0.0155176,False,0.769845,0.769842,0.608496,0.769845,0.409298,0.234623,0.168272,0.633585,0.00266925,0.00202538,1.2,3.37532e-08,1.2,1.04435,0.000401055,1.04395,0.000401055,1.04435,-1.04395,1.04395,1.04435
59,train,13,1,True,True,0.0556679,0.04016,0.0155079,0.179435,0.203138,0.160218,0.201612,0.0308798,0.041565,True,0.339744875,0.0556679,0.04016,0.0155079,True,0.123025,0.60824,0.471227,0.161069,0.263738,0.119865,0.661443,0.309352,0.00267953,0.00202539,1.2,3.37527e-08,1.2,0.00160152,0.000944102,0.000657421,0.000944102,0.00160152,-0.000657421,0.000657421,0.00160152
60,train,6,0,True,True,0.040158,0.0556685,-0.0155105,0.17943,0.203137,0.160628,0.201612,0.0308805,0.0415565,False,0.5985946249999999,0.040158,0.0556685,-0.0155105,False,0.541098,0.769844,0.769842,0.700954,0.34338,0.769845,0.123952,0.769842,0.00267096,0.00202538,1.2,3.37532e-08,1.2,1.04435,0.000401055,1.04395,0.000401055,1.04435,-1.04395,1.04395,1.04435
61,train,14,1,True,True,0.0556636,0.0401674,0.0154962,0.179452,0.203138,0.159781,0.201611,0.030884,0.0415712,True,0.31750670000000003,0.0556636,0.0401674,0.0154962,True,0.0855517,0.584276,0.494951,0.0948785,0.157014,0.0921764,0.769846,0.26136,0.00268872,0.0020254,1.2,3.37523e-08,1.2,0.00160152,0.000944102,0.000657421,0.000944102,0.00160152,-0.000657421,0.000657421,0.00160152
62,train,7,0,True,True,0.0401631,0.0556651,-0.015502,0.179441,0.203136,0.160446,0.201611,0.0308831,0.0415581,False,0.472466125,0.0401631,0.0556651,-0.015502,False,0.699473,0.769843,0.606274,0.719964,0.405065,0.148888,0.112166,0.318056,0.00267476,0.0020254,1.2,3.37531e-08,1.2,1.04435,0.000401055,1.04395,0.000401055,1.04435,-1.04395,1.04395,1.04435
63,train,15,1,True,True,0.0556594,0.0401727,0.0154867,0.179463,0.203135,0.159621,0.201607,0.0308867,0.0415718,True,0.258585,0.0556594,0.0401727,0.0154867,True,0.08,0.440551,0.403631,0.08,0.101024,0.166068,0.658742,0.138664,0.0026921,0.00202544,1.2,3.37522e-08,1.2,0.00160152,0.000944102,0.000657421,0.000944102,0.00160152,-0.000657421,0.000657421,0.00160152
64,train,0,0,True,True,0.0401644,0.0556634,-0.015499,0.179444,0.203134,0.160713,0.201609,0.0308841,0.0415515,False,0.41148750000000006,0.0401644,0.0556634,-0.015499,False,0.676265,0.432314,0.46712,0.528199,0.203879,0.295004,0.156486,0.532633,0.0026692,0.00202542,1.2,3.37535e-08,1.2,1.04435,0.000401055,1.04395,0.000401055,1.04435,-1.04395,1.04395,1.04435
65,train,8,1,True,True,0.0556588,0.0401726,0.0154862,0.179462,0.203133,0.15999,0.201607,0.0308877,0.0415635,True,0.24862142500000003,0.0556588,0.0401726,0.0154862,True,0.0882504,0.459215,0.331106,0.159288,0.317466,0.101517,0.381526,0.150603,0.00268432,0.00202544,1.2,3.37528e-08,1.2,0.00160152,0.000944102,0.000657421,0.000944102,0.00160152,-0.000657421,0.000657421,0.00160152
66,train,1,0,True,True,0.040168,0.0556611,-0.0154932,0.179452,0.203133,0.16069,0.201609,0.0308866,0.0415504,False,0.406035125,0.040168,0.0556611,-0.0154932,False,0.739104,0.477707,0.411555,0.477523,0.180082,0.450461,0.161643,0.350206,0.00266968,0.00202542,1.2,3.37536e-08,1.2,1.04435,0.000401055,1.04395,0.000401055,1.04435,-1.04395,1.04395,1.04435
67,train,9,1,True,True,0.0556548,0.0401787,0.0154761,0.179476,0.203131,0.159763,0.201605,0.0308921,0.0415674,True,0.21884825,0.0556548,0.0401787,0.0154761,True,0.459365,0.08,0.08,0.427737,0.173147,0.184416,0.266121,0.08,0.0026891,0.00202547,1.2,3.37525e-08,1.2,0.00160152,0.000944102,0.000657421,0.000944102,0.00160152,-0.000657421,0.000657421,0.00160152
68,train,2,0,True,True,0.0401721,0.055658,-0.0154859,0.179461,0.203131,0.160629,0.201608,0.0308905,0.041549,False,0.40224437500000004,0.0401721,0.055658,-0.0154859,False,0.769845,0.430067,0.412376,0.605262,0.249139,0.326696,0.08,0.34457,0.00267093,0.00202543,1.2,3.37537e-08,1.2,1.04435,0.000401055,1.04395,0.000401055,1.04435,-1.04395,1.04395,1.04435
69,train,10,1,True,True,0.0556574,0.0401723,0.0154852,0.17946,0.20313,0.160797,0.201607,0.0308907,0.0415452,True,0.433850625,0.0556574,0.0401723,0.0154852,True,0.570861,0.286918,0.151123,0.745713,0.587416,0.423773,0.323946,0.381055,0.00266745,0.00202544,1.2,3.3754e-08,1.2,0.00160152,0.000944102,0.000657421,0.000944102,0.00160152,-0.000657421,0.000657421,0.00160152
70,train,3,0,True,True,0.0401754,0.0556555,-0.0154801,0.179467,0.203129,0.160656,0.201607,0.0308929,0.0415467,False,0.5017733750000001,0.0401754,0.0556555,-0.0154801,False,0.432994,0.769846,0.642077,0.551152,0.555077,0.08,0.410254,0.572787,0.00267039,0.00202545,1.2,3.37539e-08,1.2,1.04435,0.000401055,1.04395,0.000401055,1.04435,-1.04395,1.04395,1.04435
71,train,11,1,True,True,0.0556549,0.0401756,0.0154793,0.179468,0.203128,0.160819,0.201606,0.030893,0.041543,True,0.41236612500000003,0.0556549,0.0401756,0.0154793,True,0.248555,0.648563,0.26177,0.516055,0.769845,0.300008,0.152067,0.402066,0.00266698,0.00202546,1.2,3.37541e-08,1.2,0.00160152,0.000944102,0.000657421,0.000944102,0.00160152,-0.000657421,0.000657421,0.00160152
72,train,4,0,True,True,0.0401787,0.055653,-0.0154744,0.179475,0.203127,0.160679,0.201605,0.0308952,0.0415445,False,0.6073778750000001,0.0401787,0.055653,-0.0154744,False,0.608103,0.769845,0.769846,0.645065,0.08,0.769846,0.446472,0.769846,0.00266989,0.00202546,1.2,3.3754e-08,1.2,1.04435,0.000401055,1.04395,0.000401055,1.04435,-1.04395,1.04395,1.04435
73,train,12,1,True,True,0.0556508,0.0401826,0.0154682,0.179483,0.203127,0.160426,0.201604,0.0308965,0.0415484,True,0.2552052,0.0556508,0.0401826,0.0154682,True,0.378788,0.261629,0.298443,0.334778,0.105769,0.343042,0.0995206,0.219672,0.00267518,0.00202548,1.2,3.37538e-08,1.2,0.00160152,0.000944102,0.000657421,0.000944102,0.00160152,-0.000657421,0.000657421,0.00160152
74,train,5,0,True,True,0.0401802,0.0556514,-0.0154713,0.179477,0.203126,0.160895,0.201603,0.0308963,0.0415389,False,0.54547575,0.0401802,0.0556514,-0.0154713,False,0.769845,0.769842,0.608496,0.769845,0.409298,0.234623,0.168272,0.633585,0.00266542,0.00202549,1.2,3.37544e-08,1.2,1.04435,0.000401055,1.04395,0.000401055,1.04435,-1.04395,1.04395,1.04435
75,train,13,1,True,True,0.0556479,0.0401863,0.0154616,0.179491,0.203125,0.160402,0.201602,0.0308986,0.0415472,True,0.339744875,0.0556479,0.0401863,0.0154616,True,0.123025,0.60824,0.471227,0.161069,0.263738,0.119865,0.661443,0.309352,0.00267568,0.0020255,1.2,3.37538e-08,1.2,0.00160152,0.000944102,0.000657421,0.000944102,0.00160152,-0.000657421,0.000657421,0.00160152
76,train,6,0,True,True,0.0401843,0.0556485,-0.0154642,0.179486,0.203124,0.160812,0.201603,0.0308993,0.0415386,False,0.5985946249999999,0.0401843,0.0556485,-0.0154642,False,0.541098,0.769844,0.769842,0.700954,0.34338,0.769845,0.123952,0.769842,0.00266713,0.00202549,1.2,3.37544e-08,1.2,1.04435,0.000401055,1.04395,0.000401055,1.04435,-1.04395,1.04395,1.04435
77,train,14,1,True,True,0.0556432,0.0401938,0.0154494,0.179508,0.203123,0.159965,0.201601,0.0309028,0.041553,True,0.317506575,0.0556432,0.0401938,0.0154494,True,0.0855517,0.584276,0.494951,0.0948785,0.157014,0.0921764,0.769845,0.26136,0.00268484,0.00202552,1.2,3.37535e-08,1.2,0.00160152,0.000944102,0.000657421,0.000944102,0.00160152,-0.000657421,0.000657421,0.00160152
78,train,7,0,True,True,0.0401895,0.0556451,-0.0154557,0.179498,0.203123,0.16063,0.201601,0.0309019,0.0415402,False,0.472466125,0.0401895,0.0556451,-0.0154557,False,0.699473,0.769843,0.606274,0.719964,0.405065,0.148888,0.112166,0.318056,0.00267092,0.00202551,1.2,3.37543e-08,1.2,1.04435,0.000401055,1.04395,0.000401055,1.04435,-1.04395,1.04395,1.04435
79,train,15,1,True,True,0.0556395,0.0401991,0.0154404,0.17952,0.203121,0.159804,0.201598,0.0309055,0.041554,True,0.258585,0.0556395,0.0401991,0.0154404,True,0.08,0.440551,0.403631,0.08,0.101024,0.166068,0.658742,0.138664,0.00268822,0.00202555,1.2,3.37534e-08,1.2,0.00160152,0.000944102,0.000657421,0.000944102,0.00160152,-0.000657421,0.000657421,0.00160152
80,train,0,0,True,True,0.0401907,0.0556436,-0.0154529,0.1795,0.20312,0.160897,0.2016,0.030904,0.0415355,False,0.41148750000000006,0.0401907,0.0556436,-0.0154529,False,0.676265,0.432314,0.46712,0.528199,0.203879,0.295004,0.156486,0.532633,0.00266538,0.00202553,1.2,3.37546e-08,1.2,1.04435,0.000401055,1.04395,0.000401055,1.04435,-1.04395,1.04395,1.04435
81,train,8,1,True,True,0.0556389,0.040199,0.0154399,0.179519,0.20312,0.160173,0.201598,0.0309065,0.0415457,True,0.24862142500000003,0.0556389,0.040199,0.0154399,True,0.0882504,0.459215,0.331106,0.159288,0.317466,0.101517,0.381526,0.150603,0.00268046,0.00202555,1.2,3.37539e-08,1.2,0.00160152,0.000944102,0.000657421,0.000944102,0.00160152,-0.000657421,0.000657421,0.00160152
82,train,1,0,True,True,0.0401943,0.0556412,-0.0154469,0.179508,0.203119,0.160874,0.201599,0.0309054,0.0415326,False,0.406035125,0.0401943,0.0556412,-0.0154469,False,0.739104,0.477707,0.411555,0.477523,0.180082,0.450461,0.161643,0.350206,0.00266586,0.00202553,1.2,3.37548e-08,1.2,1.04435,0.000401055,1.04395,0.000401055,1.04435,-1.04395,1.04395,1.04435
83,train,9,1,True,True,0.0556349,0.040205,0.0154299,0.179532,0.203118,0.159946,0.201596,0.0309097,0.0415478,True,0.21884825,0.0556349,0.040205,0.0154299,True,0.459365,0.08,0.08,0.427737,0.173147,0.184416,0.266121,0.08,0.00268524,0.00202558,1.2,3.37538e-08,1.2,0.00160152,0.000944102,0.000657421,0.000944102,0.00160152,-0.000657421,0.000657421,0.00160152
84,train,2,0,True,True,0.0401985,0.055638,-0.0154396,0.179517,0.203117,0.160814,0.201599,0.0309093,0.0415312,False,0.40224437500000004,0.0401985,0.055638,-0.0154396,False,0.769845,0.430067,0.412376,0.605262,0.249139,0.326696,0.08,0.34457,0.0026671,0.00202554,1.2,3.37549e-08,1.2,1.04435,0.000401055,1.04395,0.000401055,1.04435,-1.04395,1.04395,1.04435
85,train,10,1,True,True,0.0556375,0.0401986,0.0154389,0.179517,0.203116,0.160981,0.201598,0.0309095,0.0415274,True,0.433850625,0.0556375,0.0401986,0.0154389,True,0.570861,0.286918,0.151123,0.745713,0.587416,0.423773,0.323946,0.381055,0.00266363,0.00202555,1.2,3.37551e-08,1.2,0.00160152,0.000944102,0.000657421,0.000944102,0.00160152,-0.000657421,0.000657421,0.00160152
86,train,3,0,True,True,0.0402017,0.0556356,-0.0154338,0.179524,0.203116,0.161669,0.201286,0.0355159,0.0462415,False,0.5017733750000001,0.0402017,0.0556356,-0.0154338,False,0.432994,0.769846,0.642077,0.551152,0.555077,0.08,0.410254,0.572787,0.00264947,0.00202928,1.2,3.35394e-08,1.2,1.04435,0.000401055,1.04395,0.000401055,1.04435,-1.04395,1.04395,1.04435
87,train,11,1,True,True,0.0556351,0.0402019,0.0154332,0.179524,0.203115,0.161003,0.201597,0.0309118,0.0415253,True,0.41236612500000003,0.0556351,0.0402019,0.0154332,True,0.248555,0.648563,0.26177,0.516055,0.769845,0.300008,0.152067,0.402066,0.00266317,0.00202556,1.2,3.37552e-08,1.2,0.00160152,0.000944102,0.000657421,0.000944102,0.00160152,-0.000657421,0.000657421,0.00160152
88,train,4,0,True,True,0.0402051,0.0556329,-0.0154279,0.179531,0.203114,0.160863,0.201596,0.030914,0.0415266,False,0.6073780000000001,0.0402051,0.0556329,-0.0154279,False,0.608103,0.769846,0.769846,0.645065,0.08,0.769846,0.446472,0.769846,0.00266608,0.00202558,1.2,3.37552e-08,1.2,1.04435,0.000401055,1.04395,0.000401055,1.04435,-1.04395,1.04395,1.04435
89,train,12,1,True,True,0.0556308,0.0402089,0.0154219,0.17954,0.203114,0.160609,0.201594,0.0309153,0.0415305,True,0.2552052,0.0556308,0.0402089,0.0154219,True,0.378788,0.261629,0.298443,0.334778,0.105769,0.343042,0.0995206,0.219672,0.00267135,0.00202559,1.2,3.37549e-08,1.2,0.00160152,0.000944102,0.000657421,0.000944102,0.00160152,-0.000657421,0.000657421,0.00160152
90,train,5,0,True,True,0.0402065,0.0556315,-0.0154249,0.179534,0.203112,0.161078,0.201594,0.0309151,0.0415211,False,0.545476125,0.0402065,0.0556315,-0.0154249,False,0.769846,0.769843,0.608496,0.769846,0.409298,0.234623,0.168272,0.633585,0.00266161,0.0020256,1.2,3.37555e-08,1.2,1.04435,0.000401055,1.04395,0.000401055,1.04435,-1.04395,1.04395,1.04435
91,train,13,1,True,True,0.0556283,0.0402126,0.0154157,0.179548,0.203112,0.160585,0.201594,0.0309173,0.0415295,True,0.339744875,0.0556283,0.0402126,0.0154157,True,0.123025,0.60824,0.471227,0.161069,0.263738,0.119865,0.661443,0.309352,0.00267185,0.0020256,1.2,3.3755e-08,1.2,0.00160152,0.000944102,0.000657421,0.000944102,0.00160152,-0.000657421,0.000657421,0.00160152
92,train,6,0,True,True,0.0402107,0.0556286,-0.0154179,0.179543,0.203111,0.160996,0.201594,0.0309181,0.0415208,False,0.5985946249999999,0.0402107,0.0556286,-0.0154179,False,0.541098,0.769844,0.769842,0.700954,0.34338,0.769845,0.123952,0.769842,0.00266331,0.0020256,1.2,3.37555e-08,1.2,1.04435,0.000401055,1.04395,0.000401055,1.04435,-1.04395,1.04395,1.04435
93,train,14,1,True,True,0.0556233,0.0402202,0.0154031,0.179565,0.20311,0.160148,0.201591,0.0309216,0.0415352,True,0.317506575,0.0556233,0.0402202,0.0154031,True,0.0855517,0.584276,0.494951,0.0948785,0.157014,0.0921764,0.769845,0.26136,0.00268099,0.00202563,1.2,3.37546e-08,1.2,0.00160152,0.000944102,0.000657421,0.000944102,0.00160152,-0.000657421,0.000657421,0.00160152
94,train,7,0,True,True,0.0402158,0.0556252,-0.0154094,0.179554,0.203109,0.160813,0.201592,0.0309207,0.0415225,False,0.472466125,0.0402158,0.0556252,-0.0154094,False,0.699473,0.769843,0.606274,0.719964,0.405065,0.148888,0.112166,0.318056,0.00266711,0.00202562,1.2,3.37554e-08,1.2,1.04435,0.000401055,1.04395,0.000401055,1.04435,-1.04395,1.04395,1.04435
95,train,15,1,True,True,0.0556203,0.0402252,0.0153951,0.179576,0.203109,0.159987,0.201591,0.0309242,0.0415367,True,0.258585,0.0556203,0.0402252,0.0153951,True,0.08,0.440551,0.403631,0.08,0.101024,0.166068,0.658742,0.138664,0.00268437,0.00202564,1.2,3.37545e-08,1.2,0.00160152,0.000944102,0.000657421,0.000944102,0.00160152,-0.000657421,0.000657421,0.00160152
96,train,0,0,True,True,0.040217,0.0556238,-0.0154068,0.179556,0.203107,0.16108,0.201591,0.0309216,0.0415161,False,0.41148750000000006,0.040217,0.0556238,-0.0154068,False,0.676265,0.432314,0.46712,0.528199,0.203879,0.295004,0.156486,0.532633,0.00266158,0.00202563,1.2,3.37558e-08,1.2,1.04435,0.000401055,1.04395,0.000401055,1.04435,-1.04395,1.04395,1.04435
97,train,8,1,True,True,0.0556195,0.0402251,0.0153944,0.179575,0.203107,0.155896,0.200831,0.0338554,0.0475579,True,0.24862142500000003,0.0556195,0.0402251,0.0153944,True,0.0882504,0.459215,0.331106,0.159288,0.317466,0.101517,0.381526,0.150603,0.00277332,0.00203474,1.2,3.34999e-08,1.2,0.00160152,0.000944101,0.000657422,0.000944101,0.00160152,-0.000657422,0.000657422,0.00160152
98,train,1,0,True,True,0.0402206,0.0556212,-0.0154006,0.179564,0.203106,0.161057,0.20159,0.0309242,0.0415148,False,0.406035125,0.0402206,0.0556212,-0.0154006,False,0.739104,0.477707,0.411555,0.477523,0.180082,0.450461,0.161643,0.350206,0.00266205,0.00202564,1.2,3.37559e-08,1.2,1.04435,0.000401055,1.04395,0.000401055,1.04435,-1.04395,1.04395,1.04435
99,train,9,1,True,True,0.0556155,0.0402311,0.0153844,0.179588,0.203106,0.160129,0.201588,0.0309284,0.0415304,True,0.21884825,0.0556155,0.0402311,0.0153844,True,0.459365,0.08,0.08,0.427737,0.173147,0.184416,0.266121,0.08,0.00268139,0.00202567,1.2,3.37549e-08,1.2,0.00160152,0.000944102,0.000657421,0.000944102,0.00160152,-0.000657421,0.000657421,0.00160152
100,train,2,0,True,True,0.0402248,0.0556181,-0.0153933,0.179573,0.203104,0.160997,0.201589,0.0309281,0.0415134,False,0.40224437500000004,0.0402248,0.0556181,-0.0153933,False,0.769845,0.430067,0.412376,0.605262,0.249139,0.326696,0.08,0.34457,0.00266329,0.00202565,1.2,3.3756e-08,1.2,1.04435,0.000401055,1.04395,0.000401055,1.04435,-1.04395,1.04395,1.04435
101,train,10,1,True,True,0.0556177,0.0402249,0.0153928,0.179573,0.203103,0.161165,0.201589,0.0309283,0.0415098,True,0.433850625,0.0556177,0.0402249,0.0153928,True,0.570861,0.286918,0.151123,0.745713,0.587416,0.423773,0.323946,0.381055,0.00265983,0.00202566,1.2,3.37562e-08,1.2,0.00160152,0.000944102,0.000657421,0.000944102,0.00160152,-0.000657421,0.000657421,0.00160152
102,train,3,0,True,True,0.0402281,0.0556156,-0.0153876,0.17958,0.203102,0.161842,0.201277,0.0355384,0.0462247,False,0.5017733750000001,0.0402281,0.0556156,-0.0153876,False,0.432994,0.769846,0.642077,0.551152,0.555077,0.08,0.410254,0.572787,0.00264592,0.00202938,1.2,3.35399e-08,1.2,1.04435,0.000401055,1.04395,0.000401055,1.04435,-1.04395,1.04395,1.04435
103,train,11,1,True,True,0.0556152,0.0402282,0.0153869,0.17958,0.203101,0.161187,0.201588,0.0309305,0.0415076,True,0.41236625000000005,0.0556152,0.0402282,0.0153869,True,0.248555,0.648563,0.26177,0.516055,0.769846,0.300008,0.152067,0.402066,0.00265938,0.00202567,1.2,3.37564e-08,1.2,0.00160152,0.000944102,0.000657421,0.000944102,0.00160152,-0.000657421,0.000657421,0.00160152
104,train,4,0,True,True,0.0402314,0.0556131,-0.0153818,0.179587,0.203101,0.161046,0.201587,0.0309328,0.0415089,False,0.6073780000000001,0.0402314,0.0556131,-0.0153818,False,0.608103,0.769846,0.769846,0.645065,0.08,0.769846,0.446472,0.769846,0.00266227,0.00202568,1.2,3.37563e-08,1.2,1.04435,0.000401055,1.04395,0.000401055,1.04435,-1.04395,1.04395,1.04435
105,train,12,1,True,True,0.0556109,0.0402352,0.0153757,0.179596,0.2031,0.160793,0.201585,0.0309341,0.0415127,True,0.2552052,0.0556109,0.0402352,0.0153757,True,0.378788,0.261629,0.298443,0.334778,0.105769,0.343042,0.0995206,0.219672,0.00266754,0.0020257,1.2,3.3756e-08,1.2,0.00160152,0.000944102,0.000657421,0.000944102,0.00160152,-0.000657421,0.000657421,0.00160152
106,train,5,0,True,True,0.0402328,0.0556115,-0.0153787,0.17959,0.203099,0.161262,0.201585,0.0309339,0.0415033,False,0.545476125,0.0402328,0.0556115,-0.0153787,False,0.769846,0.769843,0.608496,0.769846,0.409298,0.234623,0.168272,0.633585,0.00265782,0.00202571,1.2,3.37567e-08,1.2,1.04435,0.000401055,1.04395,0.000401055,1.04435,-1.04395,1.04395,1.04435
107,train,13,1,True,True,0.0556083,0.0402389,0.0153695,0.179604,0.203099,0.160769,0.201585,0.0309361,0.0415118,True,0.339744875,0.0556083,0.0402389,0.0153695,True,0.123025,0.60824,0.471227,0.161069,0.263738,0.119865,0.661443,0.309352,0.00266803,0.00202571,1.2,3.37561e-08,1.2,0.00160152,0.000944102,0.000657421,0.000944102,0.00160152,-0.000657421,0.000657421,0.00160152
108,train,6,0,True,True,0.040237,0.0556087,-0.0153717,0.179599,0.203097,0.16118,0.201585,0.0309368,0.0415031,False,0.5985946249999999,0.040237,0.0556087,-0.0153717,False,0.541098,0.769844,0.769842,0.700954,0.34338,0.769845,0.123952,0.769842,0.00265952,0.00202571,1.2,3.37567e-08,1.2,1.04435,0.000401055,1.04395,0.000401055,1.04435,-1.04395,1.04395,1.04435
109,train,14,1,True,True,0.0556038,0.0402464,0.0153574,0.179621,0.203097,0.160331,0.201583,0.0309403,0.0415177,True,0.317506575,0.0556038,0.0402464,0.0153574,True,0.0855517,0.584276,0.494951,0.0948785,0.157014,0.0921764,0.769845,0.26136,0.00267716,0.00202573,1.2,3.37557e-08,1.2,0.00160152,0.000944102,0.000657421,0.000944102,0.00160152,-0.000657421,0.000657421,0.00160152
110,train,7,0,True,True,0.0402421,0.0556053,-0.0153631,0.179611,0.203096,0.160997,0.201583,0.0309395,0.0415047,False,0.472466125,0.0402421,0.0556053,-0.0153631,False,0.699473,0.769843,0.606274,0.719964,0.405065,0.148888,0.112166,0.318056,0.00266331,0.00202573,1.2,3.37566e-08,1.2,1.04435,0.000401055,1.04395,0.000401055,1.04435,-1.04395,1.04395,1.04435
111,train,15,1,True,True,0.0556003,0.0402515,0.0153487,0.179632,0.203096,0.159419,0.201239,0.0367196,0.0474501,True,0.258585,0.0556003,0.0402515,0.0153487,True,0.08,0.440551,0.403631,0.08,0.101024,0.166068,0.658742,0.138664,0.00269637,0.00202984,1.2,3.35029e-08,1.2,0.00160152,0.000944102,0.000657421,0.000944102,0.00160152,-0.000657421,0.000657421,0.00160152
112,train,0,0,True,True,0.0402433,0.0556038,-0.0153605,0.179613,0.203094,0.161263,0.201582,0.0309404,0.0414984,False,0.41148750000000006,0.0402433,0.0556038,-0.0153605,False,0.676265,0.432314,0.46712,0.528199,0.203879,0.295004,0.156486,0.532633,0.00265779,0.00202574,1.2,3.3757e-08,1.2,1.04435,0.000401055,1.04395,0.000401055,1.04435,-1.04395,1.04395,1.04435
113,train,8,1,True,True,0.0555995,0.0402515,0.015348,0.179631,0.203094,0.160539,0.20158,0.030944,0.0415105,True,0.24862142500000003,0.0555995,0.0402515,0.015348,True,0.0882504,0.459215,0.331106,0.159288,0.317466,0.101517,0.381526,0.150603,0.00267281,0.00202576,1.2,3.37562e-08,1.2,0.00160152,0.000944102,0.000657421,0.000944102,0.00160152,-0.000657421,0.000657421,0.00160152
114,train,1,0,True,True,0.040247,0.0556013,-0.0153543,0.179621,0.203093,0.162015,0.20127,0.0355491,0.0462142,False,0.406035125,0.040247,0.0556013,-0.0153543,False,0.739104,0.477707,0.411555,0.477523,0.180082,0.450461,0.161643,0.350206,0.00264239,0.00202946,1.2,3.35403e-08,1.2,1.04435,0.000401055,1.04395,0.000401055,1.04435,-1.04395,1.04395,1.04435
115,train,9,1,True,True,0.0555956,0.0402575,0.0153382,0.179645,0.203092,0.160312,0.201579,0.0309472,0.0415127,True,0.21884825,0.0555956,0.0402575,0.0153382,True,0.459365,0.08,0.08,0.427737,0.173147,0.184416,0.266121,0.08,0.00267756,0.00202578,1.2,3.37561e-08,1.2,0.00160152,0.000944102,0.000657421,0.000944102,0.00160152,-0.000657421,0.000657421,0.00160152
116,train,2,0,True,True,0.0402511,0.0555982,-0.015347,0.17963,0.20309,0.16118,0.20158,0.0309468,0.0414957,False,0.40224437500000004,0.0402511,0.0555982,-0.015347,False,0.769845,0.430067,0.412376,0.605262,0.249139,0.326696,0.08,0.34457,0.00265951,0.00202576,1.2,3.37572e-08,1.2,1.04435,0.000401055,1.04395,0.000401055,1.04435,-1.04395,1.04395,1.04435
117,train,10,1,True,True,0.0555978,0.0402513,0.0153465,0.17963,0.20309,0.161348,0.20158,0.030947,0.041492,True,0.433850625,0.0555978,0.0402513,0.0153465,True,0.570861,0.286918,0.151123,0.745713,0.587416,0.423773,0.323946,0.381055,0.00265606,0.00202577,1.2,3.37574e-08,1.2,0.00160152,0.000944102,0.000657421,0.000944102,0.00160152,-0.000657421,0.000657421,0.00160152
118,train,3,0,True,True,0.0402544,0.0555957,-0.0153413,0.179637,0.203089,0.161206,0.201579,0.0309492,0.0414934,False,0.5017733750000001,0.0402544,0.0555957,-0.0153413,False,0.432994,0.769846,0.642077,0.551152,0.555077,0.08,0.410254,0.572787,0.00265897,0.00202578,1.2,3.37573e-08,1.2,1.04435,0.000401055,1.04395,0.000401055,1.04435,-1.04395,1.04395,1.04435
119,train,11,1,True,True,0.0555953,0.0402546,0.0153407,0.179637,0.203088,0.16137,0.201578,0.0309493,0.0414899,True,0.41236625000000005,0.0555953,0.0402546,0.0153407,True,0.248555,0.648563,0.26177,0.516055,0.769846,0.300008,0.152067,0.402066,0.0026556,0.00202578,1.2,3.37575e-08,1.2,0.00160152,0.000944102,0.000657421,0.000944102,0.00160152,-0.000657421,0.000657421,0.00160152
120,train,4,0,True,True,0.0402577,0.0555932,-0.0153355,0.179644,0.203087,0.16123,0.201578,0.0309515,0.0414912,False,0.6073780000000001,0.0402577,0.0555932,-0.0153355,False,0.608103,0.769846,0.769846,0.645065,0.08,0.769846,0.446472,0.769846,0.00265849,0.00202579,1.2,3.37574e-08,1.2,1.04435,0.000401055,1.04395,0.000401055,1.04435,-1.04395,1.04395,1.04435
121,train,12,1,True,True,0.055591,0.0402616,0.0153294,0.179652,0.203087,0.16175,0.201265,0.0355603,0.0462115,True,0.2552052,0.055591,0.0402616,0.0153294,True,0.378788,0.261629,0.298443,0.334778,0.105769,0.343042,0.0995206,0.219672,0.00264779,0.00202952,1.2,3.35404e-08,1.2,0.00160152,0.000944102,0.000657421,0.000944102,0.00160152,-0.000657421,0.000657421,0.00160152
122,train,5,0,True,True,0.0402592,0.0555916,-0.0153324,0.179646,0.203085,0.161445,0.201576,0.0309538,0.0414874,False,0.54547575,0.0402592,0.0555916,-0.0153324,False,0.769845,0.769842,0.608496,0.769845,0.409298,0.234623,0.168272,0.633585,0.00265405,0.00202582,1.2,3.37577e-08,1.2,1.04435,0.000401055,1.04395,0.000401055,1.04435,-1.04395,1.04395,1.04435
123,train,13,1,True,True,0.0555884,0.0402652,0.0153232,0.17966,0.203085,0.160951,0.201575,0.0309549,0.0414941,True,0.339744875,0.0555884,0.0402652,0.0153232,True,0.123025,0.60824,0.471227,0.161069,0.263738,0.119865,0.661443,0.309352,0.00266424,0.00202582,1.2,3.37573e-08,1.2,0.00160152,0.000944102,0.000657421,0.000944102,0.00160152,-0.000657421,0.000657421,0.00160152
124,train,6,0,True,True,0.0402633,0.0555887,-0.0153254,0.179656,0.203084,0.161363,0.201575,0.0309556,0.0414854,False,0.5985946249999999,0.0402633,0.0555887,-0.0153254,False,0.541098,0.769844,0.769842,0.700954,0.34338,0.769845,0.123952,0.769842,0.00265575,0.00202582,1.2,3.37578e-08,1.2,1.04435,0.000401055,1.04395,0.000401055,1.04435,-1.04395,1.04395,1.04435
125,train,14,1,True,True,0.0555839,0.0402727,0.0153112,0.179677,0.203084,0.160513,0.201574,0.030959,0.0415,True,0.317506575,0.0555839,0.0402727,0.0153112,True,0.0855517,0.584276,0.494951,0.0948785,0.157014,0.0921764,0.769845,0.26136,0.00267335,0.00202584,1.2,3.37569e-08,1.2,0.00160152,0.000944102,0.000657421,0.000944102,0.00160152,-0.000657421,0.000657421,0.00160152
126,train,7,0,True,True,0.0402685,0.0555854,-0.0153169,0.179667,0.203082,0.161179,0.201574,0.0309582,0.041487,False,0.472466125,0.0402685,0.0555854,-0.0153169,False,0.699473,0.769843,0.606274,0.719964,0.405065,0.148888,0.112166,0.318056,0.00265953,0.00202584,1.2,3.37577e-08,1.2,1.04435,0.000401055,1.04395,0.000401055,1.04435,-1.04395,1.04395,1.04435
127,train,15,1,True,True,0.0555805,0.0402778,0.0153027,0.179688,0.203082,0.160353,0.201572,0.0309617,0.0415012,True,0.258585,0.0555805,0.0402778,0.0153027,True,0.08,0.440551,0.403631,0.08,0.101024,0.166068,0.658742,0.138664,0.00267671,0.00202586,1.2,3.37568e-08,1.2,0.00160152,0.000944102,0.000657421,0.000944102,0.00160152,-0.000657421,0.000657421,0.00160152
128,train,0,0,True,True,0.0402697,0.0555839,-0.0153143,0.179669,0.20308,0.15704,0.200817,0.0339544,0.0475043,False,0.41148750000000006,0.0402697,0.0555839,-0.0153143,False,0.676265,0.432314,0.46712,0.528199,0.203879,0.295004,0.156486,0.532633,0.00274786,0.00203491,1.2,3.35014e-08,1.2,1.04435,0.000401055,1.04395,0.000401055,1.04435,-1.04395,1.04395,1.04435
129,train,8,1,True,True,0.0555797,0.0402778,0.015302,0.179688,0.203081,0.160722,0.201571,0.0309627,0.0414929,True,0.24862142500000003,0.0555797,0.0402778,0.015302,True,0.0882504,0.459215,0.331106,0.159288,0.317466,0.101517,0.381526,0.150603,0.00266901,0.00202587,1.2,3.37573e-08,1.2,0.00160152,0.000944102,0.000657421,0.000944102,0.00160152,-0.000657421,0.000657421,0.00160152
130,train,1,0,True,True,0.0402733,0.0555814,-0.0153081,0.179677,0.203079,0.161423,0.201571,0.0309617,0.0414793,False,0.406035125,0.0402733,0.0555814,-0.0153081,False,0.739104,0.477707,0.411555,0.477523,0.180082,0.450461,0.161643,0.350206,0.00265451,0.00202586,1.2,3.37582e-08,1.2,1.04435,0.000401055,1.04395,0.000401055,1.04435,-1.04395,1.04395,1.04435
131,train,9,1,True,True,0.0555759,0.0402837,0.0152921,0.179701,0.203079,0.160494,0.20157,0.0309659,0.0414951,True,0.21884825,0.0555759,0.0402837,0.0152921,True,0.459365,0.08,0.08,0.427737,0.173147,0.184416,0.266121,0.08,0.00267375,0.00202589,1.2,3.37572e-08,1.2,0.00160152,0.000944102,0.000657421,0.000944102,0.00160152,-0.000657421,0.000657421,0.00160152
132,train,2,0,True,True,0.0402775,0.0555783,-0.0153008,0.179686,0.203077,0.162163,0.201262,0.0355802,0.0461934,False,0.40224437500000004,0.0402775,0.0555783,-0.0153008,False,0.769845,0.430067,0.412376,0.605262,0.249139,0.326696,0.08,0.34457,0.00263937,0.00202957,1.2,3.3541e-08,1.2,1.04435,0.000401055,1.04395,0.000401055,1.04435,-1.04395,1.04395,1.04435
133,train,10,1,True,True,0.0555779,0.0402776,0.0153003,0.179686,0.203076,0.16153,0.20157,0.0309657,0.0414743,True,0.433850625,0.0555779,0.0402776,0.0153003,True,0.570861,0.286918,0.151123,0.745713,0.587416,0.423773,0.323946,0.381055,0.0026523,0.00202588,1.2,3.37585e-08,1.2,0.00160152,0.000944102,0.000657421,0.000944102,0.00160152,-0.000657421,0.000657421,0.00160152
134,train,3,0,True,True,0.0402807,0.0555758,-0.0152951,0.179693,0.203075,0.162187,0.201261,0.0355832,0.0461912,False,0.5017733750000001,0.0402807,0.0555758,-0.0152951,False,0.432994,0.769846,0.642077,0.551152,0.555077,0.08,0.410254,0.572787,0.00263888,0.00202958,1.2,3.3541e-08,1.2,1.04435,0.000401055,1.04395,0.000401055,1.04435,-1.04395,1.04395,1.04435
135,train,11,1,True,True,0.0555754,0.0402809,0.0152945,0.179693,0.203075,0.162305,0.20126,0.0355832,0.0461891,True,0.41236625000000005,0.0555754,0.0402809,0.0152945,True,0.248555,0.648563,0.26177,0.516055,0.769846,0.300008,0.152067,0.402066,0.00263649,0.00202958,1.2,3.35411e-08,1.2,0.00160152,0.000944102,0.000657421,0.000944102,0.00160152,-0.000657421,0.000657421,0.00160152
136,train,4,0,True,True,0.040284,0.0555733,-0.0152893,0.1797,0.203074,0.161412,0.201568,0.0309703,0.0414735,False,0.6073780000000001,0.040284,0.0555733,-0.0152893,False,0.608103,0.769846,0.769846,0.645065,0.08,0.769846,0.446472,0.769846,0.00265472,0.0020259,1.2,3.37586e-08,1.2,1.04435,0.000401055,1.04395,0.000401055,1.04435,-1.04395,1.04395,1.04435
137,train,12,1,True,True,0.0555711,0.0402879,0.0152832,0.179709,0.203073,0.161158,0.201567,0.0309716,0.0414774,True,0.2552052,0.0555711,0.0402879,0.0152832,True,0.378788,0.261629,0.298443,0.334778,0.105769,0.343042,0.0995206,0.219672,0.00265997,0.00202592,1.2,3.37583e-08,1.2,0.00160152,0.000944102,0.000657421,0.000944102,0.00160152,-0.000657421,0.000657421,0.00160152
138,train,5,0,True,True,0.0402855,0.0555717,-0.0152862,0.179703,0.203072,0.161628,0.201566,0.0309714,0.0414679,False,0.545476125,0.0402855,0.0555717,-0.0152862,False,0.769846,0.769843,0.608496,0.769846,0.409298,0.234623,0.168272,0.633585,0.0026503,0.00202593,1.2,3.3759e-08,1.2,1.04435,0.000401055,1.04395,0.000401055,1.04435,-1.04395,1.04395,1.04435
139,train,13,1,True,True,0.0555686,0.0402915,0.015277,0.179717,0.203072,0.161134,0.201566,0.0309736,0.0414764,True,0.339744875,0.0555686,0.0402915,0.015277,True,0.123025,0.60824,0.471227,0.161069,0.263738,0.119865,0.661443,0.309352,0.00266047,0.00202593,1.2,3.37584e-08,1.2,0.00160152,0.000944102,0.000657421,0.000944102,0.00160152,-0.000657421,0.000657421,0.00160152
140,train,6,0,True,True,0.0402897,0.0555689,-0.0152792,0.179712,0.20307,0.161545,0.201566,0.0309743,0.0414677,False,0.5985946249999999,0.0402897,0.0555689,-0.0152792,False,0.541098,0.769844,0.769842,0.700954,0.34338,0.769845,0.123952,0.769842,0.00265199,0.00202593,1.2,3.3759e-08,1.2,1.04435,0.000401055,1.04395,0.000401055,1.04435,-1.04395,1.04395,1.04435
141,train,14,1,True,True,0.055564,0.040299,0.015265,0.179733,0.203071,0.160695,0.201564,0.0309778,0.0414823,True,0.317506575,0.055564,0.040299,0.015265,True,0.0855517,0.584276,0.494951,0.0948785,0.157014,0.0921764,0.769845,0.26136,0.00266955,0.00202595,1.2,3.3758e-08,1.2,0.00160152,0.000944102,0.000657421,0.000944102,0.00160152,-0.000657421,0.000657421,0.00160152
142,train,7,0,True,True,0.0402948,0.0555655,-0.0152707,0.179723,0.203069,0.161362,0.201564,0.030977,0.0414693,False,0.472466125,0.0402948,0.0555655,-0.0152707,False,0.699473,0.769843,0.606274,0.719964,0.405065,0.148888,0.112166,0.318056,0.00265576,0.00202595,1.2,3.37589e-08,1.2,1.04435,0.000401055,1.04395,0.000401055,1.04435,-1.04395,1.04395,1.04435
143,train,15,1,True,True,0.0555606,0.0403041,0.0152565,0.179745,0.203069,0.160535,0.201563,0.0309804,0.0414835,True,0.258585,0.0555606,0.0403041,0.0152565,True,0.08,0.440551,0.403631,0.08,0.101024,0.166068,0.658742,0.138664,0.0026729,0.00202597,1.2,3.37579e-08,1.2,0.00160152,0.000944102,0.000657421,0.000944102,0.00160152,-0.000657421,0.000657421,0.00160152
144,final_eval,0,0,False,False,0.040296,0.055564,-0.015268,0.179725,0.203067,0.161628,0.201563,0.0309779,0.041463,False,0.41148750000000006,0.040296,0.055564,-0.015268,False,0.676265,0.432314,0.46712,0.528199,0.203879,0.295004,0.156486,0.532633,0.00265028,0.00202596,1.19744,1.15032,,,,,,,,,
145,final_eval,1,0,False,False,0.0402981,0.0555625,-0.0152644,0.17973,0.203066,0.161594,0.201562,0.0309794,0.0414626,False,0.406035125,0.0402981,0.0555625,-0.0152644,False,0.739104,0.477707,0.411555,0.477523,0.180082,0.450461,0.161643,0.350206,0.00265099,0.00202597,1.18779,1.14098,,,,,,,,,
146,final_eval,2,0,False,False,0.0403014,0.0555604,-0.015259,0.179737,0.203065,0.162319,0.201254,0.0356006,0.0461783,False,0.40224437500000004,0.0403014,0.0555604,-0.015259,False,0.769845,0.430067,0.412376,0.605262,0.249139,0.326696,0.08,0.34457,0.00263621,0.00202965,1.17823,1.14021,,,,,,,,,
147,final_eval,3,0,False,False,0.0403253,0.0555474,-0.0152221,0.179792,0.203064,0.161678,0.201562,0.030999,0.0414498,False,0.5017732500000001,0.0403253,0.0555474,-0.0152221,False,0.432994,0.769845,0.642077,0.551152,0.555077,0.08,0.410254,0.572787,0.00264926,0.00202598,1.16875,1.14023,,,,,,,,,
148,final_eval,4,0,False,False,0.0403554,0.0555311,-0.0151757,0.179861,0.203064,0.161862,0.201561,0.0310193,0.0414349,False,0.6073778750000001,0.0403554,0.0555311,-0.0151757,False,0.608103,0.769845,0.769846,0.645065,0.08,0.769846,0.446472,0.769846,0.0026455,0.00202598,1.15933,1.14021,,,,,,,,,
149,final_eval,5,0,False,False,0.0403838,0.0555157,-0.0151319,0.179926,0.203063,0.162238,0.20156,0.0310385,0.0414166,False,0.545476,0.0403838,0.0555157,-0.0151319,False,0.769846,0.769842,0.608496,0.769846,0.409298,0.234623,0.168272,0.633585,0.00263785,0.002026,1.15,1.14021,,,,,,,,,
150,final_eval,6,0,False,False,0.0404147,0.055499,-0.0150843,0.179997,0.203062,0.162315,0.20156,0.0310596,0.0414035,False,0.5985944999999999,0.0404147,0.055499,-0.0150843,False,0.541098,0.769844,0.769842,0.700954,0.34338,0.769844,0.123952,0.769842,0.00263628,0.002026,1.14074,1.14021,,,,,,,,,
151,final_eval,7,0,False,False,0.0404466,0.0554818,-0.0150353,0.18007,0.203061,0.16229,0.201559,0.0310802,0.0413924,False,0.472466125,0.0404466,0.0554818,-0.0150353,False,0.699473,0.769843,0.606274,0.719964,0.405065,0.148888,0.112166,0.318056,0.0026368,0.00202602,1.14029,1.14021,,,,,,,,,
152,final_eval,8,1,False,False,0.0554639,0.0404807,0.0149831,0.180149,0.203061,0.161976,0.201558,0.0311014,0.0413868,True,0.24862142500000003,0.0554639,0.0404807,0.0149831,True,0.0882504,0.459215,0.331106,0.159288,0.317466,0.101517,0.381526,0.150603,0.00264318,0.00202603,1.14028,1.14021,,,,,,,,,
153,final_eval,9,1,False,False,0.0554466,0.0405131,0.0149334,0.180223,0.20306,0.161904,0.201557,0.0311224,0.0413765,True,0.21884825,0.0554466,0.0405131,0.0149334,True,0.459365,0.08,0.08,0.427737,0.173147,0.184416,0.266121,0.08,0.00264465,0.00202604,1.14028,1.14021,,,,,,,,,
154,final_eval,10,1,False,False,0.055435,0.0405336,0.0149014,0.180269,0.203058,0.163102,0.201558,0.0311401,0.0413436,True,0.433850625,0.055435,0.0405336,0.0149014,True,0.570861,0.286918,0.151123,0.745713,0.587416,0.423773,0.323946,0.381055,0.00262042,0.00202603,1.14028,1.14021,,,,,,,,,
155,final_eval,11,1,False,False,0.0554191,0.0405632,0.0148559,0.180337,0.203058,0.163279,0.201557,0.0311602,0.0413291,True,0.41236612500000003,0.0554191,0.0405632,0.0148559,True,0.248555,0.648563,0.26177,0.516055,0.769845,0.300008,0.152067,0.402066,0.00261687,0.00202603,1.14028,1.14021,,,,,,,,,
156,final_eval,12,1,False,False,0.0554016,0.0405963,0.0148053,0.180413,0.203057,0.163037,0.201556,0.0311813,0.0413221,True,0.2552052,0.0554016,0.0405963,0.0148053,True,0.378788,0.261629,0.298443,0.334778,0.105769,0.343042,0.0995206,0.219672,0.00262173,0.00202605,1.14028,1.14021,,,,,,,,,
157,final_eval,13,1,False,False,0.0553857,0.0406261,0.0147596,0.180481,0.203057,0.163165,0.201555,0.031201,0.0413088,True,0.339744875,0.0553857,0.0406261,0.0147596,True,0.123025,0.60824,0.471227,0.161069,0.263738,0.119865,0.661443,0.309352,0.00261916,0.00202606,1.14028,1.14021,,,,,,,,,
158,final_eval,14,1,False,False,0.0553676,0.0406596,0.0147079,0.180558,0.203055,0.162877,0.201553,0.0312228,0.0413021,True,0.31750670000000003,0.0553676,0.0406596,0.0147079,True,0.0855517,0.584276,0.494951,0.0948785,0.157014,0.0921764,0.769846,0.26136,0.00262494,0.00202608,1.1403,1.14021,,,,,,,,,
159,final_eval,15,1,False,False,0.0553515,0.0406905,0.014661,0.180629,0.203055,0.162866,0.201553,0.0312428,0.0412916,True,0.258585,0.0553515,0.0406905,0.014661,True,0.08,0.440551,0.403631,0.08,0.101024,0.166068,0.658742,0.138664,0.00262516,0.00202608,1.14029,1.14021,,,,,,,,,
