cycle,phase,pattern,label,reset_gradient,applied_update,target_out,other_out,margin,score0,score1,score0_cmp,score1_cmp,out0_cmp,out1_cmp,correct,mean_hidden_act,target_out_2550ps,other_out_2550ps,margin_2550ps,correct_2550ps,target_out_2950ps,other_out_2950ps,margin_2950ps,correct_2950ps,target_out_3350ps,other_out_3350ps,margin_3350ps,correct_3350ps,act0,act1,act2,act3,act4,act5,act6,act7,lose0,lose1,lead01,lead10,bwd_signal,merr0,merr1
0,initial_eval,0,0,False,False,0.179495,0.179681,-0.000186214,0.215558,0.215747,0.215544,0.215734,0.179738,0.179923,False,0.44786,0.179495,0.179681,-0.000186214,False,0.179613,0.179799,-0.000185424,False,0.179693,0.179878,-0.000184976,False,0.741245,0.57729,0.633202,0.770112,0.107267,0.142146,0.109099,0.502519,0.00187194,0.00187001,1.2,7.76472e-10,,,
1,initial_eval,1,0,False,False,0.179491,0.179677,-0.000186009,0.215558,0.215747,0.215545,0.215734,0.179739,0.179923,False,0.383877,0.179491,0.179677,-0.000186009,False,0.179611,0.179797,-0.000185321,False,0.179691,0.179876,-0.000184933,False,0.632611,0.475342,0.540965,0.624457,0.124163,0.08,0.282379,0.311099,0.00187193,0.00187,7.76471e-10,1.2,,,
2,initial_eval,2,0,False,False,0.179491,0.179673,-0.000181744,0.215555,0.215743,0.215542,0.215731,0.179735,0.179918,False,0.29886775000000004,0.179491,0.179673,-0.000181744,False,0.17961,0.179792,-0.000182192,False,0.17969,0.179872,-0.000182443,False,0.460496,0.315118,0.428067,0.491527,0.139719,0.324761,0.106536,0.124718,0.00187196,0.00187004,7.76472e-10,1.2,,,
3,initial_eval,3,0,False,False,0.179483,0.179666,-0.000183346,0.215545,0.215734,0.215532,0.215722,0.179726,0.17991,False,0.34778837500000004,0.179483,0.179666,-0.000183346,False,0.179601,0.179785,-0.000183561,False,0.179681,0.179864,-0.000183679,False,0.465983,0.392788,0.363332,0.423047,0.177356,0.430341,0.224457,0.305003,0.00187206,0.00187013,1.2,7.76471e-10,,,
4,initial_eval,4,0,False,False,0.179479,0.179667,-0.00018802,0.215545,0.215735,0.215532,0.215722,0.179725,0.179911,False,0.383445,0.179479,0.179667,-0.00018802,False,0.179599,0.179786,-0.000186773,False,0.179679,0.179865,-0.000186069,False,0.584164,0.47028,0.462056,0.628547,0.255224,0.176976,0.145681,0.344632,0.00187206,0.00187013,7.76471e-10,1.2,,,
5,initial_eval,5,0,False,False,0.17948,0.179663,-0.000182768,0.215543,0.215732,0.21553,0.215719,0.179724,0.179907,False,0.37133174999999996,0.17948,0.179663,-0.000182768,False,0.179599,0.179782,-0.000183071,False,0.179678,0.179861,-0.000183241,False,0.543454,0.493438,0.523504,0.44525,0.181826,0.385814,0.148522,0.248846,0.00187208,0.00187016,7.76472e-10,1.2,,,
6,initial_eval,6,0,False,False,0.179482,0.179666,-0.000184451,0.215545,0.215734,0.215533,0.215721,0.179726,0.17991,False,0.543639875,0.179482,0.179666,-0.000184451,False,0.179601,0.179785,-0.00018409,False,0.17968,0.179864,-0.000183885,False,0.676339,0.66374,0.770114,0.650108,0.375466,0.351668,0.149631,0.712053,0.00187205,0.00187014,7.76472e-10,1.2,,,
7,initial_eval,7,0,False,False,0.17948,0.179665,-0.000184943,0.215544,0.215733,0.215532,0.215721,0.179725,0.179909,False,0.42723375,0.17948,0.179665,-0.000184943,False,0.179599,0.179784,-0.000184544,False,0.179679,0.179863,-0.000184318,False,0.580763,0.423695,0.455836,0.753179,0.370996,0.391278,0.100993,0.34113,0.00187206,0.00187014,1.2,7.76471e-10,,,
8,initial_eval,8,0,False,False,0.179475,0.17966,-0.00018487,0.215538,0.215727,0.215526,0.215715,0.179721,0.179905,False,0.41991187500000005,0.179475,0.17966,-0.00018487,False,0.179594,0.179779,-0.000184481,False,0.179674,0.179858,-0.00018426,False,0.464831,0.474401,0.515151,0.632988,0.357854,0.426654,0.152887,0.334529,0.00187212,0.0018702,7.76471e-10,1.2,,,
9,initial_eval,9,0,False,False,0.179476,0.179661,-0.000185038,0.21554,0.215729,0.215527,0.215716,0.179721,0.179906,False,0.5125391,0.179476,0.179661,-0.000185038,False,0.179595,0.179779,-0.000184625,False,0.179675,0.179859,-0.00018439,False,0.715184,0.569406,0.590993,0.770114,0.328889,0.269307,0.0863048,0.770115,0.00187211,0.00187019,1.2,7.76471e-10,,,
10,initial_eval,10,0,False,False,0.179467,0.17965,-0.000182964,0.21553,0.215719,0.215518,0.215706,0.179713,0.179896,False,0.34533500000000006,0.179467,0.17965,-0.000182964,False,0.179586,0.179769,-0.000183135,False,0.179666,0.179849,-0.00018323,False,0.460057,0.36972,0.432466,0.52793,0.162337,0.257971,0.106189,0.44601,0.00187221,0.00187029,1.2,7.76472e-10,,,
11,initial_eval,11,0,False,False,0.179465,0.179648,-0.000182649,0.215527,0.215716,0.215514,0.215703,0.17971,0.179893,False,0.40108024999999997,0.179465,0.179648,-0.000182649,False,0.179584,0.179767,-0.000182915,False,0.179663,0.179846,-0.000183063,False,0.521068,0.418723,0.488581,0.608506,0.171098,0.317522,0.128222,0.554922,0.00187224,0.00187032,7.76471e-10,1.2,,,
12,initial_eval,12,0,False,False,0.179466,0.17965,-0.000183445,0.21553,0.215719,0.215517,0.215706,0.179712,0.179896,False,0.49262754999999997,0.179466,0.17965,-0.000183445,False,0.179585,0.179769,-0.000183619,False,0.179665,0.179849,-0.000183713,False,0.685667,0.646988,0.616585,0.599858,0.0876884,0.560507,0.109723,0.634004,0.00187221,0.00187029,1.2,7.76471e-10,,,
13,initial_eval,13,0,False,False,0.179453,0.179643,-0.000190533,0.215517,0.215712,0.215504,0.215699,0.179699,0.179889,False,0.41943698749999997,0.179453,0.179643,-0.000190533,False,0.179572,0.179762,-0.000190151,False,0.179652,0.179842,-0.00018995,False,0.599362,0.50374,0.580641,0.650401,0.0920689,0.244312,0.18933,0.495641,0.00187234,0.00187036,7.76471e-10,1.2,,,
14,initial_eval,14,0,False,False,0.17946,0.179644,-0.000184864,0.215523,0.215712,0.21551,0.215699,0.179705,0.179889,False,0.5126675,0.17946,0.179644,-0.000184864,False,0.179579,0.179763,-0.000184477,False,0.179658,0.179843,-0.000184257,False,0.423736,0.592923,0.632225,0.63737,0.432503,0.537697,0.160092,0.684794,0.00187228,0.00187036,7.76472e-10,1.2,,,
15,initial_eval,15,0,False,False,0.179452,0.179638,-0.000186344,0.215517,0.215706,0.215504,0.215693,0.179699,0.179884,False,0.456683375,0.179452,0.179638,-0.000186344,False,0.179572,0.179757,-0.000185541,False,0.179652,0.179837,-0.000185087,False,0.618181,0.572318,0.6045,0.673188,0.185134,0.114966,0.123926,0.761254,0.00187234,0.00187042,7.76472e-10,1.2,,,
16,initial_eval,16,0,False,False,0.179442,0.17963,-0.00018778,0.215505,0.215694,0.215492,0.215681,0.179688,0.179873,False,0.30304525,0.179442,0.17963,-0.00018778,False,0.179561,0.179748,-0.000186505,False,0.179641,0.179827,-0.000185785,False,0.22759,0.408197,0.427667,0.31717,0.305109,0.211941,0.203672,0.323016,0.00187247,0.00187054,7.76472e-10,1.2,,,
17,initial_eval,17,0,False,False,0.179453,0.179636,-0.000182838,0.215515,0.215704,0.215502,0.215691,0.179698,0.179881,False,0.489279625,0.179453,0.179636,-0.000182838,False,0.179572,0.179755,-0.000183069,False,0.179651,0.179835,-0.000183197,False,0.640951,0.717267,0.770113,0.685167,0.108697,0.284195,0.178522,0.529325,0.00187236,0.00187044,1.2,7.76471e-10,,,
18,initial_eval,18,0,False,False,0.179452,0.179637,-0.000185354,0.215516,0.215705,0.215503,0.215693,0.179698,0.179883,False,0.6504125,0.179452,0.179637,-0.000185354,False,0.179571,0.179756,-0.000184921,False,0.179651,0.179836,-0.000184675,False,0.396961,0.770104,0.770104,0.710292,0.629719,0.710614,0.445404,0.770102,0.00187235,0.00187043,1.2,7.76472e-10,,,
19,initial_eval,19,0,False,False,0.179445,0.179632,-0.000187394,0.215509,0.215698,0.215497,0.215686,0.179692,0.179877,False,0.531151625,0.179445,0.179632,-0.000187394,False,0.179565,0.179751,-0.000186116,False,0.179645,0.17983,-0.000185396,False,0.770115,0.613438,0.73708,0.770115,0.288301,0.178341,0.121709,0.770114,0.00187242,0.0018705,7.76471e-10,1.2,,,
20,initial_eval,20,0,False,False,0.179444,0.179627,-0.000182146,0.215507,0.215695,0.215494,0.215682,0.17969,0.179873,False,0.5292487499999999,0.179444,0.179627,-0.000182146,False,0.179563,0.179746,-0.000182433,False,0.179643,0.179826,-0.000182594,False,0.75562,0.482195,0.633557,0.770114,0.106731,0.619649,0.159538,0.706586,0.00187244,0.00187053,7.76472e-10,1.2,,,
21,initial_eval,21,0,False,False,0.179439,0.179623,-0.000183328,0.215501,0.215691,0.215489,0.215678,0.179685,0.179868,False,0.3978995,0.179439,0.179623,-0.000183328,False,0.179558,0.179742,-0.000183536,False,0.179638,0.179822,-0.00018365,False,0.618181,0.473595,0.444862,0.551244,0.122733,0.505327,0.128291,0.338963,0.0018725,0.00187058,1.2,7.76471e-10,,,
22,initial_eval,22,0,False,False,0.179441,0.179625,-0.000184458,0.215504,0.215693,0.215492,0.21568,0.179687,0.179871,False,0.5125206250000001,0.179441,0.179625,-0.000184458,False,0.17956,0.179744,-0.000184128,False,0.17964,0.179824,-0.000183943,False,0.572917,0.476237,0.588594,0.770113,0.330766,0.770113,0.260624,0.330801,0.00187247,0.00187055,1.2,7.76472e-10,,,
23,initial_eval,23,0,False,False,0.179432,0.17962,-0.000187588,0.215496,0.215685,0.215483,0.215672,0.179679,0.179864,False,0.493214,0.179432,0.17962,-0.000187588,False,0.179552,0.179738,-0.000186231,False,0.179632,0.179817,-0.000185465,False,0.770111,0.473998,0.604056,0.755224,0.421596,0.138322,0.137644,0.644761,0.00187255,0.00187063,1.2,7.76472e-10,,,
24,initial_eval,24,0,False,False,0.179433,0.179616,-0.000183497,0.215495,0.215684,0.215483,0.215671,0.179678,0.179862,False,0.35681999999999997,0.179433,0.179616,-0.000183497,False,0.179552,0.179735,-0.000183345,False,0.179632,0.179815,-0.00018326,False,0.516789,0.262486,0.42709,0.516068,0.296973,0.399473,0.14388,0.291801,0.00187256,0.00187065,1.2,7.76472e-10,,,
25,initial_eval,25,0,False,False,0.179434,0.179618,-0.00018437,0.215497,0.215685,0.215484,0.215673,0.17968,0.179864,False,0.560572625,0.179434,0.179618,-0.00018437,False,0.179553,0.179737,-0.000184038,False,0.179633,0.179817,-0.00018385,False,0.50609,0.566316,0.698648,0.753646,0.289464,0.770115,0.251963,0.648339,0.00187255,0.00187063,7.76471e-10,1.2,,,
26,initial_eval,26,0,False,False,0.179422,0.179611,-0.000188988,0.215486,0.215676,0.215473,0.215663,0.179668,0.179855,False,0.56040025,0.179422,0.179611,-0.000188988,False,0.179542,0.179729,-0.000187544,False,0.179622,0.179808,-0.000186728,False,0.436849,0.770112,0.681453,0.713739,0.770114,0.151298,0.22418,0.735457,0.00187266,0.00187073,1.2,7.76471e-10,,,
27,initial_eval,27,0,False,False,0.17942,0.179607,-0.000186526,0.215484,0.215673,0.215471,0.215661,0.179667,0.179852,False,0.542052875,0.17942,0.179607,-0.000186526,False,0.17954,0.179726,-0.000185713,False,0.17962,0.179805,-0.000185253,False,0.770113,0.770114,0.770114,0.770114,0.241903,0.12439,0.119561,0.770114,0.00187268,0.00187075,7.76471e-10,1.2,,,
28,initial_eval,28,0,False,False,0.179423,0.179606,-0.000182501,0.215485,0.215674,0.215472,0.215661,0.179669,0.179852,False,0.36707737499999993,0.179423,0.179606,-0.000182501,False,0.179542,0.179725,-0.000182777,False,0.179622,0.179805,-0.000182931,False,0.52447,0.365733,0.453304,0.600734,0.118889,0.344019,0.136189,0.393281,0.00187267,0.00187075,7.76472e-10,1.2,,,
29,initial_eval,29,0,False,False,0.179416,0.179602,-0.000186185,0.215479,0.215668,0.215466,0.215655,0.179662,0.179847,False,0.36093624999999996,0.179416,0.179602,-0.000186185,False,0.179535,0.179721,-0.00018543,False,0.179615,0.1798,-0.000185004,False,0.531274,0.502889,0.534256,0.557204,0.152056,0.089561,0.157529,0.362721,0.00187273,0.00187081,7.76472e-10,1.2,,,
30,initial_eval,30,0,False,False,0.17941,0.179596,-0.000186035,0.215472,0.215661,0.215459,0.215648,0.179655,0.17984,False,0.4866560000000001,0.17941,0.179596,-0.000186035,False,0.179529,0.179714,-0.00018526,False,0.179608,0.179793,-0.000184821,False,0.743989,0.637715,0.708511,0.703339,0.198008,0.152937,0.1903,0.558449,0.00187281,0.00187088,1.2,7.76471e-10,,,
31,initial_eval,31,0,False,False,0.179411,0.179599,-0.00018845,0.215475,0.215664,0.215462,0.215652,0.179658,0.179844,False,0.315127875,0.179411,0.179599,-0.00018845,False,0.17953,0.179718,-0.000187059,False,0.179611,0.179797,-0.000186274,False,0.291619,0.360851,0.342939,0.426903,0.444661,0.192956,0.107367,0.353727,0.00187277,0.00187084,7.76471e-10,1.2,,,
32,initial_eval,32,1,False,False,0.179597,0.179412,0.000185177,0.215473,0.215663,0.215461,0.21565,0.179656,0.17984,True,0.3103241375,0.179597,0.179412,0.000185177,True,0.179715,0.179531,0.000184838,True,0.179795,0.17961,0.000184644,True,0.0938811,0.456305,0.374484,0.163556,0.490971,0.26999,0.367252,0.266154,0.00187279,0.00187086,7.76472e-10,1.2,,,
33,initial_eval,33,1,False,False,0.177016,0.176825,0.000190982,0.212813,0.213003,0.212801,0.212991,0.177069,0.177256,True,0.2686391125,0.177016,0.176825,0.000190982,True,0.177133,0.176944,0.00018867,True,0.177211,0.177024,0.00018736,True,0.361298,0.0966629,0.122031,0.492813,0.349183,0.300039,0.218776,0.20831,0.00190027,0.00189829,1.2,7.76471e-10,,,
34,initial_eval,34,1,False,False,0.179591,0.179404,0.000187466,0.215466,0.215655,0.215452,0.215641,0.179648,0.179833,True,0.247402075,0.179591,0.179404,0.000187466,True,0.179709,0.179523,0.000186296,True,0.179788,0.179602,0.000185625,True,0.0838406,0.400537,0.39741,0.10904,0.266488,0.131902,0.385266,0.204733,0.00187288,0.00187095,7.76471e-10,1.2,,,
35,initial_eval,35,1,False,False,0.177019,0.172569,0.00444974,0.208448,0.213008,0.208438,0.212996,0.172822,0.17726,True,0.28502317499999996,0.177019,0.172569,0.00444974,True,0.177136,0.172693,0.00444372,True,0.177215,0.172775,0.00444004,True,0.497202,0.08,0.0873754,0.571344,0.284368,0.089561,0.410277,0.260058,0.00194716,0.00189824,7.76472e-10,1.2,,,
36,initial_eval,36,1,False,False,0.179582,0.179399,0.000182132,0.21546,0.215648,0.215447,0.215635,0.179643,0.179826,True,0.46690777499999997,0.179582,0.179399,0.000182132,True,0.179701,0.179518,0.000182482,True,0.17978,0.179597,0.000182678,True,0.16197,0.684524,0.770111,0.221052,0.0829502,0.459844,0.75628,0.598531,0.00187293,0.00187101,1.2,7.76471e-10,,,
37,initial_eval,37,1,False,False,0.179584,0.179398,0.000185803,0.21546,0.215649,0.215447,0.215636,0.179643,0.179827,True,0.335890875,0.179584,0.179398,0.000185803,True,0.179702,0.179517,0.000185086,True,0.179782,0.179597,0.000184677,True,0.102989,0.509698,0.564957,0.103372,0.107356,0.134907,0.770114,0.393734,0.00187292,0.001871,7.76471e-10,1.2,,,
38,initial_eval,38,1,False,False,0.17958,0.179395,0.000184916,0.215456,0.215645,0.215443,0.215632,0.179639,0.179823,True,0.382305125,0.17958,0.179395,0.000184916,True,0.179698,0.179514,0.000184518,True,0.179778,0.179593,0.000184292,True,0.370735,0.363315,0.391723,0.528047,0.377254,0.374888,0.202841,0.449638,0.00187296,0.00187104,1.2,7.76471e-10,,,
39,initial_eval,39,1,False,False,0.179573,0.179388,0.000184695,0.215451,0.21564,0.215438,0.215627,0.179634,0.179817,True,0.20175882499999997,0.179573,0.179388,0.000184695,True,0.179692,0.179508,0.00018427,True,0.179772,0.179588,0.000184029,True,0.0808779,0.279686,0.34867,0.0841486,0.0901021,0.181483,0.39448,0.154623,0.00187302,0.0018711,1.2,7.76472e-10,,,
40,initial_eval,40,1,False,False,0.179567,0.179382,0.000184541,0.215443,0.215631,0.21543,0.215619,0.179626,0.17981,True,0.21241474999999999,0.179567,0.179382,0.000184541,True,0.179685,0.179501,0.000184129,True,0.179765,0.179581,0.000183896,True,0.133549,0.283897,0.37404,0.08,0.19023,0.105815,0.336074,0.195713,0.0018731,0.00187118,1.2,7.76472e-10,,,
41,initial_eval,41,1,False,False,0.179568,0.17938,0.000187701,0.21544,0.215629,0.215426,0.215615,0.179623,0.179808,True,0.24675849999999996,0.179568,0.17938,0.000187701,True,0.179685,0.179498,0.000186502,True,0.179763,0.179578,0.000185818,True,0.105732,0.36215,0.325922,0.165835,0.384943,0.156351,0.267067,0.206068,0.00187314,0.00187121,1.2,7.76472e-10,,,
42,initial_eval,42,1,False,False,0.175658,0.179368,-0.00370992,0.215428,0.21163,0.215415,0.21162,0.179612,0.175914,False,0.18587850000000003,0.175658,0.179368,-0.00370992,False,0.175783,0.179487,-0.00370344,False,0.175866,0.179566,-0.00369957,False,0.212831,0.207436,0.26523,0.224674,0.113793,0.145288,0.128915,0.188861,0.00187325,0.00191275,1.2,7.76472e-10,,,
43,initial_eval,43,1,False,False,0.179567,0.174043,0.00552387,0.209948,0.215633,0.209935,0.215618,0.174285,0.17981,True,0.27282999999999996,0.179567,0.174043,0.00552387,True,0.179686,0.174161,0.00552474,True,0.179765,0.174239,0.0055252,True,0.11078,0.257738,0.13034,0.399908,0.770115,0.240898,0.097806,0.175055,0.00193082,0.00187119,1.2,7.76472e-10,,,
44,initial_eval,44,1,False,False,0.176997,0.172554,0.00444329,0.208429,0.212985,0.208419,0.212973,0.172805,0.177238,True,0.32688025,0.176997,0.172554,0.00444329,True,0.177114,0.172676,0.00443814,True,0.177193,0.172758,0.00443498,True,0.463514,0.106965,0.08,0.646135,0.52235,0.243356,0.304203,0.248519,0.00194737,0.00189848,7.76471e-10,1.2,,,
45,initial_eval,45,1,False,False,0.175657,0.172525,0.00313186,0.208409,0.211627,0.208398,0.211616,0.172782,0.175912,True,0.16899925000000002,0.175657,0.172525,0.00313186,True,0.175782,0.172651,0.0031309,True,0.175864,0.172734,0.00313028,True,0.229949,0.132228,0.173526,0.267329,0.185581,0.149795,0.08,0.133586,0.0019476,0.00191278,7.76472e-10,1.2,,,
46,initial_eval,46,1,False,False,0.17956,0.179375,0.000184424,0.215435,0.215624,0.215423,0.215612,0.179619,0.179803,True,0.31425375,0.17956,0.179375,0.000184424,True,0.179678,0.179494,0.000184179,True,0.179758,0.179574,0.000184038,True,0.099258,0.348219,0.354446,0.303381,0.520741,0.456976,0.180046,0.250963,0.00187317,0.00187125,1.2,7.76471e-10,,,
47,initial_eval,47,1,False,False,0.176975,0.172537,0.00443809,0.20841,0.212959,0.2084,0.212947,0.172787,0.177214,True,0.26820845,0.176975,0.172537,0.00443809,True,0.177091,0.172659,0.00443251,True,0.177169,0.17274,0.00442913,True,0.162354,0.228891,0.0978166,0.426085,0.770114,0.161678,0.13612,0.162609,0.00194758,0.00189875,7.76471e-10,1.2,,,
48,initial_eval,48,1,False,False,0.17955,0.179361,0.000188273,0.215422,0.215612,0.215409,0.215599,0.179606,0.179792,True,0.253805,0.17955,0.179361,0.000188273,True,0.179667,0.179481,0.000186936,True,0.179746,0.17956,0.000186177,True,0.08,0.351668,0.279981,0.202821,0.554981,0.115102,0.24642,0.199467,0.00187331,0.00187138,7.76472e-10,1.2,,,
49,initial_eval,49,1,False,False,0.179554,0.179367,0.000186932,0.215428,0.215618,0.215415,0.215606,0.179611,0.179797,True,0.49324425,0.179554,0.179367,0.000186932,True,0.179672,0.179486,0.000186355,True,0.179752,0.179566,0.000186024,True,0.437398,0.585711,0.328765,0.48025,0.766049,0.770115,0.148938,0.428728,0.00187325,0.00187131,1.2,7.76471e-10,,,
50,initial_eval,50,1,False,False,0.179552,0.179366,0.000185321,0.21543,0.215619,0.215417,0.215606,0.179613,0.179797,True,0.25741375,0.179552,0.179366,0.000185321,True,0.179671,0.179486,0.000184745,True,0.179751,0.179567,0.000184419,True,0.121863,0.439552,0.500355,0.112137,0.08,0.123707,0.406674,0.275022,0.00187323,0.00187131,7.76471e-10,1.2,,,
51,initial_eval,51,1,False,False,0.176974,0.172543,0.00443099,0.208419,0.21296,0.208409,0.212948,0.172794,0.177214,True,0.208235925,0.176974,0.172543,0.00443099,True,0.177091,0.172666,0.00442516,True,0.177169,0.172748,0.00442161,True,0.0934422,0.186428,0.10577,0.280885,0.673256,0.147746,0.0947575,0.0836027,0.00194749,0.00189874,7.76472e-10,1.2,,,
52,initial_eval,52,1,False,False,0.179535,0.179349,0.000186257,0.215409,0.215598,0.215396,0.215585,0.179593,0.179778,True,0.19452275,0.179535,0.179349,0.000186257,True,0.179653,0.179468,0.000185384,True,0.179733,0.179548,0.00018489,True,0.08,0.25617,0.274205,0.152513,0.299029,0.186263,0.182402,0.1256,0.00187344,0.00187152,1.2,7.76471e-10,,,
53,initial_eval,53,1,False,False,0.179537,0.179349,0.000188111,0.21541,0.215599,0.215397,0.215586,0.179594,0.179779,True,0.36896112499999995,0.179537,0.179349,0.000188111,True,0.179655,0.179468,0.000186744,True,0.179734,0.179548,0.000185973,True,0.490344,0.306697,0.332631,0.596352,0.292771,0.227785,0.206721,0.498388,0.00187344,0.00187151,7.76471e-10,1.2,,,
54,initial_eval,54,1,False,False,0.179533,0.179347,0.000185429,0.215409,0.215598,0.215396,0.215585,0.179592,0.179777,True,0.2491034375,0.179533,0.179347,0.000185429,True,0.179652,0.179467,0.000184812,True,0.179731,0.179547,0.000184461,True,0.0908635,0.402777,0.436154,0.113948,0.189068,0.119883,0.402171,0.237963,0.00187345,0.00187152,1.2,7.76471e-10,,,
55,initial_eval,55,1,False,False,0.179534,0.179347,0.000187455,0.215408,0.215597,0.215395,0.215585,0.179592,0.179777,True,0.288436375,0.179534,0.179347,0.000187455,True,0.179653,0.179466,0.000186314,True,0.179732,0.179546,0.000185669,True,0.10672,0.473012,0.469743,0.127738,0.256922,0.143785,0.435427,0.294144,0.00187345,0.00187153,1.2,7.76472e-10,,,
56,initial_eval,56,1,False,False,0.179531,0.179343,0.000187924,0.215403,0.215593,0.215391,0.21558,0.179587,0.179773,True,0.3319903,0.179531,0.179343,0.000187924,True,0.179649,0.179462,0.000186652,True,0.179728,0.179542,0.000185933,True,0.0835114,0.48009,0.460324,0.210826,0.454942,0.2032,0.440416,0.322613,0.0018735,0.00187157,1.2,7.76472e-10,,,
57,initial_eval,57,1,False,False,0.179533,0.179349,0.000184764,0.215409,0.215598,0.215396,0.215585,0.179593,0.179777,True,0.36300319999999997,0.179533,0.179349,0.000184764,True,0.179652,0.179468,0.000184466,True,0.179732,0.179547,0.000184296,True,0.0818106,0.48645,0.483783,0.251085,0.484802,0.354263,0.420878,0.340954,0.00187344,0.00187152,7.76471e-10,1.2,,,
58,initial_eval,58,1,False,False,0.179529,0.179341,0.000187884,0.215402,0.215592,0.21539,0.215579,0.179586,0.179772,True,0.30504495000000004,0.179529,0.179341,0.000187884,True,0.179647,0.17946,0.000186617,True,0.179726,0.17954,0.000185901,True,0.0908086,0.483583,0.467344,0.172846,0.377791,0.10718,0.425727,0.31508,0.00187351,0.00187158,7.76472e-10,1.2,,,
59,initial_eval,59,1,False,False,0.176949,0.173999,0.00294967,0.209907,0.212932,0.209894,0.212919,0.174243,0.177187,True,0.235791625,0.176949,0.173999,0.00294967,True,0.177065,0.174118,0.00294677,True,0.177143,0.174198,0.00294508,True,0.082853,0.247884,0.142691,0.288773,0.750944,0.118654,0.138684,0.11585,0.00193126,0.00189904,1.2,7.76471e-10,,,
60,initial_eval,60,1,False,False,0.175642,0.176752,-0.00110986,0.212738,0.211616,0.212725,0.211606,0.176996,0.1759,False,0.1511760125,0.175642,0.176752,-0.00110986,False,0.175768,0.176871,-0.00110266,False,0.175852,0.17695,-0.0010984,False,0.209429,0.0830459,0.168639,0.236886,0.0841124,0.264663,0.0826328,0.08,0.00190107,0.00191289,7.76471e-10,1.2,,,
61,initial_eval,61,1,False,False,0.175667,0.17932,-0.00365315,0.215378,0.211608,0.215365,0.211595,0.179563,0.175902,False,0.19387995,0.175667,0.17932,-0.00365315,False,0.175781,0.179438,-0.0036577,False,0.175858,0.179518,-0.00366025,False,0.0863096,0.241792,0.27736,0.148773,0.247982,0.215356,0.199654,0.133813,0.00187376,0.00191301,1.2,7.76471e-10,,,
62,initial_eval,62,1,False,False,0.179516,0.179328,0.000187945,0.215388,0.215578,0.215375,0.215565,0.179573,0.179758,True,0.282842625,0.179516,0.179328,0.000187945,True,0.179634,0.179447,0.000186647,True,0.179713,0.179527,0.000185914,True,0.08203,0.405599,0.394167,0.173139,0.384138,0.142556,0.412841,0.268271,0.00187366,0.00187173,1.2,7.76472e-10,,,
63,initial_eval,63,1,False,False,0.176941,0.172518,0.00442258,0.208391,0.212924,0.208381,0.212911,0.172768,0.17718,True,0.3316285,0.176941,0.172518,0.00442258,True,0.177057,0.17264,0.00441689,True,0.177135,0.172721,0.00441345,True,0.306762,0.236775,0.145135,0.56106,0.770112,0.239122,0.139169,0.254893,0.00194779,0.00189912,7.76471e-10,1.2,,,
64,train,0,0,True,True,0.179326,0.179512,-0.000186538,0.215387,0.215576,0.215375,0.215564,0.179571,0.179756,False,0.44785974999999995,0.179326,0.179512,-0.000186538,False,0.179446,0.179631,-0.00018561,False,0.179526,0.179711,-0.000185081,False,0.741245,0.57729,0.633202,0.77011,0.107267,0.142146,0.109099,0.502519,0.00187366,0.00187174,0.53723,0.551788,1.1495,0.172511,0.0333697
65,train,32,1,True,True,0.174399,0.193025,-0.0186268,0.229476,0.210267,0.229463,0.209772,0.193272,0.174511,False,0.3103241375,0.174399,0.193025,-0.0186268,False,0.174501,0.193146,-0.0186455,False,0.174514,0.193226,-0.0187125,False,0.0938811,0.456305,0.374484,0.163556,0.490971,0.26999,0.367252,0.266154,0.00174032,0.00193258,-0.000122233,1.20343,1.1495,0.0335446,0.198358
66,train,1,0,True,True,0.218526,0.1731,0.0454263,0.255686,0.208931,0.25567,0.208642,0.218771,0.173232,True,0.383877,0.218526,0.1731,0.0454263,True,0.218646,0.173202,0.045444,True,0.218725,0.173225,0.0454999,True,0.632611,0.475342,0.540965,0.624457,0.124163,0.08,0.282379,0.311099,0.00153701,0.00194492,9.13915e-05,1.20196,1.1495,0.168291,0.0339288
67,train,33,1,True,True,0.160546,0.224667,-0.0641215,0.261993,0.196018,0.261977,0.172029,0.224909,0.160657,False,0.2686391125,0.160546,0.224667,-0.0641215,False,0.160648,0.224786,-0.064138,False,0.160659,0.224865,-0.0642056,False,0.361298,0.0966629,0.122031,0.492813,0.349183,0.300039,0.218776,0.20831,0.001495,0.00245308,9.32757e-05,1.20104,1.1495,0.0331537,0.220113
68,train,2,0,True,True,0.221905,0.160886,0.0610185,0.259112,0.196368,0.25885,0.17502,0.222046,0.160997,True,0.29886775000000004,0.221905,0.160886,0.0610185,True,0.222009,0.160988,0.0610204,True,0.222037,0.161,0.0610375,True,0.460496,0.315118,0.428067,0.491527,0.139719,0.324761,0.106536,0.124718,0.00151554,0.00240174,9.33303e-05,1.20113,1.1495,0.156679,0.0347465
69,train,34,1,True,True,0.156222,0.18931,-0.0330876,0.225608,0.19157,0.225253,0.149072,0.189434,0.156332,False,0.247402075,0.156222,0.18931,-0.0330876,False,0.156324,0.189414,-0.0330898,False,0.156335,0.189433,-0.0330981,False,0.0838406,0.400537,0.39741,0.10904,0.266488,0.131902,0.385266,0.204733,0.00177813,0.00293574,6.98801e-05,1.20101,1.1495,0.0329565,0.193377
70,train,3,0,True,True,0.218177,0.15698,0.061197,0.255278,0.19235,0.25421,0.151328,0.218289,0.15709,True,0.34778837500000004,0.218177,0.15698,0.061197,True,0.21828,0.157082,0.061198,True,0.218292,0.157093,0.0611995,True,0.465983,0.392788,0.363332,0.423047,0.177356,0.430341,0.224457,0.305003,0.00154707,0.00287996,6.39487e-05,1.20101,1.1495,0.152406,0.033793
71,train,35,1,True,True,0.15372,0.21667,-0.0629503,0.253729,0.188995,0.252251,0.131774,0.216782,0.15383,False,0.28502317499999996,0.15372,0.21667,-0.0629503,False,0.153822,0.216773,-0.0629514,False,0.153832,0.216785,-0.0629534,False,0.497202,0.08,0.0873754,0.571344,0.284368,0.089561,0.410277,0.260058,0.00156079,0.0034493,6.85201e-05,1.20098,1.1495,0.032883,0.223171
72,train,4,0,True,True,0.209869,0.15614,0.0537293,0.246738,0.191485,0.233831,0.135096,0.20998,0.15625,True,0.383445,0.209869,0.15614,0.0537293,True,0.209972,0.156242,0.0537299,True,0.209983,0.156252,0.0537307,True,0.584164,0.47028,0.462056,0.628547,0.255224,0.176976,0.145681,0.344632,0.00170276,0.00333696,6.61919e-05,1.20097,1.1495,0.150507,0.0344532
73,train,36,1,True,True,0.147202,0.1748,-0.0275983,0.210682,0.182289,0.202217,0.109535,0.174911,0.147312,False,0.46690777499999997,0.147202,0.1748,-0.0275983,False,0.147304,0.174903,-0.0275988,False,0.147314,0.174914,-0.0276002,False,0.16197,0.684524,0.770111,0.221052,0.0829502,0.459844,0.75628,0.598531,0.00201819,0.00446024,3.12744e-05,1.20014,1.1495,0.0328421,0.174557
74,train,5,0,True,True,0.202603,0.176682,0.0259214,0.239269,0.212616,0.181682,0.118676,0.202712,0.17679,True,0.37133174999999996,0.202603,0.176682,0.0259214,True,0.202705,0.176784,0.0259216,True,0.202715,0.176793,0.0259222,True,0.543454,0.493438,0.523504,0.44525,0.181826,0.385814,0.148522,0.248846,0.00229481,0.00397918,7.06443e-05,1.20101,1.1495,0.170758,0.0331583
75,train,37,1,True,True,0.181589,0.162135,0.0194541,0.197653,0.217663,0.162847,0.110459,0.162244,0.181697,True,0.335890875,0.181589,0.162135,0.0194541,True,0.181691,0.162237,0.0194545,True,0.1817,0.162247,0.0194534,True,0.102989,0.509698,0.564957,0.103372,0.107356,0.134907,0.770114,0.393734,0.00262554,0.00440623,7.30461e-05,1.20102,1.1495,0.0334007,0.158001
76,train,6,0,True,True,0.193632,0.173048,0.0205849,0.230047,0.208879,0.147423,0.10143,0.193741,0.173156,True,0.543639875,0.193632,0.173048,0.0205849,True,0.193735,0.17315,0.020585,True,0.193744,0.173159,0.020585,True,0.676339,0.66374,0.770114,0.650108,0.375466,0.351668,0.149631,0.712053,0.00297792,0.00499977,1.20024,4.28633e-05,1.1495,0.168208,0.0329319
77,train,38,1,True,True,0.168056,0.211257,-0.0432012,0.248164,0.203744,0.152857,0.0734584,0.211365,0.168164,False,0.382305125,0.168056,0.211257,-0.0432012,False,0.168158,0.211359,-0.0432015,False,0.168167,0.211368,-0.0432016,False,0.370735,0.363315,0.391723,0.528047,0.377254,0.374888,0.202841,0.449638,0.00284334,0.00879369,1.19996,7.76457e-10,1.1495,0.033273,0.218675
78,train,7,0,True,True,0.207072,0.167561,0.0395109,0.243863,0.203235,0.128457,0.0727517,0.20718,0.167669,True,0.42723375,0.207072,0.167561,0.0395109,True,0.207175,0.167663,0.0395113,True,0.207183,0.167672,0.039511,True,0.580763,0.423695,0.455836,0.753179,0.370996,0.391278,0.100993,0.34113,0.00356945,0.00897556,1.19996,7.76457e-10,1.1495,0.16345,0.0343364
79,train,39,1,True,True,0.192882,0.184641,0.0082413,0.220802,0.229276,0.112989,0.0658456,0.184749,0.19299,True,0.20175882499999997,0.192882,0.184641,0.0082413,True,0.192985,0.184744,0.00824124,True,0.192993,0.184752,0.00824076,True,0.0808779,0.279686,0.34867,0.0841486,0.0901021,0.181483,0.39448,0.154623,0.00426507,0.0113617,1.19997,7.76448e-10,1.1495,0.0331872,0.173899
80,train,8,0,True,True,0.218758,0.164261,0.0544976,0.255874,0.19984,0.125913,0.0600642,0.218865,0.164369,True,0.41991187500000005,0.218758,0.164261,0.0544976,True,0.218861,0.164363,0.0544979,True,0.218869,0.164372,0.0544971,True,0.464831,0.474401,0.515151,0.632988,0.357854,0.426654,0.152887,0.334529,0.00366751,0.0152075,1.19998,7.76441e-10,1.1495,0.160203,0.03369
81,train,40,1,True,True,0.179749,0.184562,-0.00481376,0.220721,0.215771,0.112881,0.0617014,0.18467,0.179857,False,0.21241474999999999,0.179749,0.184562,-0.00481376,False,0.179851,0.184665,-0.0048138,False,0.17986,0.184673,-0.00481375,False,0.133549,0.283897,0.37404,0.08,0.19023,0.105815,0.336074,0.195713,0.00427087,0.0137852,1.19998,7.76443e-10,1.1495,0.0331097,0.173887
82,train,9,0,True,True,0.218542,0.161586,0.0569559,0.255652,0.197089,0.127858,0.0489883,0.218649,0.161694,True,0.5125391,0.218542,0.161586,0.0569559,True,0.218644,0.161688,0.0569563,True,0.218652,0.161697,0.0569553,True,0.715184,0.569406,0.590993,0.770114,0.328889,0.269307,0.0863048,0.770115,0.00359202,0.15818,1.19999,7.76428e-10,1.1495,0.15742,0.0336962
83,train,41,1,True,True,0.15977,0.178171,-0.0184014,0.214148,0.195221,0.11419,0.0403051,0.178279,0.159878,False,0.24675849999999996,0.15977,0.178171,-0.0184014,False,0.159872,0.178274,-0.0184016,False,0.159881,0.178282,-0.0184014,False,0.105732,0.36215,0.325922,0.165835,0.384943,0.156351,0.267067,0.206068,0.00420123,0.275699,1.2,7.76425e-10,1.1495,0.0330288,0.171568
84,train,10,0,True,True,0.238025,0.158914,0.0791107,0.275671,0.19434,0.12184,0.0350246,0.238131,0.159023,True,0.34533500000000006,0.238025,0.158914,0.0791107,True,0.238127,0.159016,0.0791111,True,0.238135,0.159025,0.0791097,True,0.460057,0.36972,0.432466,0.52793,0.162337,0.257971,0.106189,0.44601,0.00383651,0.313617,1.2,7.76424e-10,1.1495,0.154539,0.0335016
85,train,42,1,True,True,0.125285,0.140744,-0.015459,0.175643,0.159732,0.0889868,0.0182239,0.140853,0.125394,False,0.18587850000000003,0.125285,0.140744,-0.015459,False,0.125386,0.140846,-0.0154591,False,0.125396,0.140855,-0.0154591,False,0.212831,0.207436,0.26523,0.224674,0.113793,0.145288,0.128915,0.188861,0.00615814,0.32856,1.2,7.76426e-10,1.1495,0.0329913,0.132447
86,train,11,0,True,True,0.237372,0.15733,0.0800413,0.275,0.192711,0.126591,0.0326776,0.237478,0.157439,True,0.40108024999999997,0.237372,0.15733,0.0800413,True,0.237474,0.157433,0.0800417,True,0.237482,0.157442,0.0800403,True,0.521068,0.418723,0.488581,0.608506,0.171098,0.317522,0.128222,0.554922,0.00364082,0.322225,1.2,7.76423e-10,1.1495,0.153018,0.0325212
87,train,43,1,True,True,0.133281,0.23097,-0.0976889,0.268423,0.167962,0.117245,0.020101,0.231076,0.13339,False,0.272829875,0.133281,0.23097,-0.0976889,False,0.133383,0.231072,-0.0976899,False,0.133392,0.23108,-0.097688,False,0.11078,0.257738,0.13034,0.399908,0.770114,0.240898,0.097806,0.175055,0.00404737,0.327701,1.2,7.76424e-10,1.1495,0.0329401,0.227176
88,train,12,0,True,True,0.232777,0.15565,0.0771269,0.270279,0.190982,0.112678,0.0275488,0.232884,0.155759,True,0.49262754999999997,0.232777,0.15565,0.0771269,True,0.23288,0.155752,0.0771275,True,0.232887,0.155761,0.0771261,True,0.685667,0.646988,0.616585,0.599858,0.0876884,0.560507,0.109723,0.634004,0.0042819,0.326034,1.2,7.76424e-10,1.1495,0.150925,0.0348779
89,train,44,1,True,True,0.162568,0.234606,-0.0720382,0.272159,0.1981,0.109465,0.0326847,0.234713,0.162677,False,0.32688025,0.162568,0.234606,-0.0720382,False,0.16267,0.234709,-0.0720385,False,0.162679,0.234717,-0.0720374,False,0.463514,0.106965,0.08,0.646135,0.52235,0.243356,0.304203,0.248519,0.00446436,0.322172,1.2,7.76424e-10,1.1495,0.0328741,0.23303
90,train,13,0,True,True,0.231575,0.157351,0.074224,0.269044,0.192732,0.0949848,0.0186358,0.231682,0.15746,True,0.41943698749999997,0.231575,0.157351,0.074224,True,0.231678,0.157453,0.0742244,True,0.231685,0.157462,0.074223,True,0.599362,0.50374,0.580641,0.650401,0.0920689,0.244312,0.18933,0.495641,0.0055367,0.326922,1.2,7.76425e-10,1.1495,0.152811,0.0349894
91,train,45,1,True,True,0.119436,0.139332,-0.0198961,0.174191,0.153711,0.0630372,0.0159449,0.139442,0.119545,False,0.16899925000000002,0.119436,0.139332,-0.0198961,False,0.119538,0.139434,-0.0198965,False,0.119547,0.139444,-0.0198965,False,0.229949,0.132228,0.173526,0.267329,0.185581,0.149795,0.08,0.133586,0.0128651,0.329745,7.76505e-10,1.19997,1.1495,0.0329477,0.131042
92,train,14,0,True,True,0.232494,0.164723,0.0677709,0.269989,0.200316,0.0999679,0.0242214,0.232601,0.164832,True,0.5126675,0.232494,0.164723,0.0677709,True,0.232597,0.164825,0.0677712,True,0.232604,0.164834,0.06777,True,0.423736,0.592923,0.632225,0.63737,0.432503,0.537697,0.160092,0.684794,0.00511188,0.32611,1.2,7.76425e-10,1.1495,0.160857,0.0324826
93,train,46,1,True,True,0.163678,0.193459,-0.0297803,0.229868,0.199242,0.0976865,0.0193972,0.193567,0.163787,False,0.31425375,0.163678,0.193459,-0.0297803,False,0.163781,0.193561,-0.0297806,False,0.16379,0.19357,-0.0297802,False,0.099258,0.348219,0.354446,0.303381,0.520741,0.456976,0.180046,0.250963,0.00529764,0.326669,1.2,7.76425e-10,1.1495,0.0331297,0.180489
94,train,15,0,True,True,0.231811,0.154195,0.0776162,0.269287,0.189485,0.0884307,0.0118156,0.231918,0.154304,True,0.456683375,0.231811,0.154195,0.0776162,True,0.231914,0.154297,0.0776166,True,0.231922,0.154306,0.0776153,True,0.618181,0.572318,0.6045,0.673188,0.185134,0.114966,0.123926,0.761254,0.00622331,0.328001,1.2,7.76426e-10,1.1495,0.149268,0.0338968
95,train,47,1,True,True,0.149632,0.223897,-0.0742648,0.261155,0.184791,0.0696499,0.013724,0.224004,0.149741,False,0.26820845,0.149632,0.223897,-0.0742648,False,0.149735,0.224,-0.0742652,False,0.149743,0.224007,-0.0742637,False,0.162354,0.228891,0.0978166,0.426085,0.770114,0.161678,0.13612,0.162609,0.0098878,0.32827,1.2,7.76429e-10,1.1495,0.0328601,0.226676
96,train,16,0,True,True,0.20285,0.162142,0.040708,0.239523,0.197661,0.0856926,0.014389,0.202957,0.16225,True,0.30304525,0.20285,0.162142,0.040708,True,0.202952,0.162244,0.0407083,True,0.202961,0.162253,0.0407078,True,0.22759,0.408197,0.427667,0.31717,0.305109,0.211941,0.203672,0.323016,0.00656688,0.327292,-4.0963e-09,1.19994,1.1495,0.158008,0.0347461
97,train,48,1,True,True,0.177008,0.162904,0.0141037,0.198446,0.212952,0.0706189,0.0207384,0.163013,0.177116,True,0.253805,0.177008,0.162904,0.0141037,True,0.17711,0.163007,0.0141038,True,0.177118,0.163016,0.0141029,True,0.08,0.351668,0.279981,0.202821,0.554981,0.115102,0.24642,0.199467,0.00958058,0.326598,1.2,7.76429e-10,1.1495,0.033098,0.158807
98,train,17,0,True,True,0.237097,0.152212,0.0848853,0.274718,0.187444,0.0885159,0.012112,0.237203,0.15232,True,0.4892795,0.237097,0.152212,0.0848853,True,0.2372,0.152314,0.0848858,True,0.237207,0.152323,0.0848843,True,0.640951,0.717267,0.770112,0.685167,0.108697,0.284195,0.178522,0.529325,0.00621324,0.328029,1.2,7.76426e-10,1.1495,0.147018,0.0331027
99,train,49,1,True,True,0.176542,0.23924,-0.0626985,0.27692,0.212473,0.0846782,0.0141519,0.239347,0.176649,False,0.493244125,0.176542,0.23924,-0.0626985,False,0.176644,0.239343,-0.0626987,False,0.176652,0.23935,-0.0626982,False,0.437398,0.585711,0.328765,0.48025,0.766049,0.770114,0.148938,0.428728,0.00670468,0.327232,-3.04225e-09,1.19994,1.1495,0.0328063,0.239221
100,train,18,0,True,True,0.238377,0.200319,0.0380583,0.276033,0.236921,0.0507337,0.0191464,0.238484,0.200426,True,0.65041625,0.238377,0.200319,0.0380583,True,0.23848,0.200422,0.0380584,True,0.238488,0.200429,0.0380585,True,0.396961,0.770114,0.770114,0.710292,0.629719,0.710614,0.445404,0.770112,0.126928,0.326266,7.76485e-10,1.19999,1.1495,0.188417,0.0350976
101,train,50,1,True,True,0.163048,0.234122,-0.0710745,0.271662,0.198593,0.0543039,0.0101628,0.234229,0.163156,False,0.25741375,0.163048,0.234122,-0.0710745,False,0.16315,0.234225,-0.0710748,False,0.163159,0.234232,-0.0710735,False,0.121863,0.439552,0.500355,0.112137,0.08,0.123707,0.406674,0.275022,0.0571735,0.32818,7.7649e-10,1.19999,1.1495,0.0340673,0.227295
102,train,19,0,True,True,0.253393,0.157871,0.0955224,0.291459,0.193267,0.041276,0.00801518,0.253499,0.15798,True,0.53115125,0.253393,0.157871,0.0955224,True,0.253496,0.157973,0.0955229,True,0.253503,0.157982,0.0955212,True,0.770114,0.613438,0.73708,0.770114,0.288301,0.178341,0.121709,0.770113,0.265404,0.328433,1.2,7.76443e-10,1.1495,0.15339,0.0350235
103,train,51,1,True,True,0.192304,0.140635,0.0516694,0.175532,0.228682,0.0200565,0.0106321,0.140744,0.192412,True,0.208235925,0.192304,0.140635,0.0516694,True,0.192407,0.140737,0.0516698,True,0.192415,0.140746,0.0516682,True,0.0934422,0.186428,0.10577,0.280885,0.673256,0.147746,0.0947575,0.0836027,0.327543,0.328452,1.2,7.76472e-10,1.14951,0.0329655,0.138342
104,train,20,0,True,True,0.267778,0.156723,0.111055,0.306231,0.192086,0.050027,0.00803979,0.267883,0.156831,True,0.5292487499999999,0.267778,0.156723,0.111055,True,0.26788,0.156825,0.111055,True,0.267887,0.156834,0.111053,True,0.75562,0.482195,0.633557,0.770114,0.106731,0.619649,0.159538,0.706586,0.139712,0.328487,1.2,7.76436e-10,1.1495,0.15211,0.0325086
105,train,52,1,True,True,0.146827,0.144591,0.00223623,0.179603,0.181905,0.0303702,0.0115126,0.1447,0.146936,True,0.19452275,0.146827,0.144591,0.00223623,True,0.146929,0.144693,0.00223633,True,0.146939,0.144702,0.00223608,True,0.08,0.25617,0.274205,0.152513,0.299029,0.186263,0.182402,0.1256,0.32602,0.328687,7.76472e-10,1.2,1.14951,0.032928,0.136589
106,train,21,0,True,True,0.268155,0.155482,0.112674,0.306619,0.190809,0.0553791,0.0078861,0.268261,0.15559,True,0.3978995,0.268155,0.155482,0.112674,True,0.268258,0.155584,0.112674,True,0.268265,0.155593,0.112672,True,0.618181,0.473595,0.444862,0.551244,0.122733,0.505327,0.128291,0.338963,0.0354005,0.328579,1.2,7.76433e-10,1.1495,0.150767,0.0326247
107,train,53,1,True,True,0.15727,0.269914,-0.112644,0.308425,0.192649,0.0520863,0.0265153,0.270019,0.157379,False,0.36896112499999995,0.15727,0.269914,-0.112644,False,0.157372,0.270017,-0.112644,False,0.157381,0.270023,-0.112642,False,0.490344,0.306697,0.332631,0.596352,0.292771,0.227785,0.206721,0.498388,0.101621,0.327048,7.76487e-10,1.19999,1.1495,0.0329045,0.265501
108,train,22,0,True,True,0.264074,0.170256,0.0938178,0.302428,0.206008,0.0376542,0.0079986,0.264179,0.170365,True,0.512520375,0.264074,0.170256,0.0938178,True,0.264177,0.170359,0.0938181,True,0.264184,0.170367,0.0938162,True,0.572917,0.476237,0.588594,0.770112,0.330766,0.770112,0.260624,0.330801,0.297362,0.327949,1.2,7.76448e-10,1.14951,0.165906,0.0359931
109,train,54,1,True,True,0.157566,0.230927,-0.0733615,0.268379,0.192954,0.02944,0.0106892,0.231033,0.157674,False,0.2491034375,0.157566,0.230927,-0.0733615,False,0.157668,0.23103,-0.0733619,False,0.157677,0.231037,-0.0733603,False,0.0908635,0.402777,0.436154,0.113948,0.189068,0.119883,0.402171,0.237963,0.325469,0.3283,1.2,7.76472e-10,1.14951,0.0332955,0.228116
110,train,23,0,True,True,0.273337,0.185288,0.0880491,0.31194,0.221467,0.0296019,0.00619721,0.273442,0.185395,True,0.49321425,0.273337,0.185288,0.0880491,True,0.27344,0.185391,0.0880492,True,0.273446,0.185398,0.0880481,True,0.770113,0.473998,0.604056,0.755224,0.421596,0.138322,0.137644,0.644761,0.325065,0.328558,7.76472e-10,1.2,1.14951,0.173976,0.0349508
111,train,55,1,True,True,0.157497,0.228482,-0.0709848,0.265867,0.192883,0.0299918,0.00897561,0.228588,0.157606,False,0.288436375,0.157497,0.228482,-0.0709848,False,0.1576,0.228585,-0.0709852,False,0.157609,0.228592,-0.0709835,False,0.10672,0.473012,0.469743,0.127738,0.256922,0.143785,0.435427,0.294144,0.325331,0.32844,7.76472e-10,1.2,1.14951,0.0337072,0.227084
112,train,24,0,True,True,0.273689,0.159802,0.113887,0.312301,0.195254,0.0338603,0.0244661,0.273793,0.159911,True,0.35681999999999997,0.273689,0.159802,0.113887,True,0.273791,0.159904,0.113887,True,0.273798,0.159913,0.113885,True,0.516789,0.262486,0.42709,0.516068,0.296973,0.399473,0.14388,0.291801,0.318381,0.327362,1.2,7.76456e-10,1.14951,0.155509,0.0348823
113,train,56,1,True,True,0.189455,0.22719,-0.0377345,0.264538,0.225752,0.0241226,0.00809309,0.227296,0.189562,False,0.3319903,0.189455,0.22719,-0.0377345,False,0.189558,0.227292,-0.0377346,False,0.189565,0.227299,-0.0377342,False,0.0835114,0.48009,0.460324,0.210826,0.454942,0.2032,0.440416,0.322613,0.325799,0.32806,7.76472e-10,1.2,1.14951,0.033029,0.223127
114,train,25,0,True,True,0.274382,0.159915,0.114468,0.313013,0.195369,0.0216895,0.00704964,0.274487,0.160023,True,0.5605725,0.274382,0.159915,0.114468,True,0.274485,0.160017,0.114468,True,0.274492,0.160026,0.114466,True,0.50609,0.566316,0.698648,0.753646,0.289464,0.770114,0.251963,0.648339,0.32563,0.32836,1.2,7.76472e-10,1.14951,0.155626,0.0348424
115,train,57,1,True,True,0.187513,0.234934,-0.0474214,0.272496,0.223755,0.022218,0.00799993,0.23504,0.18762,False,0.36300319999999997,0.187513,0.234934,-0.0474214,False,0.187615,0.235037,-0.0474215,False,0.187623,0.235044,-0.047421,False,0.0818106,0.48645,0.483783,0.251085,0.484802,0.354263,0.420878,0.340954,0.32583,0.3279,7.76472e-10,1.2,1.14951,0.0330134,0.233472
116,train,26,0,True,True,0.275135,0.181214,0.0939207,0.313786,0.217278,0.0107775,0.00572583,0.275239,0.181322,True,0.5604003750000001,0.275135,0.181214,0.0939207,True,0.275237,0.181317,0.0939207,True,0.275244,0.181325,0.0939193,True,0.436849,0.770113,0.681453,0.713739,0.770114,0.151298,0.22418,0.735457,0.326736,0.328761,7.76472e-10,1.2,1.14951,0.173021,0.0350504
117,train,58,1,True,True,0.177424,0.236412,-0.0589884,0.274014,0.21338,0.0285514,0.0226088,0.236518,0.177532,False,0.30504495000000004,0.177424,0.236412,-0.0589884,False,0.177526,0.236515,-0.0589885,False,0.177534,0.236522,-0.0589874,False,0.0908086,0.483583,0.467344,0.172846,0.377791,0.10718,0.425727,0.31508,0.326633,0.32772,7.76472e-10,1.2,1.14951,0.033577,0.227365
118,train,27,0,True,True,0.276472,0.146491,0.129981,0.315159,0.181558,0.0120508,0.00636261,0.276577,0.1466,True,0.5420527500000001,0.276472,0.146491,0.129981,True,0.276575,0.146593,0.129982,True,0.276581,0.146602,0.129979,True,0.770112,0.770114,0.770114,0.770114,0.241903,0.12439,0.119561,0.770114,0.326598,0.32946,7.76472e-10,1.2,1.14951,0.142049,0.0351123
119,train,59,1,True,True,0.178927,0.160212,0.0187147,0.195677,0.214926,0.012831,0.00754178,0.160321,0.179035,True,0.235791625,0.178927,0.160212,0.0187147,True,0.17903,0.160315,0.0187148,True,0.179038,0.160324,0.018714,True,0.082853,0.247884,0.142691,0.288773,0.750944,0.118654,0.138684,0.11585,0.32786,0.329106,7.76472e-10,1.2,1.14951,0.0326538,0.155549
120,train,28,0,True,True,0.284479,0.149546,0.134933,0.32338,0.184702,0.0201243,0.00623762,0.284584,0.149655,True,0.36707737499999993,0.284479,0.149546,0.134933,True,0.284582,0.149648,0.134934,True,0.284588,0.149657,0.134931,True,0.52447,0.365733,0.453304,0.600734,0.118889,0.344019,0.136189,0.393281,0.325743,0.329269,1.2,7.76472e-10,1.14951,0.144034,0.0330435
121,train,60,1,True,True,0.118784,0.129612,-0.0108279,0.164186,0.153039,0.0174881,0.0111604,0.129721,0.118893,False,0.1511760125,0.118784,0.129612,-0.0108279,False,0.118886,0.129714,-0.0108281,False,0.118895,0.129723,-0.0108282,False,0.209429,0.0830459,0.168639,0.236886,0.0841124,0.264663,0.0826328,0.08,0.328456,0.331008,1.2,7.76472e-10,1.14951,0.0327481,0.126554
122,train,29,0,True,True,0.282478,0.14409,0.138387,0.321325,0.179088,0.0223376,0.00765217,0.282582,0.144199,True,0.36093624999999996,0.282478,0.14409,0.138387,True,0.28258,0.144192,0.138388,True,0.282587,0.144201,0.138385,True,0.531274,0.502889,0.534256,0.557204,0.152056,0.089561,0.157529,0.362721,0.325585,0.329424,7.76472e-10,1.2,1.14951,0.140975,0.032209
123,train,61,1,True,True,0.129487,0.139694,-0.0102066,0.174563,0.164058,0.0145764,0.0107252,0.139803,0.129596,False,0.19387995,0.129487,0.139694,-0.0102066,False,0.129589,0.139796,-0.0102069,False,0.129598,0.139805,-0.0102067,False,0.0863096,0.241792,0.27736,0.148773,0.247982,0.215356,0.199654,0.133813,0.328295,0.329833,1.2,7.76472e-10,1.14951,0.032598,0.131358
124,train,30,0,True,True,0.285214,0.143325,0.141889,0.324134,0.1783,0.027611,0.00746217,0.285319,0.143434,True,0.4866560000000001,0.285214,0.143325,0.141889,True,0.285317,0.143427,0.14189,True,0.285323,0.143436,0.141887,True,0.743989,0.637715,0.708511,0.703339,0.198008,0.152937,0.1903,0.558449,0.325162,0.32951,1.2,7.76472e-10,1.14951,0.140415,0.0324914
125,train,62,1,True,True,0.181885,0.239541,-0.0576565,0.277229,0.217968,0.0467634,0.0234896,0.239647,0.181992,False,0.282842625,0.181885,0.239541,-0.0576565,False,0.181987,0.239644,-0.0576566,False,0.181995,0.239651,-0.0576558,False,0.08203,0.405599,0.394167,0.173139,0.384138,0.142556,0.412841,0.268271,0.194712,0.327765,7.76481e-10,1.19999,1.1495,0.0325689,0.239623
126,train,31,0,True,True,0.251088,0.189916,0.0611727,0.289091,0.226226,0.0355794,0.00531768,0.251194,0.190023,True,0.315127875,0.251088,0.189916,0.0611727,True,0.251191,0.190018,0.0611727,True,0.251198,0.190026,0.0611721,True,0.291619,0.360851,0.342939,0.426903,0.444661,0.192956,0.107367,0.353727,0.310278,0.328934,7.76473e-10,1.2,1.14951,0.176878,0.035204
127,train,63,1,True,True,0.191046,0.260918,-0.069872,0.299187,0.227389,0.0278404,0.00581276,0.261023,0.191153,False,0.331628375,0.191046,0.260918,-0.069872,False,0.191149,0.261021,-0.0698717,False,0.191157,0.261027,-0.0698706,False,0.306762,0.236775,0.145135,0.56106,0.770111,0.239122,0.139169,0.254893,0.325379,0.329174,1.2,7.76472e-10,1.14951,0.0338642,0.267508
128,train,0,0,True,True,0.283043,0.142829,0.140214,0.321905,0.17779,0.0284625,0.00800258,0.283147,0.142938,True,0.44786,0.283043,0.142829,0.140214,True,0.283145,0.142931,0.140214,True,0.283152,0.14294,0.140212,True,0.741245,0.57729,0.633202,0.770112,0.107267,0.142146,0.109099,0.502519,0.32513,0.329427,1.2,7.76472e-10,1.14951,0.13996,0.0357703
129,train,32,1,True,True,0.211297,0.233093,-0.0217962,0.270604,0.248205,0.0418717,0.0189862,0.233199,0.211403,False,0.3103241375,0.211297,0.233093,-0.0217962,False,0.211399,0.233195,-0.0217962,False,0.211407,0.233203,-0.0217961,False,0.0938811,0.456305,0.374484,0.163556,0.490971,0.26999,0.367252,0.266154,0.259781,0.327775,1.2,7.76442e-10,1.1495,0.0325508,0.231007
130,train,1,0,True,True,0.283862,0.147551,0.136311,0.322746,0.182649,0.0314359,0.0270858,0.283966,0.14766,True,0.383877,0.283862,0.147551,0.136311,True,0.283965,0.147653,0.136311,True,0.283971,0.147662,0.136309,True,0.632611,0.475342,0.540965,0.624457,0.124163,0.08,0.282379,0.311099,0.324862,0.327072,1.2,7.76464e-10,1.14951,0.142468,0.0350281
131,train,33,1,True,True,0.166305,0.266087,-0.099782,0.304494,0.201944,0.0309548,0.00864534,0.266191,0.166413,False,0.2686391125,0.166305,0.266087,-0.099782,False,0.166407,0.266189,-0.099782,False,0.166415,0.266195,-0.09978,False,0.361298,0.0966629,0.122031,0.492813,0.349183,0.300039,0.218776,0.20831,0.324674,0.328696,1.2,7.76466e-10,1.14951,0.0326878,0.27382
132,train,2,0,True,True,0.280878,0.144636,0.136241,0.319682,0.17965,0.0258702,0.0085081,0.280982,0.144745,True,0.29886775000000004,0.280878,0.144636,0.136241,True,0.28098,0.144739,0.136242,True,0.280987,0.144748,0.136239,True,0.460496,0.315118,0.428067,0.491527,0.139719,0.324761,0.106536,0.124718,0.325331,0.329128,7.76472e-10,1.2,1.14951,0.141138,0.0359257
133,train,34,1,True,True,0.149595,0.233784,-0.0841888,0.271314,0.184752,0.0196654,0.0111446,0.23389,0.149704,False,0.247402075,0.149595,0.233784,-0.0841888,False,0.149697,0.233886,-0.0841892,False,0.149706,0.233894,-0.0841873,False,0.0838406,0.400537,0.39741,0.10904,0.266488,0.131902,0.385266,0.204733,0.326289,0.328356,7.76472e-10,1.2,1.14951,0.0326135,0.227283
134,train,3,0,True,True,0.26874,0.144112,0.124628,0.307219,0.17911,0.0287813,0.00848182,0.268845,0.144221,True,0.34778837500000004,0.26874,0.144112,0.124628,True,0.268842,0.144214,0.124628,True,0.268849,0.144224,0.124626,True,0.465983,0.392788,0.363332,0.423047,0.177356,0.430341,0.224457,0.305003,0.325128,0.329049,1.2,7.76472e-10,1.14951,0.140814,0.0350557
135,train,35,1,True,True,0.151868,0.275412,-0.123544,0.31407,0.187091,0.0361078,0.0308469,0.275517,0.151977,False,0.28502317499999996,0.151868,0.275412,-0.123544,False,0.15197,0.275515,-0.123545,False,0.151979,0.275521,-0.123542,False,0.497202,0.08,0.0873754,0.571344,0.284368,0.089561,0.410277,0.260058,0.307716,0.326002,1.2,7.76451e-10,1.14951,0.0325941,0.272779
136,train,4,0,True,True,0.276148,0.144817,0.131331,0.314826,0.179835,0.0190995,0.00854854,0.276253,0.144926,True,0.383445,0.276148,0.144817,0.131331,True,0.276251,0.144919,0.131332,True,0.276257,0.144928,0.131329,True,0.584164,0.47028,0.462056,0.628547,0.255224,0.176976,0.145681,0.344632,0.325882,0.329044,7.76472e-10,1.2,1.14951,0.141262,0.0361621
137,train,36,1,True,True,0.145025,0.250932,-0.105908,0.288931,0.18005,0.0241172,0.00942341,0.251038,0.145134,False,0.4669079,0.145025,0.250932,-0.105908,False,0.145127,0.251035,-0.105908,False,0.145136,0.251042,-0.105906,False,0.16197,0.684524,0.770112,0.221052,0.0829502,0.459844,0.75628,0.598531,0.325625,0.32886,1.2,7.76472e-10,1.14951,0.0326112,0.240991
138,train,5,0,True,True,0.268931,0.165949,0.102983,0.307416,0.201577,0.00387328,0.00799976,0.269036,0.166057,True,0.37133174999999996,0.268931,0.165949,0.102983,True,0.269034,0.166051,0.102983,True,0.269041,0.166059,0.102981,True,0.543454,0.493438,0.523504,0.44525,0.181826,0.385814,0.148522,0.248846,0.327718,0.328363,7.76472e-10,1.2,1.14951,0.161892,0.0354551
139,train,37,1,True,True,0.179266,0.243225,-0.0639586,0.281013,0.215275,0.00527933,0.0105455,0.243331,0.179374,False,0.335891,0.179266,0.243225,-0.0639586,False,0.179369,0.243328,-0.0639588,False,0.179377,0.243335,-0.0639577,False,0.102989,0.509698,0.564957,0.103372,0.107356,0.134907,0.770115,0.393734,0.328025,0.327772,1.2,7.76472e-10,1.14951,0.033188,0.244529
140,train,6,0,True,True,0.271717,0.191386,0.0803304,0.310276,0.227738,0.0031647,0.00665356,0.271821,0.191494,True,0.54363975,0.271717,0.191386,0.0803304,True,0.271819,0.191489,0.0803304,True,0.271826,0.191497,0.0803291,True,0.676339,0.66374,0.770113,0.650108,0.375466,0.351668,0.149631,0.712053,0.327678,0.328113,1.2,7.76472e-10,1.14951,0.178312,0.0352943
141,train,38,1,True,True,0.190473,0.267201,-0.0767281,0.305639,0.226799,0.0036143,0.00577709,0.267306,0.190581,False,0.382305125,0.190473,0.267201,-0.0767281,False,0.190576,0.267304,-0.0767281,False,0.190584,0.267311,-0.0767269,False,0.370735,0.363315,0.391723,0.528047,0.377254,0.374888,0.202841,0.449638,0.327644,0.328314,7.76472e-10,1.2,1.14951,0.0338561,0.275139
142,train,7,0,True,True,0.270734,0.187984,0.0827492,0.309267,0.22424,0.000943572,0.00568301,0.270838,0.188092,True,0.42723375,0.270734,0.187984,0.0827492,True,0.270836,0.188087,0.0827493,True,0.270843,0.188095,0.0827479,True,0.580763,0.423695,0.455836,0.753179,0.370996,0.391278,0.100993,0.34113,0.328085,0.328353,7.76472e-10,1.2,1.14951,0.175214,0.0359376
143,train,39,1,True,True,0.191537,0.171898,0.0196389,0.207698,0.227893,0.00766882,0.0103507,0.172006,0.191645,True,0.20175882499999997,0.191537,0.171898,0.0196389,True,0.19164,0.172001,0.0196389,True,0.191648,0.172009,0.0196386,True,0.0808779,0.279686,0.34867,0.0841486,0.0901021,0.181483,0.39448,0.154623,0.329033,0.327811,1.2,7.76472e-10,1.14951,0.0337804,0.167058
144,train,8,0,True,True,0.27239,0.182775,0.0896153,0.310967,0.218883,0.00136483,0.00538646,0.272495,0.182882,True,0.41991187500000005,0.27239,0.182775,0.0896153,True,0.272493,0.182877,0.0896154,True,0.272499,0.182885,0.0896138,True,0.464831,0.474401,0.515151,0.632988,0.357854,0.426654,0.152887,0.334529,0.327981,0.328478,1.2,7.76472e-10,1.14951,0.173518,0.0333756
145,train,40,1,True,True,0.176219,0.18763,-0.0114101,0.223876,0.212142,0.00672042,0.00947529,0.187737,0.176327,False,0.21241474999999999,0.176219,0.18763,-0.0114101,False,0.176322,0.187732,-0.0114103,False,0.17633,0.18774,-0.0114098,False,0.133549,0.283897,0.37404,0.08,0.19023,0.105815,0.336074,0.195713,0.328955,0.328095,1.2,7.76472e-10,1.14951,0.0336498,0.191194
146,train,9,0,True,True,0.273556,0.174479,0.0990768,0.312165,0.210351,0.0250584,0.0240215,0.273661,0.174587,True,0.5125387250000001,0.273556,0.174479,0.0990768,True,0.273659,0.174582,0.099077,True,0.273665,0.17459,0.0990753,True,0.715184,0.569406,0.590993,0.770113,0.328889,0.269307,0.0863048,0.770113,0.327131,0.327436,1.2,7.76472e-10,1.14951,0.16928,0.0338138
147,train,41,1,True,True,0.18701,0.190967,-0.00395677,0.227307,0.223238,0.00686442,0.00694711,0.191074,0.187118,False,0.24675849999999996,0.18701,0.190967,-0.00395677,False,0.187113,0.19107,-0.00395681,False,0.187121,0.191078,-0.00395683,False,0.105732,0.36215,0.325922,0.165835,0.384943,0.156351,0.267067,0.206068,0.328337,0.328311,1.2,7.76472e-10,1.14951,0.0334158,0.177881
148,train,10,0,True,True,0.279558,0.159047,0.12051,0.318327,0.194477,0.00409017,0.00651072,0.279662,0.159156,True,0.34533500000000006,0.279558,0.159047,0.12051,True,0.27966,0.15915,0.120511,True,0.279667,0.159158,0.120509,True,0.460057,0.36972,0.432466,0.52793,0.162337,0.257971,0.106189,0.44601,0.327585,0.328967,1.2,7.76472e-10,1.14951,0.154681,0.033893
149,train,42,1,True,True,0.119225,0.124929,-0.0057042,0.159367,0.153494,0.0118941,0.0117152,0.125039,0.119335,False,0.18587850000000003,0.119225,0.124929,-0.0057042,False,0.119327,0.125031,-0.00570431,False,0.119337,0.125041,-0.00570433,False,0.212831,0.207436,0.26523,0.224674,0.113793,0.145288,0.128915,0.188861,0.32998,0.330675,7.76472e-10,1.2,1.14951,0.0330094,0.124143
150,train,11,0,True,True,0.278349,0.157987,0.120362,0.317086,0.193387,0.00894081,0.00687566,0.278454,0.158095,True,0.40108024999999997,0.278349,0.157987,0.120362,True,0.278452,0.158089,0.120362,True,0.278458,0.158098,0.12036,True,0.521068,0.418723,0.488581,0.608506,0.171098,0.317522,0.128222,0.554922,0.326877,0.328926,7.76472e-10,1.2,1.14951,0.153757,0.0320869
151,train,43,1,True,True,0.185994,0.212497,-0.0265031,0.24944,0.222194,0.00874239,0.00764787,0.212604,0.186101,False,0.272829875,0.185994,0.212497,-0.0265031,False,0.186097,0.2126,-0.026503,False,0.186104,0.212607,-0.0265026,False,0.11078,0.257738,0.13034,0.399908,0.770114,0.240898,0.097806,0.175055,0.328057,0.3288,1.2,7.76472e-10,1.14951,0.0329755,0.203761
152,train,12,0,True,True,0.276424,0.156934,0.11949,0.315109,0.192304,0.0144447,0.00728006,0.276528,0.157043,True,0.49262754999999997,0.276424,0.156934,0.11949,True,0.276526,0.157037,0.11949,True,0.276533,0.157045,0.119488,True,0.685667,0.646988,0.616585,0.599858,0.0876884,0.560507,0.109723,0.634004,0.326292,0.328888,7.76472e-10,1.2,1.14951,0.152345,0.0344613
153,train,44,1,True,True,0.209908,0.266821,-0.0569132,0.305248,0.246778,0.00892323,0.00675252,0.266925,0.210014,False,0.32688025,0.209908,0.266821,-0.0569132,False,0.21001,0.266923,-0.0569131,False,0.210018,0.26693,-0.0569122,False,0.463514,0.106965,0.08,0.646135,0.52235,0.243356,0.304203,0.248519,0.327288,0.328383,7.76472e-10,1.2,1.14951,0.0329278,0.274692
154,train,13,0,True,True,0.273967,0.159959,0.114008,0.312586,0.195416,0.00629819,0.00678847,0.274072,0.160067,True,0.41943698749999997,0.273967,0.159959,0.114008,True,0.274069,0.160061,0.114008,True,0.274076,0.16007,0.114006,True,0.599362,0.50374,0.580641,0.650401,0.0920689,0.244312,0.18933,0.495641,0.327317,0.328882,1.2,7.76472e-10,1.14951,0.155674,0.0359324
155,train,45,1,True,True,0.113644,0.12613,-0.0124859,0.160603,0.147747,0.0122578,0.0125339,0.126239,0.113753,False,0.16899925000000002,0.113644,0.12613,-0.0124859,False,0.113746,0.126232,-0.0124861,False,0.113755,0.126241,-0.0124861,False,0.229949,0.132228,0.173526,0.267329,0.185581,0.149795,0.08,0.133586,0.330081,0.331437,1.2,7.76472e-10,1.14951,0.0330265,0.124991
156,train,14,0,True,True,0.272689,0.2016,0.0710887,0.311274,0.238239,0.0278868,0.0243822,0.272794,0.201707,True,0.5126675,0.272689,0.2016,0.0710887,True,0.272792,0.201703,0.0710886,True,0.272798,0.201711,0.0710877,True,0.423736,0.592923,0.632225,0.63737,0.432503,0.537697,0.160092,0.684794,0.326601,0.327417,1.2,7.76472e-10,1.14951,0.189979,0.0321226
157,train,46,1,True,True,0.20294,0.205611,-0.0026709,0.242361,0.239616,0.0299383,0.0232838,0.205718,0.203047,False,0.31425375,0.20294,0.205611,-0.0026709,False,0.203043,0.205714,-0.00267092,False,0.20305,0.205722,-0.00267157,False,0.099258,0.348219,0.354446,0.303381,0.520741,0.456976,0.180046,0.250963,0.326247,0.32759,7.76472e-10,1.2,1.14951,0.0341447,0.194956
158,train,15,0,True,True,0.270607,0.15742,0.113187,0.309137,0.192804,0.00552709,0.0064998,0.270712,0.157528,True,0.456683375,0.270607,0.15742,0.113187,True,0.27071,0.157522,0.113188,True,0.270716,0.157531,0.113186,True,0.618181,0.572318,0.6045,0.673188,0.185134,0.114966,0.123926,0.761254,0.327428,0.329152,1.2,7.76472e-10,1.14951,0.152886,0.0342604
159,train,47,1,True,True,0.199891,0.226227,-0.0263353,0.263549,0.236483,0.0150147,0.0133637,0.226333,0.199998,False,0.26820845,0.199891,0.226227,-0.0263353,False,0.199994,0.226329,-0.0263352,False,0.200002,0.226337,-0.0263348,False,0.162354,0.228891,0.0978166,0.426085,0.770114,0.161678,0.13612,0.162609,0.326979,0.327536,7.76472e-10,1.2,1.14951,0.0329528,0.221844
160,train,16,0,True,True,0.228462,0.166518,0.0619436,0.265846,0.202163,0.012201,0.0063359,0.228568,0.166626,True,0.30304525,0.228462,0.166518,0.0619436,True,0.228564,0.16662,0.0619439,True,0.228572,0.166629,0.0619426,True,0.22759,0.408197,0.427667,0.31717,0.305109,0.211941,0.203672,0.323016,0.326877,0.328593,7.76472e-10,1.2,1.14951,0.162448,0.0348589
161,train,48,1,True,True,0.220165,0.172168,0.0479973,0.207975,0.25732,0.0108493,0.00620743,0.172276,0.220271,True,0.253805,0.220165,0.172168,0.0479973,True,0.220268,0.172271,0.0479974,True,0.220275,0.172279,0.0479961,True,0.08,0.351668,0.279981,0.202821,0.554981,0.115102,0.24642,0.199467,0.327961,0.32849,7.76472e-10,1.2,1.14951,0.0332219,0.16747
162,train,17,0,True,True,0.270219,0.15564,0.114579,0.308738,0.190972,0.0176852,0.00701185,0.270324,0.155749,True,0.4892795,0.270219,0.15564,0.114579,True,0.270322,0.155743,0.114579,True,0.270329,0.155751,0.114577,True,0.640951,0.717267,0.770112,0.685167,0.108697,0.284195,0.178522,0.529325,0.326007,0.329029,1.2,7.76472e-10,1.14951,0.15089,0.0333771
163,train,49,1,True,True,0.216274,0.266926,-0.0506524,0.305357,0.253321,0.0150387,0.00380186,0.267031,0.21638,False,0.493244125,0.216274,0.266926,-0.0506524,False,0.216377,0.267029,-0.0506523,False,0.216384,0.267036,-0.0506519,False,0.437398,0.585711,0.328765,0.48025,0.766049,0.770114,0.148938,0.428728,0.326249,0.328711,1.2,7.76472e-10,1.14951,0.0329034,0.274817
164,train,18,0,True,True,0.269998,0.229827,0.0401717,0.308512,0.267248,0.000800916,0.00318813,0.270103,0.229932,True,0.65041625,0.269998,0.229827,0.0401717,True,0.270101,0.229929,0.0401717,True,0.270108,0.229936,0.0401715,True,0.396961,0.770114,0.770114,0.710292,0.629719,0.710614,0.445404,0.770112,0.328091,0.328201,7.76472e-10,1.2,1.14951,0.226642,0.0358985
165,train,50,1,True,True,0.170762,0.254329,-0.0835674,0.292419,0.206528,0.00475229,0.00770588,0.254434,0.170869,False,0.25741375,0.170762,0.254329,-0.0835674,False,0.170864,0.254432,-0.0835675,False,0.170872,0.254438,-0.0835659,False,0.121863,0.439552,0.500355,0.112137,0.08,0.123707,0.406674,0.275022,0.328087,0.328604,1.2,7.76472e-10,1.14951,0.034886,0.24529
166,train,19,0,True,True,0.277944,0.161822,0.116122,0.31667,0.197332,5.57605e-06,0.00503844,0.278049,0.16193,True,0.5311511250000001,0.277944,0.161822,0.116122,True,0.278047,0.161924,0.116123,True,0.278053,0.161933,0.116121,True,0.770114,0.613438,0.73708,0.770113,0.288301,0.178341,0.121709,0.770113,0.328233,0.32902,7.76472e-10,1.2,1.14951,0.157672,0.0355992
167,train,51,1,True,True,0.227438,0.144149,0.083289,0.179148,0.264793,0.00920624,0.00548794,0.144257,0.227543,True,0.208235925,0.227438,0.144149,0.083289,True,0.22754,0.144251,0.0832894,True,0.227547,0.14426,0.0832874,True,0.0934422,0.186428,0.10577,0.280885,0.673256,0.147746,0.0947575,0.0836027,0.329539,0.329181,7.76472e-10,1.2,1.14951,0.0330765,0.140543
168,train,20,0,True,True,0.286469,0.162554,0.123915,0.325423,0.198085,0.00220838,0.00537004,0.286573,0.162662,True,0.5292487499999999,0.286469,0.162554,0.123915,True,0.286572,0.162656,0.123915,True,0.286578,0.162665,0.123913,True,0.75562,0.482195,0.633557,0.770114,0.106731,0.619649,0.159538,0.706586,0.327772,0.328934,7.76472e-10,1.2,1.14951,0.158392,0.032609
169,train,52,1,True,True,0.146854,0.145575,0.00127993,0.180616,0.181933,0.00922484,0.00897603,0.145684,0.146963,True,0.19452275,0.146854,0.145575,0.00127993,True,0.146957,0.145677,0.00127996,True,0.146966,0.145686,0.00127972,True,0.08,0.25617,0.274205,0.152513,0.299029,0.186263,0.182402,0.1256,0.329066,0.329275,7.76472e-10,1.2,1.14951,0.0330915,0.137701
170,train,21,0,True,True,0.283267,0.161366,0.1219,0.322135,0.196863,0.0579164,0.0556403,0.283371,0.161475,True,0.3978995,0.283267,0.161366,0.1219,True,0.283369,0.161469,0.121901,True,0.283376,0.161477,0.121898,True,0.618181,0.473595,0.444862,0.551244,0.122733,0.505327,0.128291,0.338963,0.0180224,0.0304217,7.7645e-10,1.19998,1.1495,0.15723,0.0326535
171,train,53,1,True,True,0.161284,0.283381,-0.122097,0.322252,0.196779,0.0357887,0.0306387,0.283485,0.161393,False,0.36896112499999995,0.161284,0.283381,-0.122097,False,0.161386,0.283483,-0.122097,False,0.161395,0.28349,-0.122094,False,0.490344,0.306697,0.332631,0.596352,0.292771,0.227785,0.206721,0.498388,0.310629,0.327073,1.2,7.76452e-10,1.14951,0.0330687,0.2909
172,train,22,0,True,True,0.280164,0.175723,0.104441,0.31895,0.211631,0.00120462,0.00475321,0.280269,0.175832,True,0.512520375,0.280164,0.175723,0.104441,True,0.280267,0.175826,0.104441,True,0.280273,0.175835,0.104439,True,0.572917,0.476237,0.588594,0.770112,0.330766,0.770112,0.260624,0.330801,0.327921,0.328421,7.76472e-10,1.2,1.14951,0.170143,0.0363855
173,train,54,1,True,True,0.164845,0.244287,-0.0794429,0.282105,0.200442,0.0430444,0.0423614,0.244393,0.164953,False,0.2491034375,0.164845,0.244287,-0.0794429,False,0.164947,0.24439,-0.0794431,False,0.164955,0.244397,-0.0794416,False,0.0908635,0.402777,0.436154,0.113948,0.189068,0.119883,0.402171,0.237963,0.246914,0.255755,7.76445e-10,1.19999,1.1495,0.0334494,0.233444
174,train,23,0,True,True,0.287738,0.202137,0.0856012,0.326726,0.238791,-0.000199283,0.00328101,0.287843,0.202244,True,0.49321425,0.287738,0.202137,0.0856012,True,0.287841,0.20224,0.0856011,True,0.287847,0.202248,0.0855999,True,0.770113,0.473998,0.604056,0.755224,0.421596,0.138322,0.137644,0.644761,0.328181,0.329012,1.2,7.76472e-10,1.14951,0.190637,0.0353298
175,train,55,1,True,True,0.164084,0.246875,-0.0827902,0.284763,0.19966,0.0255936,0.0237404,0.24698,0.164193,False,0.288436375,0.164084,0.246875,-0.0827902,False,0.164187,0.246977,-0.0827905,False,0.164195,0.246984,-0.0827888,False,0.10672,0.473012,0.469743,0.127738,0.256922,0.143785,0.435427,0.294144,0.327273,0.327643,1.2,7.76472e-10,1.14951,0.034176,0.236472
176,train,24,0,True,True,0.284993,0.165732,0.119261,0.323906,0.201354,0.0242377,0.0227948,0.285097,0.16584,True,0.35681999999999997,0.284993,0.165732,0.119261,True,0.285095,0.165834,0.119261,True,0.285102,0.165843,0.119258,True,0.516789,0.262486,0.42709,0.516068,0.296973,0.399473,0.14388,0.291801,0.327272,0.327617,7.76472e-10,1.2,1.14951,0.161681,0.0354009
177,train,56,1,True,True,0.215283,0.244378,-0.0290953,0.282197,0.252302,0.00313796,0.00458978,0.244483,0.215389,False,0.3319903,0.215283,0.244378,-0.0290953,False,0.215385,0.24448,-0.0290953,False,0.215392,0.244487,-0.0290948,False,0.0835114,0.48009,0.460324,0.210826,0.454942,0.2032,0.440416,0.322613,0.328289,0.328475,1.2,7.76472e-10,1.14951,0.0331933,0.24606
178,train,25,0,True,True,0.287233,0.165052,0.12218,0.326206,0.200654,0.0233905,0.0233786,0.287337,0.16516,True,0.560572375,0.287233,0.165052,0.12218,True,0.287335,0.165154,0.122181,True,0.287342,0.165163,0.122178,True,0.50609,0.566316,0.698648,0.753646,0.289464,0.770113,0.251963,0.648339,0.327391,0.327475,7.76472e-10,1.2,1.14951,0.161001,0.0353241
179,train,57,1,True,True,0.213844,0.247589,-0.033745,0.285497,0.250824,0.00269166,0.00454974,0.247695,0.213951,False,0.36300319999999997,0.213844,0.247589,-0.033745,False,0.213947,0.247692,-0.0337449,False,0.213954,0.247699,-0.0337446,False,0.0818106,0.48645,0.483783,0.251085,0.484802,0.354263,0.420878,0.340954,0.328138,0.328263,1.2,7.76472e-10,1.14951,0.0331557,0.250311
180,train,26,0,True,True,0.286795,0.209524,0.0772712,0.325757,0.246384,-0.00187896,0.00293415,0.286899,0.20963,True,0.560400125,0.286795,0.209524,0.0772712,True,0.286897,0.209626,0.0772709,True,0.286904,0.209634,0.0772699,True,0.436849,0.770112,0.681453,0.713739,0.770113,0.151298,0.22418,0.735457,0.32858,0.329105,1.2,7.76472e-10,1.14951,0.199927,0.0354079
181,train,58,1,True,True,0.188568,0.250442,-0.0618736,0.288426,0.22484,0.00118941,0.00538364,0.250547,0.188675,False,0.30504495000000004,0.188568,0.250442,-0.0618736,False,0.188671,0.250544,-0.0618736,False,0.188678,0.250551,-0.0618724,False,0.0908086,0.483583,0.467344,0.172846,0.377791,0.10718,0.425727,0.31508,0.328548,0.328623,7.76472e-10,1.2,1.14951,0.0343539,0.240366
182,train,27,0,True,True,0.287653,0.150491,0.137162,0.326638,0.185675,-0.00114303,0.00573313,0.287757,0.1506,True,0.5420527500000001,0.287653,0.150491,0.137162,True,0.287756,0.150593,0.137162,True,0.287762,0.150602,0.13716,True,0.770112,0.770114,0.770114,0.770114,0.241903,0.12439,0.119561,0.770114,0.328483,0.329564,7.76472e-10,1.2,1.14951,0.145078,0.035505
183,train,59,1,True,True,0.208727,0.165362,0.0433651,0.200974,0.245565,0.0263239,0.0237198,0.16547,0.208834,True,0.235791625,0.208727,0.165362,0.0433651,True,0.20883,0.165465,0.0433653,True,0.208837,0.165473,0.0433642,True,0.082853,0.247884,0.142691,0.288773,0.750944,0.118654,0.138684,0.11585,0.327417,0.327913,1.2,7.76472e-10,1.14951,0.0327639,0.160902
184,train,28,0,True,True,0.291122,0.155329,0.135793,0.330199,0.190652,0.000858315,0.00550869,0.291226,0.155437,True,0.36707737499999993,0.291122,0.155329,0.135793,True,0.291225,0.155431,0.135794,True,0.291231,0.15544,0.135791,True,0.52447,0.365733,0.453304,0.600734,0.118889,0.344019,0.136189,0.393281,0.327999,0.329267,7.76472e-10,1.2,1.14951,0.150536,0.0331876
185,train,60,1,True,True,0.118987,0.127096,-0.00810847,0.161596,0.153247,0.0119387,0.0109224,0.127205,0.119096,False,0.1511760125,0.118987,0.127096,-0.00810847,False,0.119089,0.127197,-0.00810875,False,0.119098,0.127207,-0.00810878,False,0.209429,0.0830459,0.168639,0.236886,0.0841124,0.264663,0.0826328,0.08,0.329858,0.331105,1.2,7.76472e-10,1.14951,0.0329078,0.125435
186,train,29,0,True,True,0.290815,0.148318,0.142497,0.329884,0.183438,0.00160244,0.00702978,0.290919,0.148426,True,0.36093624999999996,0.290815,0.148318,0.142497,True,0.290918,0.14842,0.142498,True,0.290924,0.148429,0.142495,True,0.531274,0.502889,0.534256,0.557204,0.152056,0.089561,0.157529,0.362721,0.32791,0.329529,7.76472e-10,1.2,1.14951,0.143042,0.0321397
187,train,61,1,True,True,0.130083,0.137213,-0.00712985,0.17201,0.164671,0.00999114,0.0102133,0.137322,0.130192,False,0.19387995,0.130083,0.137213,-0.00712985,False,0.130185,0.137315,-0.00713004,False,0.130195,0.137325,-0.00712996,False,0.0863096,0.241792,0.27736,0.148773,0.247982,0.215356,0.199654,0.133813,0.32941,0.329932,1.2,7.76472e-10,1.14951,0.0327157,0.129067
188,train,30,0,True,True,0.293804,0.147565,0.146239,0.332953,0.182664,0.00340038,0.0067906,0.293909,0.147674,True,0.4866560000000001,0.293804,0.147565,0.146239,True,0.293907,0.147667,0.14624,True,0.293914,0.147676,0.146237,True,0.743989,0.637715,0.708511,0.703339,0.198008,0.152937,0.1903,0.558449,0.327556,0.329621,7.76472e-10,1.2,1.14951,0.142558,0.0324236
189,train,62,1,True,True,0.191034,0.23986,-0.048826,0.277557,0.227376,0.00668469,0.00665715,0.239966,0.191141,False,0.282842625,0.191034,0.23986,-0.048826,False,0.191137,0.239963,-0.048826,False,0.191144,0.23997,-0.0488253,False,0.08203,0.405599,0.394167,0.173139,0.384138,0.142556,0.412841,0.268271,0.327668,0.328356,1.2,7.76472e-10,1.14951,0.0326858,0.240048
190,train,31,0,True,True,0.248997,0.209335,0.0396615,0.286942,0.24619,0.0137252,0.00356145,0.249102,0.209442,True,0.315127875,0.248997,0.209335,0.0396615,True,0.249099,0.209438,0.0396614,True,0.249106,0.209445,0.0396611,True,0.291619,0.360851,0.342939,0.426903,0.444661,0.192956,0.107367,0.353727,0.326492,0.32906,1.2,7.76472e-10,1.14951,0.199686,0.0352191
191,train,63,1,True,True,0.214124,0.262752,-0.0486279,0.30107,0.251112,0.0140456,0.0117076,0.262856,0.21423,False,0.331628375,0.214124,0.262752,-0.0486279,False,0.214227,0.262854,-0.0486276,False,0.214234,0.262861,-0.0486267,False,0.306762,0.236775,0.145135,0.56106,0.770111,0.239122,0.139169,0.254893,0.326427,0.327634,7.76472e-10,1.2,1.14951,0.0344063,0.26978
192,final_eval,0,0,False,False,0.290854,0.147034,0.143821,0.329924,0.182117,0.00674113,0.00752583,0.290959,0.147142,True,0.44785987499999996,0.290854,0.147034,0.143821,True,0.290957,0.147136,0.143821,True,0.290963,0.147145,0.143819,True,0.741245,0.57729,0.633202,0.770111,0.107267,0.142146,0.109099,0.502519,0.327103,0.329433,1.2,7.76472e-10,,,
193,final_eval,1,0,False,False,0.287084,0.152921,0.134163,0.326053,0.188175,0.00516251,0.00771274,0.287188,0.15303,True,0.383877,0.287084,0.152921,0.134163,True,0.287186,0.153023,0.134163,True,0.287192,0.153032,0.13416,True,0.632611,0.475342,0.540965,0.624457,0.124163,0.08,0.282379,0.311099,0.32734,0.328822,1.2,7.76472e-10,,,
194,final_eval,2,0,False,False,0.285091,0.152213,0.132878,0.324007,0.187446,0.00682678,0.00746952,0.285195,0.152322,True,0.29886775000000004,0.285091,0.152213,0.132878,True,0.285194,0.152315,0.132878,True,0.2852,0.152324,0.132875,True,0.460496,0.315118,0.428067,0.491527,0.139719,0.324761,0.106536,0.124718,0.327147,0.328936,1.2,7.76472e-10,,,
195,final_eval,3,0,False,False,0.273029,0.152199,0.120831,0.311623,0.187431,0.0264361,0.0264639,0.273134,0.152307,True,0.34778837500000004,0.273029,0.152199,0.120831,True,0.273132,0.152301,0.120831,True,0.273138,0.15231,0.120829,True,0.465983,0.392788,0.363332,0.423047,0.177356,0.430341,0.224457,0.305003,0.326884,0.327123,7.76472e-10,1.2,,,
196,final_eval,4,0,False,False,0.287054,0.149937,0.137116,0.326023,0.185104,0.0046046,0.00690203,0.287158,0.150046,True,0.383445,0.287054,0.149937,0.137116,True,0.287156,0.150039,0.137117,True,0.287163,0.150049,0.137114,True,0.584164,0.47028,0.462056,0.628547,0.255224,0.176976,0.145681,0.344632,0.3274,0.329191,1.2,7.76472e-10,,,
197,final_eval,5,0,False,False,0.28432,0.152223,0.132096,0.323215,0.187457,0.02637,0.0262938,0.284424,0.152332,True,0.37133174999999996,0.28432,0.152223,0.132096,True,0.284422,0.152326,0.132097,True,0.284429,0.152335,0.132094,True,0.543454,0.493438,0.523504,0.44525,0.181826,0.385814,0.148522,0.248846,0.326903,0.327201,7.76472e-10,1.2,,,
198,final_eval,6,0,False,False,0.290802,0.183975,0.106827,0.329871,0.220118,0.0258685,0.024372,0.290907,0.184083,True,0.543639625,0.290802,0.183975,0.106827,True,0.290905,0.184078,0.106827,True,0.290912,0.184086,0.106826,True,0.676339,0.66374,0.770112,0.650108,0.375466,0.351668,0.149631,0.712053,0.326936,0.327375,7.76472e-10,1.2,,,
199,final_eval,7,0,False,False,0.287062,0.18209,0.104972,0.326031,0.218179,0.00802806,0.00486871,0.287167,0.182198,True,0.42723375,0.287062,0.18209,0.104972,True,0.287165,0.182193,0.104972,True,0.287171,0.182201,0.104971,True,0.580763,0.423695,0.455836,0.753179,0.370996,0.391278,0.100993,0.34113,0.326861,0.328664,1.2,7.76472e-10,,,
200,final_eval,8,0,False,False,0.287015,0.177025,0.10999,0.325982,0.21297,0.0260049,0.024489,0.287119,0.177133,True,0.41991187500000005,0.287015,0.177025,0.10999,True,0.287117,0.177128,0.10999,True,0.287124,0.177136,0.109988,True,0.464831,0.474401,0.515151,0.632988,0.357854,0.426654,0.152887,0.334529,0.326916,0.327358,7.76472e-10,1.2,,,
201,final_eval,9,0,False,False,0.290916,0.167438,0.123478,0.329987,0.203109,0.00830592,0.00534763,0.29102,0.167546,True,0.5125388500000001,0.290916,0.167438,0.123478,True,0.291018,0.16754,0.123478,True,0.291025,0.167549,0.123476,True,0.715184,0.569406,0.590993,0.770113,0.328889,0.269307,0.0863048,0.770114,0.326814,0.328716,7.76472e-10,1.2,,,
202,final_eval,10,0,False,False,0.289722,0.14924,0.140482,0.328762,0.184387,0.00632599,0.00704291,0.289826,0.149349,True,0.34533500000000006,0.289722,0.14924,0.140482,True,0.289825,0.149342,0.140483,True,0.289831,0.149351,0.14048,True,0.460057,0.36972,0.432466,0.52793,0.162337,0.257971,0.106189,0.44601,0.327147,0.329222,7.76472e-10,1.2,,,
203,final_eval,11,0,False,False,0.290748,0.152224,0.138523,0.329814,0.187457,0.00629619,0.0066734,0.290852,0.152333,True,0.40108024999999997,0.290748,0.152224,0.138523,True,0.29085,0.152326,0.138524,True,0.290857,0.152335,0.138521,True,0.521068,0.418723,0.488581,0.608506,0.171098,0.317522,0.128222,0.554922,0.327095,0.32909,1.2,7.76472e-10,,,
204,final_eval,12,0,False,False,0.291231,0.152423,0.138808,0.33031,0.187662,0.0117828,0.0069694,0.291335,0.152531,True,0.49262754999999997,0.291231,0.152423,0.138808,True,0.291333,0.152525,0.138808,True,0.29134,0.152534,0.138806,True,0.685667,0.646988,0.616585,0.599858,0.0876884,0.560507,0.109723,0.634004,0.326445,0.329012,7.76472e-10,1.2,,,
205,final_eval,13,0,False,False,0.291026,0.14826,0.142766,0.330101,0.183379,0.00790485,0.00746886,0.29113,0.148369,True,0.41943698749999997,0.291026,0.14826,0.142766,True,0.291129,0.148363,0.142766,True,0.291135,0.148372,0.142764,True,0.599362,0.50374,0.580641,0.650401,0.0920689,0.244312,0.18933,0.495641,0.326943,0.329221,1.2,7.76472e-10,,,
206,final_eval,14,0,False,False,0.289756,0.214741,0.0750143,0.328796,0.251746,0.00572308,0.00296771,0.28986,0.214848,True,0.5126675,0.289756,0.214741,0.0750143,True,0.289858,0.214844,0.0750141,True,0.289865,0.214851,0.0750133,True,0.423736,0.592923,0.632225,0.63737,0.432503,0.537697,0.160092,0.684794,0.327119,0.328833,1.2,7.76472e-10,,,
207,final_eval,15,0,False,False,0.290798,0.146986,0.143812,0.329867,0.182069,0.00448381,0.00736788,0.290903,0.147095,True,0.456683375,0.290798,0.146986,0.143812,True,0.290901,0.147089,0.143812,True,0.290907,0.147098,0.14381,True,0.618181,0.572318,0.6045,0.673188,0.185134,0.114966,0.123926,0.761254,0.327396,0.32947,7.76472e-10,1.2,,,
208,final_eval,16,0,False,False,0.249489,0.159543,0.0899462,0.287448,0.194988,0.00873508,0.00667532,0.249594,0.159652,True,0.30304525,0.249489,0.159543,0.0899462,True,0.249592,0.159645,0.0899465,True,0.249599,0.159654,0.0899444,True,0.22759,0.408197,0.427667,0.31717,0.305109,0.211941,0.203672,0.323016,0.327111,0.328772,1.2,7.76472e-10,,,
209,final_eval,17,0,False,False,0.290791,0.151413,0.139378,0.32986,0.186623,0.0260234,0.0260623,0.290896,0.151522,True,0.4892795,0.290791,0.151413,0.139378,True,0.290894,0.151515,0.139379,True,0.290901,0.151524,0.139376,True,0.640951,0.717267,0.770112,0.685167,0.108697,0.284195,0.178522,0.529325,0.326944,0.327239,1.2,7.76472e-10,,,
210,final_eval,18,0,False,False,0.287633,0.228253,0.0593799,0.326618,0.265632,0.00513955,0.00222121,0.287738,0.228359,True,0.650416125,0.287633,0.228253,0.0593799,True,0.287736,0.228356,0.0593799,True,0.287743,0.228363,0.0593794,True,0.396961,0.770113,0.770114,0.710292,0.629719,0.710614,0.445404,0.770112,0.327205,0.328604,1.2,7.76472e-10,,,
211,final_eval,19,0,False,False,0.290826,0.15583,0.134996,0.329896,0.191168,0.00512784,0.00624215,0.29093,0.155939,True,0.531151375,0.290826,0.15583,0.134996,True,0.290929,0.155933,0.134996,True,0.290935,0.155942,0.134994,True,0.770114,0.613438,0.73708,0.770114,0.288301,0.178341,0.121709,0.770114,0.327242,0.32899,7.76472e-10,1.2,,,
212,final_eval,20,0,False,False,0.290813,0.152309,0.138504,0.329882,0.187546,0.0080208,0.00682928,0.290918,0.152418,True,0.529248625,0.290813,0.152309,0.138504,True,0.290916,0.152412,0.138504,True,0.290923,0.152421,0.138502,True,0.75562,0.482195,0.633557,0.770113,0.106731,0.619649,0.159538,0.706586,0.326884,0.329053,1.2,7.76472e-10,,,
213,final_eval,21,0,False,False,0.287008,0.152225,0.134782,0.325975,0.187459,0.0083437,0.006899,0.287112,0.152334,True,0.3978995,0.287008,0.152225,0.134782,True,0.28711,0.152328,0.134783,True,0.287117,0.152337,0.13478,True,0.618181,0.473595,0.444862,0.551244,0.122733,0.505327,0.128291,0.338963,0.326874,0.329043,7.76472e-10,1.2,,,
214,final_eval,22,0,False,False,0.287041,0.169501,0.11754,0.32601,0.205231,0.00625782,0.00568886,0.287145,0.169609,True,0.512520375,0.287041,0.169501,0.11754,True,0.287144,0.169603,0.117541,True,0.28715,0.169612,0.117538,True,0.572917,0.476237,0.588594,0.770112,0.330766,0.770112,0.260624,0.330801,0.327074,0.328447,1.2,7.76472e-10,,,
215,final_eval,23,0,False,False,0.290781,0.2093,0.0814804,0.329849,0.246154,0.0259104,0.0244631,0.290885,0.209407,True,0.49321425,0.290781,0.2093,0.0814804,True,0.290883,0.209403,0.0814803,True,0.29089,0.20941,0.0814794,True,0.770113,0.473998,0.604056,0.755224,0.421596,0.138322,0.137644,0.644761,0.326965,0.327463,1.2,7.76472e-10,,,
216,final_eval,24,0,False,False,0.284998,0.160616,0.124382,0.323911,0.196091,0.00728316,0.00640644,0.285102,0.160724,True,0.35681999999999997,0.284998,0.160616,0.124382,True,0.2851,0.160718,0.124382,True,0.285107,0.160727,0.12438,True,0.516789,0.262486,0.42709,0.516068,0.296973,0.399473,0.14388,0.291801,0.326997,0.328599,7.76472e-10,1.2,,,
217,final_eval,25,0,False,False,0.290748,0.160221,0.130528,0.329815,0.195684,0.00573183,0.00603821,0.290853,0.160329,True,0.5605725,0.290748,0.160221,0.130528,True,0.290851,0.160323,0.130528,True,0.290857,0.160332,0.130526,True,0.50609,0.566316,0.698648,0.753646,0.289464,0.770114,0.251963,0.648339,0.327113,0.328557,1.2,7.76472e-10,,,
218,final_eval,26,0,False,False,0.290513,0.22844,0.062073,0.329574,0.265824,0.0259799,0.0243326,0.290618,0.228546,True,0.560400125,0.290513,0.22844,0.062073,True,0.290616,0.228543,0.0620727,True,0.290622,0.22855,0.0620723,True,0.436849,0.770112,0.681453,0.713739,0.770113,0.151298,0.22418,0.735457,0.326952,0.327441,7.76472e-10,1.2,,,
219,final_eval,27,0,False,False,0.29082,0.148424,0.142396,0.329889,0.183548,0.00422331,0.00697228,0.290924,0.148533,True,0.5420527500000001,0.29082,0.148424,0.142396,True,0.290923,0.148527,0.142396,True,0.290929,0.148536,0.142393,True,0.770112,0.770114,0.770114,0.770114,0.241903,0.12439,0.119561,0.770114,0.32743,0.329302,1.2,7.76472e-10,,,
220,final_eval,28,0,False,False,0.286911,0.152202,0.134709,0.325876,0.187434,0.0262537,0.0262469,0.287015,0.152311,True,0.36707737499999993,0.286911,0.152202,0.134709,True,0.287014,0.152304,0.13471,True,0.28702,0.152313,0.134707,True,0.52447,0.365733,0.453304,0.600734,0.118889,0.344019,0.136189,0.393281,0.326908,0.327208,7.76472e-10,1.2,,,
221,final_eval,29,0,False,False,0.286993,0.147005,0.139988,0.325961,0.182087,0.0050712,0.00778768,0.287098,0.147114,True,0.36093624999999996,0.286993,0.147005,0.139988,True,0.287096,0.147107,0.139989,True,0.287103,0.147116,0.139987,True,0.531274,0.502889,0.534256,0.557204,0.152056,0.089561,0.157529,0.362721,0.32735,0.329371,7.76472e-10,1.2,,,
222,final_eval,30,0,False,False,0.290769,0.147008,0.143761,0.329836,0.18209,0.00403462,0.0072051,0.290873,0.147116,True,0.4866560000000001,0.290769,0.147008,0.143761,True,0.290871,0.14711,0.143761,True,0.290878,0.147119,0.143759,True,0.743989,0.637715,0.708511,0.703339,0.198008,0.152937,0.1903,0.558449,0.327456,0.329505,1.2,7.76472e-10,,,
223,final_eval,31,0,False,False,0.248232,0.220004,0.0282279,0.286157,0.257155,0.0125101,0.00320258,0.248338,0.22011,True,0.315127875,0.248232,0.220004,0.0282279,True,0.248335,0.220107,0.0282279,True,0.248342,0.220114,0.0282277,True,0.291619,0.360851,0.342939,0.426903,0.444661,0.192956,0.107367,0.353727,0.326587,0.328969,7.76472e-10,1.2,,,
224,final_eval,32,1,False,False,0.228607,0.241179,-0.0125721,0.278911,0.265995,0.00775997,0.00424108,0.241285,0.228713,False,0.3103241375,0.228607,0.241179,-0.0125721,False,0.22871,0.241282,-0.0125721,False,0.228717,0.241289,-0.0125721,False,0.0938811,0.456305,0.374484,0.163556,0.490971,0.26999,0.367252,0.266154,0.327393,0.328443,7.76472e-10,1.2,,,
225,final_eval,33,1,False,False,0.170998,0.2635,-0.0925013,0.301837,0.206771,0.0383421,0.0393831,0.263604,0.171106,False,0.2686391125,0.170998,0.2635,-0.0925013,False,0.171101,0.263602,-0.0925014,False,0.171109,0.263609,-0.0924995,False,0.361298,0.0966629,0.122031,0.492813,0.349183,0.300039,0.218776,0.20831,0.292673,0.284376,1.2,7.76471e-10,,,
226,final_eval,34,1,False,False,0.156816,0.238434,-0.0816183,0.276092,0.192182,0.00638011,0.00941235,0.23854,0.156925,False,0.247402075,0.156816,0.238434,-0.0816183,False,0.156918,0.238537,-0.0816188,False,0.156927,0.238544,-0.081617,False,0.0838406,0.400537,0.39741,0.10904,0.266488,0.131902,0.385266,0.204733,0.32796,0.328372,7.76472e-10,1.2,,,
227,final_eval,35,1,False,False,0.15931,0.280809,-0.121499,0.319611,0.194748,0.0118318,0.0105603,0.280913,0.159418,False,0.28502317499999996,0.15931,0.280809,-0.121499,False,0.159412,0.280912,-0.1215,False,0.159421,0.280918,-0.121497,False,0.497202,0.08,0.0873754,0.571344,0.284368,0.089561,0.410277,0.260058,0.326706,0.328185,7.76472e-10,1.2,,,
228,final_eval,36,1,False,False,0.156992,0.272845,-0.115853,0.311435,0.192364,0.00961153,0.0076307,0.27295,0.157101,False,0.46690777499999997,0.156992,0.272845,-0.115853,False,0.157095,0.272948,-0.115853,False,0.157103,0.272954,-0.115851,False,0.16197,0.684524,0.770111,0.221052,0.0829502,0.459844,0.75628,0.598531,0.32692,0.328679,1.2,7.76472e-10,,,
229,final_eval,37,1,False,False,0.152429,0.264906,-0.112477,0.303282,0.187669,0.0258839,0.0256391,0.265011,0.152538,False,0.335890875,0.152429,0.264906,-0.112477,False,0.152531,0.265009,-0.112478,False,0.15254,0.265016,-0.112476,False,0.102989,0.509698,0.564957,0.103372,0.107356,0.134907,0.770114,0.393734,0.327187,0.327466,7.76472e-10,1.2,,,
230,final_eval,38,1,False,False,0.184778,0.280648,-0.0958699,0.319446,0.220943,0.00792055,0.00496846,0.280753,0.184886,False,0.382305125,0.184778,0.280648,-0.0958699,False,0.184881,0.280751,-0.0958699,False,0.184889,0.280757,-0.0958684,False,0.370735,0.363315,0.391723,0.528047,0.377254,0.374888,0.202841,0.449638,0.326909,0.328631,1.2,7.76472e-10,,,
231,final_eval,39,1,False,False,0.153987,0.177814,-0.0238269,0.213782,0.189271,0.0120179,0.011195,0.177922,0.154096,False,0.20175882499999997,0.153987,0.177814,-0.0238269,False,0.154089,0.177917,-0.0238274,False,0.154098,0.177925,-0.0238266,False,0.0808779,0.279686,0.34867,0.0841486,0.0901021,0.181483,0.39448,0.154623,0.327938,0.328357,7.76472e-10,1.2,,,
232,final_eval,40,1,False,False,0.152647,0.193038,-0.0403909,0.229436,0.187893,0.00957944,0.00963212,0.193145,0.152755,False,0.21241474999999999,0.152647,0.193038,-0.0403909,False,0.152749,0.19314,-0.0403913,False,0.152758,0.193148,-0.0403901,False,0.133549,0.283897,0.37404,0.08,0.19023,0.105815,0.336074,0.195713,0.328179,0.328707,7.76472e-10,1.2,,,
233,final_eval,41,1,False,False,0.187955,0.201759,-0.0138038,0.238402,0.22421,0.00918015,0.00643011,0.201866,0.188063,False,0.24675849999999996,0.187955,0.201759,-0.0138038,False,0.188058,0.201862,-0.0138037,False,0.188066,0.20187,-0.0138039,False,0.105732,0.36215,0.325922,0.165835,0.384943,0.156351,0.267067,0.206068,0.327632,0.328678,7.76472e-10,1.2,,,
234,final_eval,42,1,False,False,0.116772,0.125836,-0.0090644,0.1603,0.150968,0.0126093,0.0118105,0.125946,0.116881,False,0.18587850000000003,0.116772,0.125836,-0.0090644,False,0.116874,0.125938,-0.00906461,False,0.116883,0.125948,-0.00906458,False,0.212831,0.207436,0.26523,0.224674,0.113793,0.145288,0.128915,0.188861,0.329677,0.330862,1.2,7.76472e-10,,,
235,final_eval,43,1,False,False,0.228554,0.214627,0.0139267,0.251629,0.265941,0.00863731,0.00414169,0.214734,0.22866,True,0.272829875,0.228554,0.214627,0.0139267,True,0.228657,0.21473,0.0139268,True,0.228664,0.214737,0.0139265,True,0.11078,0.257738,0.13034,0.399908,0.770114,0.240898,0.097806,0.175055,0.327816,0.329034,1.2,7.76472e-10,,,
236,final_eval,44,1,False,False,0.230202,0.280337,-0.050135,0.319127,0.267634,0.0088986,0.00492411,0.280441,0.230308,False,0.32688025,0.230202,0.280337,-0.050135,False,0.230305,0.28044,-0.0501349,False,0.230311,0.280446,-0.0501342,False,0.463514,0.106965,0.08,0.646135,0.52235,0.243356,0.304203,0.248519,0.327085,0.328485,1.2,7.76472e-10,,,
237,final_eval,45,1,False,False,0.111011,0.126765,-0.0157539,0.161255,0.145034,0.0127459,0.0125583,0.126874,0.11112,False,0.16899925000000002,0.111011,0.126765,-0.0157539,False,0.111112,0.126867,-0.0157545,False,0.111121,0.126876,-0.0157545,False,0.229949,0.132228,0.173526,0.267329,0.185581,0.149795,0.08,0.133586,0.329851,0.331698,7.76472e-10,1.2,,,
238,final_eval,46,1,False,False,0.228298,0.223174,0.0051242,0.260411,0.265677,0.0132648,0.00376665,0.22328,0.228403,True,0.31425375,0.228298,0.223174,0.0051242,True,0.2284,0.223276,0.00512418,True,0.228407,0.223284,0.00512345,True,0.099258,0.348219,0.354446,0.303381,0.520741,0.456976,0.180046,0.250963,0.326662,0.328585,1.2,7.76472e-10,,,
239,final_eval,47,1,False,False,0.228826,0.231626,-0.00279953,0.269097,0.266221,0.00704847,0.00440031,0.231732,0.228933,False,0.268208325,0.228826,0.231626,-0.00279953,False,0.228929,0.231729,-0.0027994,False,0.228936,0.231736,-0.00279951,False,0.162354,0.228891,0.0978166,0.426085,0.770113,0.161678,0.13612,0.162609,0.328129,0.3292,1.2,7.76472e-10,,,
240,final_eval,48,1,False,False,0.230058,0.188193,0.0418644,0.224455,0.267485,0.00987646,0.00460475,0.188301,0.230163,True,0.253805,0.230058,0.188193,0.0418644,True,0.23016,0.188296,0.0418644,True,0.230167,0.188304,0.0418631,True,0.08,0.351668,0.279981,0.202821,0.554981,0.115102,0.24642,0.199467,0.327719,0.328821,7.76472e-10,1.2,,,
241,final_eval,49,1,False,False,0.228404,0.286846,-0.0584426,0.325809,0.265786,0.0261418,0.0237335,0.28695,0.228509,False,0.493244125,0.228404,0.286846,-0.0584426,False,0.228506,0.286949,-0.0584424,False,0.228513,0.286955,-0.0584419,False,0.437398,0.585711,0.328765,0.48025,0.766049,0.770114,0.148938,0.428728,0.326893,0.327465,7.76472e-10,1.2,,,
242,final_eval,50,1,False,False,0.152716,0.259586,-0.10687,0.297819,0.187964,0.0521497,0.0472194,0.259691,0.152825,False,0.25741375,0.152716,0.259586,-0.10687,False,0.152819,0.259689,-0.10687,False,0.152827,0.259696,-0.106868,False,0.121863,0.439552,0.500355,0.112137,0.08,0.123707,0.406674,0.275022,0.100647,0.188944,7.76471e-10,1.2,,,
243,final_eval,51,1,False,False,0.230275,0.161298,0.0689773,0.196793,0.267709,0.0116148,0.0057722,0.161406,0.230381,True,0.208235925,0.230275,0.161298,0.0689773,True,0.230378,0.1614,0.0689775,True,0.230384,0.161409,0.068976,True,0.0934422,0.186428,0.10577,0.280885,0.673256,0.147746,0.0947575,0.0836027,0.328254,0.328961,1.2,7.76472e-10,,,
244,final_eval,52,1,False,False,0.14677,0.150367,-0.00359759,0.185547,0.181846,0.0110335,0.009603,0.150476,0.146879,False,0.19452275,0.14677,0.150367,-0.00359759,False,0.146872,0.15047,-0.00359765,False,0.146881,0.150479,-0.0035978,False,0.08,0.25617,0.274205,0.152513,0.299029,0.186263,0.182402,0.1256,0.328397,0.329082,1.2,7.76472e-10,,,
245,final_eval,53,1,False,False,0.156673,0.286068,-0.129395,0.325011,0.192035,0.00630692,0.00661002,0.286172,0.156782,False,0.36896112499999995,0.156673,0.286068,-0.129395,False,0.156775,0.286171,-0.129395,False,0.156784,0.286177,-0.129393,False,0.490344,0.306697,0.332631,0.596352,0.292771,0.227785,0.206721,0.498388,0.327133,0.32884,1.2,7.76472e-10,,,
246,final_eval,54,1,False,False,0.152572,0.250414,-0.0978423,0.288398,0.187816,0.00526382,0.00917764,0.25052,0.152681,False,0.2491034375,0.152572,0.250414,-0.0978423,False,0.152674,0.250517,-0.0978427,False,0.152683,0.250524,-0.0978406,False,0.0908635,0.402777,0.436154,0.113948,0.189068,0.119883,0.402171,0.237963,0.328164,0.328833,7.76472e-10,1.2,,,
247,final_eval,55,1,False,False,0.154799,0.258258,-0.103459,0.296455,0.190107,0.00556437,0.00833861,0.258363,0.154908,False,0.288436375,0.154799,0.258258,-0.103459,False,0.154901,0.258361,-0.10346,False,0.15491,0.258368,-0.103457,False,0.10672,0.473012,0.469743,0.127738,0.256922,0.143785,0.435427,0.294144,0.327722,0.328703,1.2,7.76472e-10,,,
248,final_eval,56,1,False,False,0.225285,0.258159,-0.0328738,0.296352,0.262581,0.00605497,0.00434058,0.258264,0.225391,False,0.3319903,0.225285,0.258159,-0.0328738,False,0.225388,0.258261,-0.0328737,False,0.225395,0.258268,-0.0328732,False,0.0835114,0.48009,0.460324,0.210826,0.454942,0.2032,0.440416,0.322613,0.327532,0.328544,1.2,7.76472e-10,,,
249,final_eval,57,1,False,False,0.229681,0.259034,-0.0293531,0.297252,0.267098,0.00794653,0.00431581,0.259139,0.229787,False,0.36300319999999997,0.229681,0.259034,-0.0293531,False,0.229784,0.259137,-0.0293531,False,0.229791,0.259143,-0.0293528,False,0.0818106,0.48645,0.483783,0.251085,0.484802,0.354263,0.420878,0.340954,0.327138,0.328284,1.2,7.76472e-10,,,
250,final_eval,58,1,False,False,0.188824,0.258238,-0.0694138,0.296434,0.225103,0.027949,0.0254235,0.258343,0.188932,False,0.30504495000000004,0.188824,0.258238,-0.0694138,False,0.188927,0.258341,-0.0694138,False,0.188935,0.258347,-0.0694126,False,0.0908086,0.483583,0.467344,0.172846,0.377791,0.10718,0.425727,0.31508,0.326804,0.327723,7.76472e-10,1.2,,,
251,final_eval,59,1,False,False,0.229993,0.164314,0.0656789,0.199896,0.267419,0.0305563,0.024866,0.164422,0.230098,True,0.235791625,0.229993,0.164314,0.0656789,True,0.230095,0.164416,0.0656791,True,0.230102,0.164425,0.0656775,True,0.082853,0.247884,0.142691,0.288773,0.750944,0.118654,0.138684,0.11585,0.326327,0.327641,7.76472e-10,1.2,,,
252,final_eval,60,1,False,False,0.119363,0.128415,-0.00905222,0.162955,0.153636,0.0141172,0.0115503,0.128525,0.119473,False,0.1511760125,0.119363,0.128415,-0.00905222,False,0.119465,0.128517,-0.00905243,False,0.119474,0.128527,-0.00905244,False,0.209429,0.0830459,0.168639,0.236886,0.0841124,0.264663,0.0826328,0.08,0.329175,0.330783,7.76472e-10,1.2,,,
253,final_eval,61,1,False,False,0.130255,0.138031,-0.0077765,0.172852,0.164848,0.0111628,0.010528,0.13814,0.130364,False,0.19387995,0.130255,0.138031,-0.0077765,False,0.130357,0.138133,-0.00777671,False,0.130366,0.138143,-0.00777662,False,0.0863096,0.241792,0.27736,0.148773,0.247982,0.215356,0.199654,0.133813,0.329037,0.329781,7.76472e-10,1.2,,,
254,final_eval,62,1,False,False,0.192473,0.238771,-0.0462985,0.276438,0.228855,0.00734996,0.00684997,0.238877,0.19258,False,0.282842625,0.192473,0.238771,-0.0462985,False,0.192575,0.238874,-0.0462985,False,0.192583,0.238881,-0.0462978,False,0.08203,0.405599,0.394167,0.173139,0.384138,0.142556,0.412841,0.268271,0.327543,0.328302,1.2,7.76472e-10,,,
255,final_eval,63,1,False,False,0.228492,0.2622,-0.0337077,0.300503,0.265878,0.0134786,0.0101889,0.262304,0.228598,False,0.331628375,0.228492,0.2622,-0.0337077,False,0.228595,0.262302,-0.0337073,False,0.228602,0.262309,-0.0337068,False,0.306762,0.236775,0.145135,0.56106,0.770111,0.239122,0.139169,0.254893,0.326443,0.327609,7.76472e-10,1.2,,,
