image_size,block_size,stride,blocks,channels,local_features,train_samples,test_samples,lr_spice,equivalent_lr_torch_mse_tanh,update_noise_std,seed,epoch,test_accuracy,test_correct,trial_wall_time_s,weight_values,local_bias_values,readout_values,output_bias_values,train_state_values,gradient_state_values,temporary_state_values,phase_state_values,multiply_terms_per_sample
10,5,2,9,2,18,2000,1000,0.03,0.15,0.0,0,1,0.487,487,0.11211795800000024,450,18,180,10,658,658,56,1372,630
10,5,2,9,2,18,2000,1000,0.03,0.15,0.0,0,2,0.797,797,0.21095845800000035,450,18,180,10,658,658,56,1372,630
10,5,2,9,2,18,2000,1000,0.03,0.15,0.0,0,3,0.815,815,0.3105298750000003,450,18,180,10,658,658,56,1372,630
10,5,2,9,2,18,2000,1000,0.03,0.15,0.0,0,4,0.84,840,0.4220090000000001,450,18,180,10,658,658,56,1372,630
10,5,2,9,2,18,2000,1000,0.03,0.15,0.0,0,5,0.852,852,0.5304480410000001,450,18,180,10,658,658,56,1372,630
10,5,2,9,2,18,2000,1000,0.03,0.15,0.0,0,6,0.857,857,0.6288350410000003,450,18,180,10,658,658,56,1372,630
10,5,2,9,2,18,2000,1000,0.03,0.15,0.0,0,7,0.882,882,0.726072083,450,18,180,10,658,658,56,1372,630
10,5,2,9,2,18,2000,1000,0.03,0.15,0.0,0,8,0.868,868,0.8237922910000002,450,18,180,10,658,658,56,1372,630
10,5,2,9,2,18,2000,1000,0.03,0.15,0.0,0,9,0.878,878,0.9210565830000004,450,18,180,10,658,658,56,1372,630
10,5,2,9,2,18,2000,1000,0.03,0.15,0.0,0,10,0.879,879,1.018421875,450,18,180,10,658,658,56,1372,630
10,5,2,9,2,18,2000,1000,0.03,0.15,0.0,0,11,0.884,884,1.1162605000000005,450,18,180,10,658,658,56,1372,630
10,5,2,9,2,18,2000,1000,0.03,0.15,0.0,0,12,0.895,895,1.2147746659999998,450,18,180,10,658,658,56,1372,630
10,5,2,9,2,18,2000,1000,0.03,0.15,0.0,0,13,0.895,895,1.3130477910000002,450,18,180,10,658,658,56,1372,630
10,5,2,9,2,18,2000,1000,0.03,0.15,0.0,0,14,0.896,896,1.4126721249999998,450,18,180,10,658,658,56,1372,630
10,5,2,9,2,18,2000,1000,0.03,0.15,0.0,0,15,0.897,897,1.5142698329999997,450,18,180,10,658,658,56,1372,630
10,5,2,9,2,18,2000,1000,0.03,0.15,0.0,0,16,0.897,897,1.613157583,450,18,180,10,658,658,56,1372,630
10,5,2,9,2,18,2000,1000,0.03,0.15,0.0,0,17,0.896,896,1.7118907499999998,450,18,180,10,658,658,56,1372,630
10,5,2,9,2,18,2000,1000,0.03,0.15,0.0,0,18,0.901,901,1.8109076659999999,450,18,180,10,658,658,56,1372,630
10,5,2,9,2,18,2000,1000,0.03,0.15,0.0,0,19,0.889,889,1.9093157079999998,450,18,180,10,658,658,56,1372,630
10,5,2,9,2,18,2000,1000,0.03,0.15,0.0,0,20,0.904,904,2.007884125,450,18,180,10,658,658,56,1372,630
10,5,2,9,2,18,2000,1000,0.03,0.15,0.0,0,21,0.899,899,2.1058212080000005,450,18,180,10,658,658,56,1372,630
10,5,2,9,2,18,2000,1000,0.03,0.15,0.0,0,22,0.899,899,2.203812875,450,18,180,10,658,658,56,1372,630
10,5,2,9,2,18,2000,1000,0.03,0.15,0.0,0,23,0.899,899,2.30171375,450,18,180,10,658,658,56,1372,630
10,5,2,9,2,18,2000,1000,0.03,0.15,0.0,0,24,0.895,895,2.3993708750000002,450,18,180,10,658,658,56,1372,630
10,5,2,9,2,18,2000,1000,0.03,0.15,0.0,0,25,0.907,907,2.4971483330000006,450,18,180,10,658,658,56,1372,630
10,5,2,9,2,18,2000,1000,0.03,0.15,0.0,0,26,0.894,894,2.59604525,450,18,180,10,658,658,56,1372,630
10,5,2,9,2,18,2000,1000,0.03,0.15,0.0,0,27,0.896,896,2.693194208,450,18,180,10,658,658,56,1372,630
10,5,2,9,2,18,2000,1000,0.03,0.15,0.0,0,28,0.912,912,2.7907926250000004,450,18,180,10,658,658,56,1372,630
10,5,2,9,2,18,2000,1000,0.03,0.15,0.0,0,29,0.899,899,2.8878019160000004,450,18,180,10,658,658,56,1372,630
10,5,2,9,2,18,2000,1000,0.03,0.15,0.0,0,30,0.907,907,2.9848520000000005,450,18,180,10,658,658,56,1372,630
10,5,2,9,2,18,2000,1000,0.03,0.15,0.0,0,31,0.898,898,3.081894166,450,18,180,10,658,658,56,1372,630
10,5,2,9,2,18,2000,1000,0.03,0.15,0.0,0,32,0.895,895,3.17887125,450,18,180,10,658,658,56,1372,630
10,5,2,9,2,18,2000,1000,0.03,0.15,0.0,0,33,0.91,910,3.2763922500000002,450,18,180,10,658,658,56,1372,630
10,5,2,9,2,18,2000,1000,0.03,0.15,0.0,0,34,0.9,900,3.3734292080000006,450,18,180,10,658,658,56,1372,630
10,5,2,9,2,18,2000,1000,0.03,0.15,0.0,0,35,0.909,909,3.471125041,450,18,180,10,658,658,56,1372,630
10,5,2,9,2,18,2000,1000,0.03,0.15,0.0,0,36,0.905,905,3.568740833,450,18,180,10,658,658,56,1372,630
10,5,2,9,2,18,2000,1000,0.03,0.15,0.0,0,37,0.907,907,3.665762833,450,18,180,10,658,658,56,1372,630
10,5,2,9,2,18,2000,1000,0.03,0.15,0.0,0,38,0.906,906,3.762654291,450,18,180,10,658,658,56,1372,630
10,5,2,9,2,18,2000,1000,0.03,0.15,0.0,0,39,0.907,907,3.859560875,450,18,180,10,658,658,56,1372,630
10,5,2,9,2,18,2000,1000,0.03,0.15,0.0,0,40,0.905,905,3.9563332910000004,450,18,180,10,658,658,56,1372,630
10,5,2,9,2,18,2000,1000,0.03,0.15,0.0,0,41,0.904,904,4.053096708,450,18,180,10,658,658,56,1372,630
10,5,2,9,2,18,2000,1000,0.03,0.15,0.0,0,42,0.904,904,4.149839541,450,18,180,10,658,658,56,1372,630
10,5,2,9,2,18,2000,1000,0.03,0.15,0.0,0,43,0.901,901,4.246648916,450,18,180,10,658,658,56,1372,630
10,5,2,9,2,18,2000,1000,0.03,0.15,0.0,0,44,0.906,906,4.343852708,450,18,180,10,658,658,56,1372,630
10,5,2,9,2,18,2000,1000,0.03,0.15,0.0,0,45,0.896,896,4.440854207999999,450,18,180,10,658,658,56,1372,630
10,5,2,9,2,18,2000,1000,0.03,0.15,0.0,0,46,0.905,905,4.5378064160000005,450,18,180,10,658,658,56,1372,630
10,5,2,9,2,18,2000,1000,0.03,0.15,0.0,0,47,0.907,907,4.6347281250000005,450,18,180,10,658,658,56,1372,630
10,5,2,9,2,18,2000,1000,0.03,0.15,0.0,0,48,0.901,901,4.731644375,450,18,180,10,658,658,56,1372,630
10,5,2,9,2,18,2000,1000,0.03,0.15,0.0,0,49,0.908,908,4.828697,450,18,180,10,658,658,56,1372,630
10,5,2,9,2,18,2000,1000,0.03,0.15,0.0,0,50,0.912,912,4.925591208,450,18,180,10,658,658,56,1372,630
10,5,2,9,2,18,2000,1000,0.03,0.15,0.0,0,51,0.904,904,5.022636916,450,18,180,10,658,658,56,1372,630
10,5,2,9,2,18,2000,1000,0.03,0.15,0.0,0,52,0.909,909,5.119825833,450,18,180,10,658,658,56,1372,630
10,5,2,9,2,18,2000,1000,0.03,0.15,0.0,0,53,0.911,911,5.217442250000001,450,18,180,10,658,658,56,1372,630
10,5,2,9,2,18,2000,1000,0.03,0.15,0.0,0,54,0.909,909,5.315184916,450,18,180,10,658,658,56,1372,630
10,5,2,9,2,18,2000,1000,0.03,0.15,0.0,0,55,0.896,896,5.419502000000001,450,18,180,10,658,658,56,1372,630
10,5,2,9,2,18,2000,1000,0.03,0.15,0.0,0,56,0.907,907,5.520073458000001,450,18,180,10,658,658,56,1372,630
10,5,2,9,2,18,2000,1000,0.03,0.15,0.0,0,57,0.91,910,5.616937,450,18,180,10,658,658,56,1372,630
10,5,2,9,2,18,2000,1000,0.03,0.15,0.0,0,58,0.905,905,5.713531916000001,450,18,180,10,658,658,56,1372,630
10,5,2,9,2,18,2000,1000,0.03,0.15,0.0,0,59,0.91,910,5.809930041000001,450,18,180,10,658,658,56,1372,630
10,5,2,9,2,18,2000,1000,0.03,0.15,0.0,0,60,0.91,910,5.906309541000001,450,18,180,10,658,658,56,1372,630
10,5,2,9,2,18,2000,1000,0.03,0.15,0.0001,0,1,0.475,475,0.1270221669999998,450,18,180,10,658,658,56,1372,630
10,5,2,9,2,18,2000,1000,0.03,0.15,0.0001,0,2,0.795,795,0.24748745900000024,450,18,180,10,658,658,56,1372,630
10,5,2,9,2,18,2000,1000,0.03,0.15,0.0001,0,3,0.842,842,0.36708991700000126,450,18,180,10,658,658,56,1372,630
10,5,2,9,2,18,2000,1000,0.03,0.15,0.0001,0,4,0.816,816,0.48582620900000073,450,18,180,10,658,658,56,1372,630
10,5,2,9,2,18,2000,1000,0.03,0.15,0.0001,0,5,0.863,863,0.6112520000000004,450,18,180,10,658,658,56,1372,630
10,5,2,9,2,18,2000,1000,0.03,0.15,0.0001,0,6,0.864,864,0.7351071670000007,450,18,180,10,658,658,56,1372,630
10,5,2,9,2,18,2000,1000,0.03,0.15,0.0001,0,7,0.858,858,0.858013917000001,450,18,180,10,658,658,56,1372,630
10,5,2,9,2,18,2000,1000,0.03,0.15,0.0001,0,8,0.879,879,0.9811657500000006,450,18,180,10,658,658,56,1372,630
10,5,2,9,2,18,2000,1000,0.03,0.15,0.0001,0,9,0.864,864,1.1036349590000007,450,18,180,10,658,658,56,1372,630
10,5,2,9,2,18,2000,1000,0.03,0.15,0.0001,0,10,0.884,884,1.2261434170000012,450,18,180,10,658,658,56,1372,630
10,5,2,9,2,18,2000,1000,0.03,0.15,0.0001,0,11,0.882,882,1.348276417000001,450,18,180,10,658,658,56,1372,630
10,5,2,9,2,18,2000,1000,0.03,0.15,0.0001,0,12,0.896,896,1.470743959,450,18,180,10,658,658,56,1372,630
10,5,2,9,2,18,2000,1000,0.03,0.15,0.0001,0,13,0.895,895,1.5941027089999995,450,18,180,10,658,658,56,1372,630
10,5,2,9,2,18,2000,1000,0.03,0.15,0.0001,0,14,0.898,898,1.7184700839999998,450,18,180,10,658,658,56,1372,630
10,5,2,9,2,18,2000,1000,0.03,0.15,0.0001,0,15,0.909,909,1.8419098340000009,450,18,180,10,658,658,56,1372,630
10,5,2,9,2,18,2000,1000,0.03,0.15,0.0001,0,16,0.899,899,1.9648052499999995,450,18,180,10,658,658,56,1372,630
10,5,2,9,2,18,2000,1000,0.03,0.15,0.0001,0,17,0.903,903,2.0874429170000006,450,18,180,10,658,658,56,1372,630
10,5,2,9,2,18,2000,1000,0.03,0.15,0.0001,0,18,0.9,900,2.2099765839999996,450,18,180,10,658,658,56,1372,630
10,5,2,9,2,18,2000,1000,0.03,0.15,0.0001,0,19,0.903,903,2.3323923749999995,450,18,180,10,658,658,56,1372,630
10,5,2,9,2,18,2000,1000,0.03,0.15,0.0001,0,20,0.902,902,2.454749167000001,450,18,180,10,658,658,56,1372,630
10,5,2,9,2,18,2000,1000,0.03,0.15,0.0001,0,21,0.903,903,2.5770539590000006,450,18,180,10,658,658,56,1372,630
10,5,2,9,2,18,2000,1000,0.03,0.15,0.0001,0,22,0.906,906,2.699411542,450,18,180,10,658,658,56,1372,630
10,5,2,9,2,18,2000,1000,0.03,0.15,0.0001,0,23,0.909,909,2.8217286250000004,450,18,180,10,658,658,56,1372,630
10,5,2,9,2,18,2000,1000,0.03,0.15,0.0001,0,24,0.905,905,2.940830667,450,18,180,10,658,658,56,1372,630
10,5,2,9,2,18,2000,1000,0.03,0.15,0.0001,0,25,0.9,900,3.0627735840000003,450,18,180,10,658,658,56,1372,630
10,5,2,9,2,18,2000,1000,0.03,0.15,0.0001,0,26,0.907,907,3.1846295839999996,450,18,180,10,658,658,56,1372,630
10,5,2,9,2,18,2000,1000,0.03,0.15,0.0001,0,27,0.908,908,3.304039167000001,450,18,180,10,658,658,56,1372,630
10,5,2,9,2,18,2000,1000,0.03,0.15,0.0001,0,28,0.906,906,3.4240670840000007,450,18,180,10,658,658,56,1372,630
10,5,2,9,2,18,2000,1000,0.03,0.15,0.0001,0,29,0.902,902,3.543288834,450,18,180,10,658,658,56,1372,630
10,5,2,9,2,18,2000,1000,0.03,0.15,0.0001,0,30,0.907,907,3.662429584,450,18,180,10,658,658,56,1372,630
10,5,2,9,2,18,2000,1000,0.03,0.15,0.0001,0,31,0.893,893,3.7816782500000006,450,18,180,10,658,658,56,1372,630
10,5,2,9,2,18,2000,1000,0.03,0.15,0.0001,0,32,0.903,903,3.905723084,450,18,180,10,658,658,56,1372,630
10,5,2,9,2,18,2000,1000,0.03,0.15,0.0001,0,33,0.908,908,4.024867125,450,18,180,10,658,658,56,1372,630
10,5,2,9,2,18,2000,1000,0.03,0.15,0.0001,0,34,0.916,916,4.145616084,450,18,180,10,658,658,56,1372,630
10,5,2,9,2,18,2000,1000,0.03,0.15,0.0001,0,35,0.909,909,4.272797000000001,450,18,180,10,658,658,56,1372,630
10,5,2,9,2,18,2000,1000,0.03,0.15,0.0001,0,36,0.909,909,4.3973235840000005,450,18,180,10,658,658,56,1372,630
10,5,2,9,2,18,2000,1000,0.03,0.15,0.0001,0,37,0.904,904,4.5171410000000005,450,18,180,10,658,658,56,1372,630
10,5,2,9,2,18,2000,1000,0.03,0.15,0.0001,0,38,0.903,903,4.636674625000001,450,18,180,10,658,658,56,1372,630
10,5,2,9,2,18,2000,1000,0.03,0.15,0.0001,0,39,0.915,915,4.755765542000001,450,18,180,10,658,658,56,1372,630
10,5,2,9,2,18,2000,1000,0.03,0.15,0.0001,0,40,0.91,910,4.874718459,450,18,180,10,658,658,56,1372,630
10,5,2,9,2,18,2000,1000,0.03,0.15,0.0001,0,41,0.915,915,4.993731042,450,18,180,10,658,658,56,1372,630
10,5,2,9,2,18,2000,1000,0.03,0.15,0.0001,0,42,0.91,910,5.1157822920000005,450,18,180,10,658,658,56,1372,630
10,5,2,9,2,18,2000,1000,0.03,0.15,0.0001,0,43,0.903,903,5.237554834000001,450,18,180,10,658,658,56,1372,630
10,5,2,9,2,18,2000,1000,0.03,0.15,0.0001,0,44,0.91,910,5.359281875000001,450,18,180,10,658,658,56,1372,630
10,5,2,9,2,18,2000,1000,0.03,0.15,0.0001,0,45,0.909,909,5.480897084,450,18,180,10,658,658,56,1372,630
10,5,2,9,2,18,2000,1000,0.03,0.15,0.0001,0,46,0.916,916,5.6032917090000005,450,18,180,10,658,658,56,1372,630
10,5,2,9,2,18,2000,1000,0.03,0.15,0.0001,0,47,0.912,912,5.74187025,450,18,180,10,658,658,56,1372,630
10,5,2,9,2,18,2000,1000,0.03,0.15,0.0001,0,48,0.907,907,5.892601209,450,18,180,10,658,658,56,1372,630
10,5,2,9,2,18,2000,1000,0.03,0.15,0.0001,0,49,0.916,916,6.013744750000001,450,18,180,10,658,658,56,1372,630
10,5,2,9,2,18,2000,1000,0.03,0.15,0.0001,0,50,0.912,912,6.133911834000001,450,18,180,10,658,658,56,1372,630
10,5,2,9,2,18,2000,1000,0.03,0.15,0.0001,0,51,0.908,908,6.2539194590000005,450,18,180,10,658,658,56,1372,630
10,5,2,9,2,18,2000,1000,0.03,0.15,0.0001,0,52,0.914,914,6.374739042,450,18,180,10,658,658,56,1372,630
10,5,2,9,2,18,2000,1000,0.03,0.15,0.0001,0,53,0.914,914,6.4952140840000006,450,18,180,10,658,658,56,1372,630
10,5,2,9,2,18,2000,1000,0.03,0.15,0.0001,0,54,0.91,910,6.615442542,450,18,180,10,658,658,56,1372,630
10,5,2,9,2,18,2000,1000,0.03,0.15,0.0001,0,55,0.905,905,6.734851459,450,18,180,10,658,658,56,1372,630
10,5,2,9,2,18,2000,1000,0.03,0.15,0.0001,0,56,0.91,910,6.853089334,450,18,180,10,658,658,56,1372,630
10,5,2,9,2,18,2000,1000,0.03,0.15,0.0001,0,57,0.917,917,6.971414584,450,18,180,10,658,658,56,1372,630
10,5,2,9,2,18,2000,1000,0.03,0.15,0.0001,0,58,0.909,909,7.089164,450,18,180,10,658,658,56,1372,630
10,5,2,9,2,18,2000,1000,0.03,0.15,0.0001,0,59,0.915,915,7.208617375000001,450,18,180,10,658,658,56,1372,630
10,5,2,9,2,18,2000,1000,0.03,0.15,0.0001,0,60,0.916,916,7.327552584000001,450,18,180,10,658,658,56,1372,630
10,5,2,9,2,18,2000,1000,0.03,0.15,0.0003,0,1,0.485,485,0.15106249999999832,450,18,180,10,658,658,56,1372,630
10,5,2,9,2,18,2000,1000,0.03,0.15,0.0003,0,2,0.808,808,0.288434917,450,18,180,10,658,658,56,1372,630
10,5,2,9,2,18,2000,1000,0.03,0.15,0.0003,0,3,0.819,819,0.4113140840000007,450,18,180,10,658,658,56,1372,630
10,5,2,9,2,18,2000,1000,0.03,0.15,0.0003,0,4,0.852,852,0.5312029169999981,450,18,180,10,658,658,56,1372,630
10,5,2,9,2,18,2000,1000,0.03,0.15,0.0003,0,5,0.86,860,0.6502619589999981,450,18,180,10,658,658,56,1372,630
10,5,2,9,2,18,2000,1000,0.03,0.15,0.0003,0,6,0.86,860,0.7741324170000006,450,18,180,10,658,658,56,1372,630
10,5,2,9,2,18,2000,1000,0.03,0.15,0.0003,0,7,0.873,873,0.89342525,450,18,180,10,658,658,56,1372,630
10,5,2,9,2,18,2000,1000,0.03,0.15,0.0003,0,8,0.867,867,1.0124510839999985,450,18,180,10,658,658,56,1372,630
10,5,2,9,2,18,2000,1000,0.03,0.15,0.0003,0,9,0.876,876,1.1357796250000014,450,18,180,10,658,658,56,1372,630
10,5,2,9,2,18,2000,1000,0.03,0.15,0.0003,0,10,0.89,890,1.2554426250000006,450,18,180,10,658,658,56,1372,630
10,5,2,9,2,18,2000,1000,0.03,0.15,0.0003,0,11,0.894,894,1.3746390839999982,450,18,180,10,658,658,56,1372,630
10,5,2,9,2,18,2000,1000,0.03,0.15,0.0003,0,12,0.874,874,1.492999084000001,450,18,180,10,658,658,56,1372,630
10,5,2,9,2,18,2000,1000,0.03,0.15,0.0003,0,13,0.889,889,1.6112520840000002,450,18,180,10,658,658,56,1372,630
10,5,2,9,2,18,2000,1000,0.03,0.15,0.0003,0,14,0.892,892,1.729263249999999,450,18,180,10,658,658,56,1372,630
10,5,2,9,2,18,2000,1000,0.03,0.15,0.0003,0,15,0.902,902,1.8476192090000012,450,18,180,10,658,658,56,1372,630
10,5,2,9,2,18,2000,1000,0.03,0.15,0.0003,0,16,0.885,885,1.9657454170000008,450,18,180,10,658,658,56,1372,630
10,5,2,9,2,18,2000,1000,0.03,0.15,0.0003,0,17,0.886,886,2.0850901670000006,450,18,180,10,658,658,56,1372,630
10,5,2,9,2,18,2000,1000,0.03,0.15,0.0003,0,18,0.889,889,2.2046455840000014,450,18,180,10,658,658,56,1372,630
10,5,2,9,2,18,2000,1000,0.03,0.15,0.0003,0,19,0.897,897,2.323964,450,18,180,10,658,658,56,1372,630
10,5,2,9,2,18,2000,1000,0.03,0.15,0.0003,0,20,0.903,903,2.446964209000001,450,18,180,10,658,658,56,1372,630
10,5,2,9,2,18,2000,1000,0.03,0.15,0.0003,0,21,0.895,895,2.573132916999999,450,18,180,10,658,658,56,1372,630
10,5,2,9,2,18,2000,1000,0.03,0.15,0.0003,0,22,0.891,891,2.6930827919999984,450,18,180,10,658,658,56,1372,630
10,5,2,9,2,18,2000,1000,0.03,0.15,0.0003,0,23,0.892,892,2.8128144169999985,450,18,180,10,658,658,56,1372,630
10,5,2,9,2,18,2000,1000,0.03,0.15,0.0003,0,24,0.888,888,2.931249459,450,18,180,10,658,658,56,1372,630
10,5,2,9,2,18,2000,1000,0.03,0.15,0.0003,0,25,0.901,901,3.049615208999999,450,18,180,10,658,658,56,1372,630
10,5,2,9,2,18,2000,1000,0.03,0.15,0.0003,0,26,0.903,903,3.1676960839999992,450,18,180,10,658,658,56,1372,630
10,5,2,9,2,18,2000,1000,0.03,0.15,0.0003,0,27,0.886,886,3.2858822090000004,450,18,180,10,658,658,56,1372,630
10,5,2,9,2,18,2000,1000,0.03,0.15,0.0003,0,28,0.9,900,3.4039667089999988,450,18,180,10,658,658,56,1372,630
10,5,2,9,2,18,2000,1000,0.03,0.15,0.0003,0,29,0.903,903,3.522019541999999,450,18,180,10,658,658,56,1372,630
10,5,2,9,2,18,2000,1000,0.03,0.15,0.0003,0,30,0.9,900,3.6400489170000014,450,18,180,10,658,658,56,1372,630
10,5,2,9,2,18,2000,1000,0.03,0.15,0.0003,0,31,0.894,894,3.758492209,450,18,180,10,658,658,56,1372,630
10,5,2,9,2,18,2000,1000,0.03,0.15,0.0003,0,32,0.905,905,3.8795302919999983,450,18,180,10,658,658,56,1372,630
10,5,2,9,2,18,2000,1000,0.03,0.15,0.0003,0,33,0.894,894,3.999314292000001,450,18,180,10,658,658,56,1372,630
10,5,2,9,2,18,2000,1000,0.03,0.15,0.0003,0,34,0.895,895,4.118984999999999,450,18,180,10,658,658,56,1372,630
10,5,2,9,2,18,2000,1000,0.03,0.15,0.0003,0,35,0.905,905,4.243807458999999,450,18,180,10,658,658,56,1372,630
10,5,2,9,2,18,2000,1000,0.03,0.15,0.0003,0,36,0.903,903,4.367720417000001,450,18,180,10,658,658,56,1372,630
10,5,2,9,2,18,2000,1000,0.03,0.15,0.0003,0,37,0.91,910,4.491817375,450,18,180,10,658,658,56,1372,630
10,5,2,9,2,18,2000,1000,0.03,0.15,0.0003,0,38,0.905,905,4.614949166999999,450,18,180,10,658,658,56,1372,630
10,5,2,9,2,18,2000,1000,0.03,0.15,0.0003,0,39,0.899,899,4.737718791999999,450,18,180,10,658,658,56,1372,630
10,5,2,9,2,18,2000,1000,0.03,0.15,0.0003,0,40,0.908,908,4.860336125,450,18,180,10,658,658,56,1372,630
10,5,2,9,2,18,2000,1000,0.03,0.15,0.0003,0,41,0.896,896,4.984356792,450,18,180,10,658,658,56,1372,630
10,5,2,9,2,18,2000,1000,0.03,0.15,0.0003,0,42,0.901,901,5.106470375000001,450,18,180,10,658,658,56,1372,630
10,5,2,9,2,18,2000,1000,0.03,0.15,0.0003,0,43,0.907,907,5.228026875000001,450,18,180,10,658,658,56,1372,630
10,5,2,9,2,18,2000,1000,0.03,0.15,0.0003,0,44,0.897,897,5.349549208999999,450,18,180,10,658,658,56,1372,630
10,5,2,9,2,18,2000,1000,0.03,0.15,0.0003,0,45,0.911,911,5.471782791999999,450,18,180,10,658,658,56,1372,630
10,5,2,9,2,18,2000,1000,0.03,0.15,0.0003,0,46,0.91,910,5.594137750000002,450,18,180,10,658,658,56,1372,630
10,5,2,9,2,18,2000,1000,0.03,0.15,0.0003,0,47,0.91,910,5.715940917000001,450,18,180,10,658,658,56,1372,630
10,5,2,9,2,18,2000,1000,0.03,0.15,0.0003,0,48,0.895,895,5.837520625,450,18,180,10,658,658,56,1372,630
10,5,2,9,2,18,2000,1000,0.03,0.15,0.0003,0,49,0.9,900,5.958950584,450,18,180,10,658,658,56,1372,630
10,5,2,9,2,18,2000,1000,0.03,0.15,0.0003,0,50,0.9,900,6.079545124999999,450,18,180,10,658,658,56,1372,630
10,5,2,9,2,18,2000,1000,0.03,0.15,0.0003,0,51,0.909,909,6.200170917000001,450,18,180,10,658,658,56,1372,630
10,5,2,9,2,18,2000,1000,0.03,0.15,0.0003,0,52,0.906,906,6.320772667,450,18,180,10,658,658,56,1372,630
10,5,2,9,2,18,2000,1000,0.03,0.15,0.0003,0,53,0.904,904,6.441650584000001,450,18,180,10,658,658,56,1372,630
10,5,2,9,2,18,2000,1000,0.03,0.15,0.0003,0,54,0.896,896,6.562355833999998,450,18,180,10,658,658,56,1372,630
10,5,2,9,2,18,2000,1000,0.03,0.15,0.0003,0,55,0.905,905,6.682840417000001,450,18,180,10,658,658,56,1372,630
10,5,2,9,2,18,2000,1000,0.03,0.15,0.0003,0,56,0.905,905,6.803376749999998,450,18,180,10,658,658,56,1372,630
10,5,2,9,2,18,2000,1000,0.03,0.15,0.0003,0,57,0.905,905,6.923589624999998,450,18,180,10,658,658,56,1372,630
10,5,2,9,2,18,2000,1000,0.03,0.15,0.0003,0,58,0.901,901,7.041617542000001,450,18,180,10,658,658,56,1372,630
10,5,2,9,2,18,2000,1000,0.03,0.15,0.0003,0,59,0.906,906,7.162834374999999,450,18,180,10,658,658,56,1372,630
10,5,2,9,2,18,2000,1000,0.03,0.15,0.0003,0,60,0.908,908,7.2868470840000015,450,18,180,10,658,658,56,1372,630
10,5,2,9,2,18,2000,1000,0.03,0.15,0.001,0,1,0.496,496,0.12419812499999949,450,18,180,10,658,658,56,1372,630
10,5,2,9,2,18,2000,1000,0.03,0.15,0.001,0,2,0.747,747,0.24803125000000037,450,18,180,10,658,658,56,1372,630
10,5,2,9,2,18,2000,1000,0.03,0.15,0.001,0,3,0.842,842,0.37366208299999926,450,18,180,10,658,658,56,1372,630
10,5,2,9,2,18,2000,1000,0.03,0.15,0.001,0,4,0.844,844,0.4937038749999978,450,18,180,10,658,658,56,1372,630
10,5,2,9,2,18,2000,1000,0.03,0.15,0.001,0,5,0.836,836,0.612839417,450,18,180,10,658,658,56,1372,630
10,5,2,9,2,18,2000,1000,0.03,0.15,0.001,0,6,0.864,864,0.7321161670000009,450,18,180,10,658,658,56,1372,630
10,5,2,9,2,18,2000,1000,0.03,0.15,0.001,0,7,0.864,864,0.8513517499999992,450,18,180,10,658,658,56,1372,630
10,5,2,9,2,18,2000,1000,0.03,0.15,0.001,0,8,0.877,877,0.9731624170000011,450,18,180,10,658,658,56,1372,630
10,5,2,9,2,18,2000,1000,0.03,0.15,0.001,0,9,0.886,886,1.0929920829999986,450,18,180,10,658,658,56,1372,630
10,5,2,9,2,18,2000,1000,0.03,0.15,0.001,0,10,0.892,892,1.2137217500000013,450,18,180,10,658,658,56,1372,630
10,5,2,9,2,18,2000,1000,0.03,0.15,0.001,0,11,0.879,879,1.3335987080000002,450,18,180,10,658,658,56,1372,630
10,5,2,9,2,18,2000,1000,0.03,0.15,0.001,0,12,0.887,887,1.4532967499999998,450,18,180,10,658,658,56,1372,630
10,5,2,9,2,18,2000,1000,0.03,0.15,0.001,0,13,0.886,886,1.5719604169999997,450,18,180,10,658,658,56,1372,630
10,5,2,9,2,18,2000,1000,0.03,0.15,0.001,0,14,0.896,896,1.690997582999998,450,18,180,10,658,658,56,1372,630
10,5,2,9,2,18,2000,1000,0.03,0.15,0.001,0,15,0.902,902,1.809927375000001,450,18,180,10,658,658,56,1372,630
10,5,2,9,2,18,2000,1000,0.03,0.15,0.001,0,16,0.886,886,1.9287475829999998,450,18,180,10,658,658,56,1372,630
10,5,2,9,2,18,2000,1000,0.03,0.15,0.001,0,17,0.903,903,2.047332000000001,450,18,180,10,658,658,56,1372,630
10,5,2,9,2,18,2000,1000,0.03,0.15,0.001,0,18,0.902,902,2.169387916999998,450,18,180,10,658,658,56,1372,630
10,5,2,9,2,18,2000,1000,0.03,0.15,0.001,0,19,0.902,902,2.2936279579999983,450,18,180,10,658,658,56,1372,630
10,5,2,9,2,18,2000,1000,0.03,0.15,0.001,0,20,0.909,909,2.420983833000001,450,18,180,10,658,658,56,1372,630
10,5,2,9,2,18,2000,1000,0.03,0.15,0.001,0,21,0.904,904,2.5460565419999988,450,18,180,10,658,658,56,1372,630
10,5,2,9,2,18,2000,1000,0.03,0.15,0.001,0,22,0.906,906,2.670920542000001,450,18,180,10,658,658,56,1372,630
10,5,2,9,2,18,2000,1000,0.03,0.15,0.001,0,23,0.9,900,2.797146167000001,450,18,180,10,658,658,56,1372,630
10,5,2,9,2,18,2000,1000,0.03,0.15,0.001,0,24,0.904,904,2.922415333,450,18,180,10,658,658,56,1372,630
10,5,2,9,2,18,2000,1000,0.03,0.15,0.001,0,25,0.912,912,3.0479863750000007,450,18,180,10,658,658,56,1372,630
10,5,2,9,2,18,2000,1000,0.03,0.15,0.001,0,26,0.904,904,3.1712162920000004,450,18,180,10,658,658,56,1372,630
10,5,2,9,2,18,2000,1000,0.03,0.15,0.001,0,27,0.905,905,3.2954484169999994,450,18,180,10,658,658,56,1372,630
10,5,2,9,2,18,2000,1000,0.03,0.15,0.001,0,28,0.905,905,3.4184967079999993,450,18,180,10,658,658,56,1372,630
10,5,2,9,2,18,2000,1000,0.03,0.15,0.001,0,29,0.905,905,3.5443151670000006,450,18,180,10,658,658,56,1372,630
10,5,2,9,2,18,2000,1000,0.03,0.15,0.001,0,30,0.903,903,3.668757541999998,450,18,180,10,658,658,56,1372,630
10,5,2,9,2,18,2000,1000,0.03,0.15,0.001,0,31,0.915,915,3.792854417000001,450,18,180,10,658,658,56,1372,630
10,5,2,9,2,18,2000,1000,0.03,0.15,0.001,0,32,0.913,913,3.9171644579999985,450,18,180,10,658,658,56,1372,630
10,5,2,9,2,18,2000,1000,0.03,0.15,0.001,0,33,0.904,904,4.042883582999998,450,18,180,10,658,658,56,1372,630
10,5,2,9,2,18,2000,1000,0.03,0.15,0.001,0,34,0.905,905,4.166190083,450,18,180,10,658,658,56,1372,630
10,5,2,9,2,18,2000,1000,0.03,0.15,0.001,0,35,0.907,907,4.28984925,450,18,180,10,658,658,56,1372,630
10,5,2,9,2,18,2000,1000,0.03,0.15,0.001,0,36,0.903,903,4.413305583,450,18,180,10,658,658,56,1372,630
10,5,2,9,2,18,2000,1000,0.03,0.15,0.001,0,37,0.906,906,4.5378366670000005,450,18,180,10,658,658,56,1372,630
10,5,2,9,2,18,2000,1000,0.03,0.15,0.001,0,38,0.911,911,4.66516575,450,18,180,10,658,658,56,1372,630
10,5,2,9,2,18,2000,1000,0.03,0.15,0.001,0,39,0.904,904,4.793919500000001,450,18,180,10,658,658,56,1372,630
10,5,2,9,2,18,2000,1000,0.03,0.15,0.001,0,40,0.91,910,4.921300332999998,450,18,180,10,658,658,56,1372,630
10,5,2,9,2,18,2000,1000,0.03,0.15,0.001,0,41,0.907,907,5.052140832999999,450,18,180,10,658,658,56,1372,630
10,5,2,9,2,18,2000,1000,0.03,0.15,0.001,0,42,0.907,907,5.182096250000001,450,18,180,10,658,658,56,1372,630
10,5,2,9,2,18,2000,1000,0.03,0.15,0.001,0,43,0.907,907,5.30970825,450,18,180,10,658,658,56,1372,630
10,5,2,9,2,18,2000,1000,0.03,0.15,0.001,0,44,0.906,906,5.436827749999999,450,18,180,10,658,658,56,1372,630
10,5,2,9,2,18,2000,1000,0.03,0.15,0.001,0,45,0.906,906,5.560458874999998,450,18,180,10,658,658,56,1372,630
10,5,2,9,2,18,2000,1000,0.03,0.15,0.001,0,46,0.905,905,5.6860494169999996,450,18,180,10,658,658,56,1372,630
10,5,2,9,2,18,2000,1000,0.03,0.15,0.001,0,47,0.904,904,5.812897750000001,450,18,180,10,658,658,56,1372,630
10,5,2,9,2,18,2000,1000,0.03,0.15,0.001,0,48,0.904,904,5.937729042000001,450,18,180,10,658,658,56,1372,630
10,5,2,9,2,18,2000,1000,0.03,0.15,0.001,0,49,0.906,906,6.063252667,450,18,180,10,658,658,56,1372,630
10,5,2,9,2,18,2000,1000,0.03,0.15,0.001,0,50,0.905,905,6.1879880830000005,450,18,180,10,658,658,56,1372,630
10,5,2,9,2,18,2000,1000,0.03,0.15,0.001,0,51,0.902,902,6.313118624999998,450,18,180,10,658,658,56,1372,630
10,5,2,9,2,18,2000,1000,0.03,0.15,0.001,0,52,0.911,911,6.438552458,450,18,180,10,658,658,56,1372,630
10,5,2,9,2,18,2000,1000,0.03,0.15,0.001,0,53,0.909,909,6.5671888329999994,450,18,180,10,658,658,56,1372,630
10,5,2,9,2,18,2000,1000,0.03,0.15,0.001,0,54,0.911,911,6.694726582999998,450,18,180,10,658,658,56,1372,630
10,5,2,9,2,18,2000,1000,0.03,0.15,0.001,0,55,0.905,905,6.821644583000001,450,18,180,10,658,658,56,1372,630
10,5,2,9,2,18,2000,1000,0.03,0.15,0.001,0,56,0.912,912,6.94898375,450,18,180,10,658,658,56,1372,630
10,5,2,9,2,18,2000,1000,0.03,0.15,0.001,0,57,0.904,904,7.074850083000001,450,18,180,10,658,658,56,1372,630
10,5,2,9,2,18,2000,1000,0.03,0.15,0.001,0,58,0.903,903,7.197847332999999,450,18,180,10,658,658,56,1372,630
10,5,2,9,2,18,2000,1000,0.03,0.15,0.001,0,59,0.91,910,7.320808291999999,450,18,180,10,658,658,56,1372,630
10,5,2,9,2,18,2000,1000,0.03,0.15,0.001,0,60,0.903,903,7.442703167000001,450,18,180,10,658,658,56,1372,630
10,5,2,9,2,18,2000,1000,0.03,0.15,0.003,0,1,0.627,627,0.12819620900000217,450,18,180,10,658,658,56,1372,630
10,5,2,9,2,18,2000,1000,0.03,0.15,0.003,0,2,0.795,795,0.2538971250000017,450,18,180,10,658,658,56,1372,630
10,5,2,9,2,18,2000,1000,0.03,0.15,0.003,0,3,0.829,829,0.3792418750000017,450,18,180,10,658,658,56,1372,630
10,5,2,9,2,18,2000,1000,0.03,0.15,0.003,0,4,0.838,838,0.5053962500000004,450,18,180,10,658,658,56,1372,630
10,5,2,9,2,18,2000,1000,0.03,0.15,0.003,0,5,0.845,845,0.6304316669999999,450,18,180,10,658,658,56,1372,630
10,5,2,9,2,18,2000,1000,0.03,0.15,0.003,0,6,0.857,857,0.7601632920000014,450,18,180,10,658,658,56,1372,630
10,5,2,9,2,18,2000,1000,0.03,0.15,0.003,0,7,0.86,860,0.8881084590000015,450,18,180,10,658,658,56,1372,630
10,5,2,9,2,18,2000,1000,0.03,0.15,0.003,0,8,0.859,859,1.0125878340000014,450,18,180,10,658,658,56,1372,630
10,5,2,9,2,18,2000,1000,0.03,0.15,0.003,0,9,0.859,859,1.1384004169999997,450,18,180,10,658,658,56,1372,630
10,5,2,9,2,18,2000,1000,0.03,0.15,0.003,0,10,0.863,863,1.2631710839999997,450,18,180,10,658,658,56,1372,630
10,5,2,9,2,18,2000,1000,0.03,0.15,0.003,0,11,0.872,872,1.3884281250000043,450,18,180,10,658,658,56,1372,630
10,5,2,9,2,18,2000,1000,0.03,0.15,0.003,0,12,0.873,873,1.5145273340000003,450,18,180,10,658,658,56,1372,630
10,5,2,9,2,18,2000,1000,0.03,0.15,0.003,0,13,0.869,869,1.6390187499999982,450,18,180,10,658,658,56,1372,630
10,5,2,9,2,18,2000,1000,0.03,0.15,0.003,0,14,0.886,886,1.762700584000001,450,18,180,10,658,658,56,1372,630
10,5,2,9,2,18,2000,1000,0.03,0.15,0.003,0,15,0.887,887,1.888791709000003,450,18,180,10,658,658,56,1372,630
10,5,2,9,2,18,2000,1000,0.03,0.15,0.003,0,16,0.885,885,2.0151151250000012,450,18,180,10,658,658,56,1372,630
10,5,2,9,2,18,2000,1000,0.03,0.15,0.003,0,17,0.872,872,2.139448917000003,450,18,180,10,658,658,56,1372,630
10,5,2,9,2,18,2000,1000,0.03,0.15,0.003,0,18,0.875,875,2.2633533340000014,450,18,180,10,658,658,56,1372,630
10,5,2,9,2,18,2000,1000,0.03,0.15,0.003,0,19,0.878,878,2.3861821249999977,450,18,180,10,658,658,56,1372,630
10,5,2,9,2,18,2000,1000,0.03,0.15,0.003,0,20,0.889,889,2.5141142499999987,450,18,180,10,658,658,56,1372,630
10,5,2,9,2,18,2000,1000,0.03,0.15,0.003,0,21,0.891,891,2.656881625000004,450,18,180,10,658,658,56,1372,630
10,5,2,9,2,18,2000,1000,0.03,0.15,0.003,0,22,0.893,893,2.7828531250000026,450,18,180,10,658,658,56,1372,630
10,5,2,9,2,18,2000,1000,0.03,0.15,0.003,0,23,0.893,893,2.9085047499999988,450,18,180,10,658,658,56,1372,630
10,5,2,9,2,18,2000,1000,0.03,0.15,0.003,0,24,0.892,892,3.0319246669999984,450,18,180,10,658,658,56,1372,630
10,5,2,9,2,18,2000,1000,0.03,0.15,0.003,0,25,0.9,900,3.1593073340000046,450,18,180,10,658,658,56,1372,630
10,5,2,9,2,18,2000,1000,0.03,0.15,0.003,0,26,0.892,892,3.2858389169999995,450,18,180,10,658,658,56,1372,630
10,5,2,9,2,18,2000,1000,0.03,0.15,0.003,0,27,0.899,899,3.413519749999999,450,18,180,10,658,658,56,1372,630
10,5,2,9,2,18,2000,1000,0.03,0.15,0.003,0,28,0.881,881,3.5422339170000043,450,18,180,10,658,658,56,1372,630
10,5,2,9,2,18,2000,1000,0.03,0.15,0.003,0,29,0.895,895,3.6693660840000035,450,18,180,10,658,658,56,1372,630
10,5,2,9,2,18,2000,1000,0.03,0.15,0.003,0,30,0.9,900,3.7940105839999987,450,18,180,10,658,658,56,1372,630
10,5,2,9,2,18,2000,1000,0.03,0.15,0.003,0,31,0.9,900,3.9197075419999976,450,18,180,10,658,658,56,1372,630
10,5,2,9,2,18,2000,1000,0.03,0.15,0.003,0,32,0.898,898,4.046535667000001,450,18,180,10,658,658,56,1372,630
10,5,2,9,2,18,2000,1000,0.03,0.15,0.003,0,33,0.899,899,4.173115250000002,450,18,180,10,658,658,56,1372,630
10,5,2,9,2,18,2000,1000,0.03,0.15,0.003,0,34,0.898,898,4.297278208999998,450,18,180,10,658,658,56,1372,630
10,5,2,9,2,18,2000,1000,0.03,0.15,0.003,0,35,0.901,901,4.422139958999999,450,18,180,10,658,658,56,1372,630
10,5,2,9,2,18,2000,1000,0.03,0.15,0.003,0,36,0.903,903,4.546566083999998,450,18,180,10,658,658,56,1372,630
10,5,2,9,2,18,2000,1000,0.03,0.15,0.003,0,37,0.904,904,4.672164416999998,450,18,180,10,658,658,56,1372,630
10,5,2,9,2,18,2000,1000,0.03,0.15,0.003,0,38,0.893,893,4.796909083999999,450,18,180,10,658,658,56,1372,630
10,5,2,9,2,18,2000,1000,0.03,0.15,0.003,0,39,0.897,897,4.920135917000003,450,18,180,10,658,658,56,1372,630
10,5,2,9,2,18,2000,1000,0.03,0.15,0.003,0,40,0.896,896,5.043437125000004,450,18,180,10,658,658,56,1372,630
10,5,2,9,2,18,2000,1000,0.03,0.15,0.003,0,41,0.905,905,5.170615916999999,450,18,180,10,658,658,56,1372,630
10,5,2,9,2,18,2000,1000,0.03,0.15,0.003,0,42,0.903,903,5.294032084000001,450,18,180,10,658,658,56,1372,630
10,5,2,9,2,18,2000,1000,0.03,0.15,0.003,0,43,0.898,898,5.418458708999999,450,18,180,10,658,658,56,1372,630
10,5,2,9,2,18,2000,1000,0.03,0.15,0.003,0,44,0.886,886,5.541870875000001,450,18,180,10,658,658,56,1372,630
10,5,2,9,2,18,2000,1000,0.03,0.15,0.003,0,45,0.895,895,5.664842833999998,450,18,180,10,658,658,56,1372,630
10,5,2,9,2,18,2000,1000,0.03,0.15,0.003,0,46,0.903,903,5.789621084000004,450,18,180,10,658,658,56,1372,630
10,5,2,9,2,18,2000,1000,0.03,0.15,0.003,0,47,0.899,899,5.912846375000001,450,18,180,10,658,658,56,1372,630
10,5,2,9,2,18,2000,1000,0.03,0.15,0.003,0,48,0.901,901,6.037955125000003,450,18,180,10,658,658,56,1372,630
10,5,2,9,2,18,2000,1000,0.03,0.15,0.003,0,49,0.909,909,6.161324209,450,18,180,10,658,658,56,1372,630
10,5,2,9,2,18,2000,1000,0.03,0.15,0.003,0,50,0.901,901,6.288349834000002,450,18,180,10,658,658,56,1372,630
10,5,2,9,2,18,2000,1000,0.03,0.15,0.003,0,51,0.902,902,6.415056167000003,450,18,180,10,658,658,56,1372,630
10,5,2,9,2,18,2000,1000,0.03,0.15,0.003,0,52,0.902,902,6.540320209000001,450,18,180,10,658,658,56,1372,630
10,5,2,9,2,18,2000,1000,0.03,0.15,0.003,0,53,0.892,892,6.663541291999998,450,18,180,10,658,658,56,1372,630
10,5,2,9,2,18,2000,1000,0.03,0.15,0.003,0,54,0.898,898,6.785887709000001,450,18,180,10,658,658,56,1372,630
10,5,2,9,2,18,2000,1000,0.03,0.15,0.003,0,55,0.894,894,6.912817541999999,450,18,180,10,658,658,56,1372,630
10,5,2,9,2,18,2000,1000,0.03,0.15,0.003,0,56,0.893,893,7.038200959000001,450,18,180,10,658,658,56,1372,630
10,5,2,9,2,18,2000,1000,0.03,0.15,0.003,0,57,0.899,899,7.161722666999999,450,18,180,10,658,658,56,1372,630
10,5,2,9,2,18,2000,1000,0.03,0.15,0.003,0,58,0.898,898,7.288956292000002,450,18,180,10,658,658,56,1372,630
10,5,2,9,2,18,2000,1000,0.03,0.15,0.003,0,59,0.892,892,7.418287959000004,450,18,180,10,658,658,56,1372,630
10,5,2,9,2,18,2000,1000,0.03,0.15,0.003,0,60,0.889,889,7.544197584000003,450,18,180,10,658,658,56,1372,630
10,5,2,9,2,18,2000,1000,0.05,0.25,0.0,0,1,0.696,696,0.10412620900000036,450,18,180,10,658,658,56,1372,630
10,5,2,9,2,18,2000,1000,0.05,0.25,0.0,0,2,0.81,810,0.20717654199999913,450,18,180,10,658,658,56,1372,630
10,5,2,9,2,18,2000,1000,0.05,0.25,0.0,0,3,0.846,846,0.31141320900000125,450,18,180,10,658,658,56,1372,630
10,5,2,9,2,18,2000,1000,0.05,0.25,0.0,0,4,0.849,849,0.4151587919999997,450,18,180,10,658,658,56,1372,630
10,5,2,9,2,18,2000,1000,0.05,0.25,0.0,0,5,0.845,845,0.5167032089999992,450,18,180,10,658,658,56,1372,630
10,5,2,9,2,18,2000,1000,0.05,0.25,0.0,0,6,0.879,879,0.6188140840000003,450,18,180,10,658,658,56,1372,630
10,5,2,9,2,18,2000,1000,0.05,0.25,0.0,0,7,0.879,879,0.7222175420000028,450,18,180,10,658,658,56,1372,630
10,5,2,9,2,18,2000,1000,0.05,0.25,0.0,0,8,0.868,868,0.8228624589999995,450,18,180,10,658,658,56,1372,630
10,5,2,9,2,18,2000,1000,0.05,0.25,0.0,0,9,0.89,890,0.9244740419999999,450,18,180,10,658,658,56,1372,630
10,5,2,9,2,18,2000,1000,0.05,0.25,0.0,0,10,0.895,895,1.0270984590000012,450,18,180,10,658,658,56,1372,630
10,5,2,9,2,18,2000,1000,0.05,0.25,0.0,0,11,0.885,885,1.127584167000002,450,18,180,10,658,658,56,1372,630
10,5,2,9,2,18,2000,1000,0.05,0.25,0.0,0,12,0.892,892,1.2287442920000018,450,18,180,10,658,658,56,1372,630
10,5,2,9,2,18,2000,1000,0.05,0.25,0.0,0,13,0.887,887,1.3312772089999996,450,18,180,10,658,658,56,1372,630
10,5,2,9,2,18,2000,1000,0.05,0.25,0.0,0,14,0.89,890,1.4332348340000038,450,18,180,10,658,658,56,1372,630
10,5,2,9,2,18,2000,1000,0.05,0.25,0.0,0,15,0.898,898,1.5345790000000008,450,18,180,10,658,658,56,1372,630
10,5,2,9,2,18,2000,1000,0.05,0.25,0.0,0,16,0.891,891,1.6354226670000003,450,18,180,10,658,658,56,1372,630
10,5,2,9,2,18,2000,1000,0.05,0.25,0.0,0,17,0.895,895,1.7361435420000007,450,18,180,10,658,658,56,1372,630
10,5,2,9,2,18,2000,1000,0.05,0.25,0.0,0,18,0.899,899,1.8390357920000042,450,18,180,10,658,658,56,1372,630
10,5,2,9,2,18,2000,1000,0.05,0.25,0.0,0,19,0.902,902,1.9416421250000013,450,18,180,10,658,658,56,1372,630
10,5,2,9,2,18,2000,1000,0.05,0.25,0.0,0,20,0.896,896,2.0433931250000015,450,18,180,10,658,658,56,1372,630
10,5,2,9,2,18,2000,1000,0.05,0.25,0.0,0,21,0.899,899,2.145896499999999,450,18,180,10,658,658,56,1372,630
10,5,2,9,2,18,2000,1000,0.05,0.25,0.0,0,22,0.894,894,2.248285416999998,450,18,180,10,658,658,56,1372,630
10,5,2,9,2,18,2000,1000,0.05,0.25,0.0,0,23,0.896,896,2.3509835420000016,450,18,180,10,658,658,56,1372,630
10,5,2,9,2,18,2000,1000,0.05,0.25,0.0,0,24,0.896,896,2.4544381669999993,450,18,180,10,658,658,56,1372,630
10,5,2,9,2,18,2000,1000,0.05,0.25,0.0,0,25,0.897,897,2.5581734590000025,450,18,180,10,658,658,56,1372,630
10,5,2,9,2,18,2000,1000,0.05,0.25,0.0,0,26,0.906,906,2.660622334000003,450,18,180,10,658,658,56,1372,630
10,5,2,9,2,18,2000,1000,0.05,0.25,0.0,0,27,0.899,899,2.7640527089999978,450,18,180,10,658,658,56,1372,630
10,5,2,9,2,18,2000,1000,0.05,0.25,0.0,0,28,0.903,903,2.867372459000002,450,18,180,10,658,658,56,1372,630
10,5,2,9,2,18,2000,1000,0.05,0.25,0.0,0,29,0.904,904,2.968821042000002,450,18,180,10,658,658,56,1372,630
10,5,2,9,2,18,2000,1000,0.05,0.25,0.0,0,30,0.909,909,3.0699295840000005,450,18,180,10,658,658,56,1372,630
10,5,2,9,2,18,2000,1000,0.05,0.25,0.0,0,31,0.903,903,3.171847542000002,450,18,180,10,658,658,56,1372,630
10,5,2,9,2,18,2000,1000,0.05,0.25,0.0,0,32,0.905,905,3.279176249999999,450,18,180,10,658,658,56,1372,630
10,5,2,9,2,18,2000,1000,0.05,0.25,0.0,0,33,0.902,902,3.3842291250000045,450,18,180,10,658,658,56,1372,630
10,5,2,9,2,18,2000,1000,0.05,0.25,0.0,0,34,0.899,899,3.4873023749999987,450,18,180,10,658,658,56,1372,630
10,5,2,9,2,18,2000,1000,0.05,0.25,0.0,0,35,0.895,895,3.589855084,450,18,180,10,658,658,56,1372,630
10,5,2,9,2,18,2000,1000,0.05,0.25,0.0,0,36,0.905,905,3.6931957920000045,450,18,180,10,658,658,56,1372,630
10,5,2,9,2,18,2000,1000,0.05,0.25,0.0,0,37,0.899,899,3.7966282499999977,450,18,180,10,658,658,56,1372,630
10,5,2,9,2,18,2000,1000,0.05,0.25,0.0,0,38,0.899,899,3.8991969170000047,450,18,180,10,658,658,56,1372,630
10,5,2,9,2,18,2000,1000,0.05,0.25,0.0,0,39,0.904,904,4.001997125000003,450,18,180,10,658,658,56,1372,630
10,5,2,9,2,18,2000,1000,0.05,0.25,0.0,0,40,0.906,906,4.104445334000005,450,18,180,10,658,658,56,1372,630
10,5,2,9,2,18,2000,1000,0.05,0.25,0.0,0,41,0.903,903,4.206373625000005,450,18,180,10,658,658,56,1372,630
10,5,2,9,2,18,2000,1000,0.05,0.25,0.0,0,42,0.902,902,4.309927459000001,450,18,180,10,658,658,56,1372,630
10,5,2,9,2,18,2000,1000,0.05,0.25,0.0,0,43,0.91,910,4.414655459000002,450,18,180,10,658,658,56,1372,630
10,5,2,9,2,18,2000,1000,0.05,0.25,0.0,0,44,0.913,913,4.517407124999998,450,18,180,10,658,658,56,1372,630
10,5,2,9,2,18,2000,1000,0.05,0.25,0.0,0,45,0.904,904,4.620160667,450,18,180,10,658,658,56,1372,630
10,5,2,9,2,18,2000,1000,0.05,0.25,0.0,0,46,0.898,898,4.726404667000004,450,18,180,10,658,658,56,1372,630
10,5,2,9,2,18,2000,1000,0.05,0.25,0.0,0,47,0.907,907,4.828270791999998,450,18,180,10,658,658,56,1372,630
10,5,2,9,2,18,2000,1000,0.05,0.25,0.0,0,48,0.908,908,4.931360709000003,450,18,180,10,658,658,56,1372,630
10,5,2,9,2,18,2000,1000,0.05,0.25,0.0,0,49,0.908,908,5.034182958999999,450,18,180,10,658,658,56,1372,630
10,5,2,9,2,18,2000,1000,0.05,0.25,0.0,0,50,0.9,900,5.137420875000004,450,18,180,10,658,658,56,1372,630
10,5,2,9,2,18,2000,1000,0.05,0.25,0.0,0,51,0.9,900,5.240168875000002,450,18,180,10,658,658,56,1372,630
10,5,2,9,2,18,2000,1000,0.05,0.25,0.0,0,52,0.901,901,5.3446811670000045,450,18,180,10,658,658,56,1372,630
10,5,2,9,2,18,2000,1000,0.05,0.25,0.0,0,53,0.902,902,5.449231292,450,18,180,10,658,658,56,1372,630
10,5,2,9,2,18,2000,1000,0.05,0.25,0.0,0,54,0.906,906,5.554630584000002,450,18,180,10,658,658,56,1372,630
10,5,2,9,2,18,2000,1000,0.05,0.25,0.0,0,55,0.908,908,5.659752042000001,450,18,180,10,658,658,56,1372,630
10,5,2,9,2,18,2000,1000,0.05,0.25,0.0,0,56,0.899,899,5.762117584000002,450,18,180,10,658,658,56,1372,630
10,5,2,9,2,18,2000,1000,0.05,0.25,0.0,0,57,0.899,899,5.864023959000001,450,18,180,10,658,658,56,1372,630
10,5,2,9,2,18,2000,1000,0.05,0.25,0.0,0,58,0.895,895,5.964776874999998,450,18,180,10,658,658,56,1372,630
10,5,2,9,2,18,2000,1000,0.05,0.25,0.0,0,59,0.901,901,6.064891709000001,450,18,180,10,658,658,56,1372,630
10,5,2,9,2,18,2000,1000,0.05,0.25,0.0,0,60,0.903,903,6.169018749999999,450,18,180,10,658,658,56,1372,630
10,5,2,9,2,18,2000,1000,0.05,0.25,0.0001,0,1,0.73,730,0.12889483299999682,450,18,180,10,658,658,56,1372,630
10,5,2,9,2,18,2000,1000,0.05,0.25,0.0001,0,2,0.821,821,0.2605872910000002,450,18,180,10,658,658,56,1372,630
10,5,2,9,2,18,2000,1000,0.05,0.25,0.0001,0,3,0.86,860,0.3887139160000004,450,18,180,10,658,658,56,1372,630
10,5,2,9,2,18,2000,1000,0.05,0.25,0.0001,0,4,0.874,874,0.516694416,450,18,180,10,658,658,56,1372,630
10,5,2,9,2,18,2000,1000,0.05,0.25,0.0001,0,5,0.875,875,0.6437999579999953,450,18,180,10,658,658,56,1372,630
10,5,2,9,2,18,2000,1000,0.05,0.25,0.0001,0,6,0.874,874,0.7706453329999974,450,18,180,10,658,658,56,1372,630
10,5,2,9,2,18,2000,1000,0.05,0.25,0.0001,0,7,0.891,891,0.896373208,450,18,180,10,658,658,56,1372,630
10,5,2,9,2,18,2000,1000,0.05,0.25,0.0001,0,8,0.884,884,1.0197195000000008,450,18,180,10,658,658,56,1372,630
10,5,2,9,2,18,2000,1000,0.05,0.25,0.0001,0,9,0.892,892,1.1442954579999949,450,18,180,10,658,658,56,1372,630
10,5,2,9,2,18,2000,1000,0.05,0.25,0.0001,0,10,0.904,904,1.2681394999999966,450,18,180,10,658,658,56,1372,630
10,5,2,9,2,18,2000,1000,0.05,0.25,0.0001,0,11,0.897,897,1.3911885829999946,450,18,180,10,658,658,56,1372,630
10,5,2,9,2,18,2000,1000,0.05,0.25,0.0001,0,12,0.887,887,1.5164433749999944,450,18,180,10,658,658,56,1372,630
10,5,2,9,2,18,2000,1000,0.05,0.25,0.0001,0,13,0.891,891,1.6405010000000004,450,18,180,10,658,658,56,1372,630
10,5,2,9,2,18,2000,1000,0.05,0.25,0.0001,0,14,0.904,904,1.7662977499999997,450,18,180,10,658,658,56,1372,630
10,5,2,9,2,18,2000,1000,0.05,0.25,0.0001,0,15,0.9,900,1.892385874999995,450,18,180,10,658,658,56,1372,630
10,5,2,9,2,18,2000,1000,0.05,0.25,0.0001,0,16,0.893,893,2.020216583,450,18,180,10,658,658,56,1372,630
10,5,2,9,2,18,2000,1000,0.05,0.25,0.0001,0,17,0.904,904,2.144643375000001,450,18,180,10,658,658,56,1372,630
10,5,2,9,2,18,2000,1000,0.05,0.25,0.0001,0,18,0.9,900,2.269399958000001,450,18,180,10,658,658,56,1372,630
10,5,2,9,2,18,2000,1000,0.05,0.25,0.0001,0,19,0.9,900,2.3969006660000005,450,18,180,10,658,658,56,1372,630
10,5,2,9,2,18,2000,1000,0.05,0.25,0.0001,0,20,0.899,899,2.5236935000000003,450,18,180,10,658,658,56,1372,630
10,5,2,9,2,18,2000,1000,0.05,0.25,0.0001,0,21,0.904,904,2.6527598329999975,450,18,180,10,658,658,56,1372,630
10,5,2,9,2,18,2000,1000,0.05,0.25,0.0001,0,22,0.915,915,2.7821539999999985,450,18,180,10,658,658,56,1372,630
10,5,2,9,2,18,2000,1000,0.05,0.25,0.0001,0,23,0.907,907,2.9076245830000005,450,18,180,10,658,658,56,1372,630
10,5,2,9,2,18,2000,1000,0.05,0.25,0.0001,0,24,0.906,906,3.031915583,450,18,180,10,658,658,56,1372,630
10,5,2,9,2,18,2000,1000,0.05,0.25,0.0001,0,25,0.901,901,3.159928457999996,450,18,180,10,658,658,56,1372,630
10,5,2,9,2,18,2000,1000,0.05,0.25,0.0001,0,26,0.904,904,3.2904432499999956,450,18,180,10,658,658,56,1372,630
10,5,2,9,2,18,2000,1000,0.05,0.25,0.0001,0,27,0.91,910,3.422269874999998,450,18,180,10,658,658,56,1372,630
10,5,2,9,2,18,2000,1000,0.05,0.25,0.0001,0,28,0.893,893,3.5482199160000008,450,18,180,10,658,658,56,1372,630
10,5,2,9,2,18,2000,1000,0.05,0.25,0.0001,0,29,0.904,904,3.6769456249999948,450,18,180,10,658,658,56,1372,630
10,5,2,9,2,18,2000,1000,0.05,0.25,0.0001,0,30,0.907,907,3.803007957999995,450,18,180,10,658,658,56,1372,630
10,5,2,9,2,18,2000,1000,0.05,0.25,0.0001,0,31,0.905,905,3.9344206249999942,450,18,180,10,658,658,56,1372,630
10,5,2,9,2,18,2000,1000,0.05,0.25,0.0001,0,32,0.907,907,4.062303665999998,450,18,180,10,658,658,56,1372,630
10,5,2,9,2,18,2000,1000,0.05,0.25,0.0001,0,33,0.916,916,4.191225957999997,450,18,180,10,658,658,56,1372,630
10,5,2,9,2,18,2000,1000,0.05,0.25,0.0001,0,34,0.902,902,4.319382499999996,450,18,180,10,658,658,56,1372,630
10,5,2,9,2,18,2000,1000,0.05,0.25,0.0001,0,35,0.906,906,4.446769457999999,450,18,180,10,658,658,56,1372,630
10,5,2,9,2,18,2000,1000,0.05,0.25,0.0001,0,36,0.907,907,4.5727852499999955,450,18,180,10,658,658,56,1372,630
10,5,2,9,2,18,2000,1000,0.05,0.25,0.0001,0,37,0.918,918,4.701173165999997,450,18,180,10,658,658,56,1372,630
10,5,2,9,2,18,2000,1000,0.05,0.25,0.0001,0,38,0.899,899,4.827218375000001,450,18,180,10,658,658,56,1372,630
10,5,2,9,2,18,2000,1000,0.05,0.25,0.0001,0,39,0.909,909,4.9555177499999985,450,18,180,10,658,658,56,1372,630
10,5,2,9,2,18,2000,1000,0.05,0.25,0.0001,0,40,0.902,902,5.0787547499999945,450,18,180,10,658,658,56,1372,630
10,5,2,9,2,18,2000,1000,0.05,0.25,0.0001,0,41,0.92,920,5.204100165999996,450,18,180,10,658,658,56,1372,630
10,5,2,9,2,18,2000,1000,0.05,0.25,0.0001,0,42,0.915,915,5.3295411659999985,450,18,180,10,658,658,56,1372,630
10,5,2,9,2,18,2000,1000,0.05,0.25,0.0001,0,43,0.915,915,5.457542916000001,450,18,180,10,658,658,56,1372,630
10,5,2,9,2,18,2000,1000,0.05,0.25,0.0001,0,44,0.911,911,5.584451375,450,18,180,10,658,658,56,1372,630
10,5,2,9,2,18,2000,1000,0.05,0.25,0.0001,0,45,0.913,913,5.710384832999999,450,18,180,10,658,658,56,1372,630
10,5,2,9,2,18,2000,1000,0.05,0.25,0.0001,0,46,0.911,911,5.836084833000001,450,18,180,10,658,658,56,1372,630
10,5,2,9,2,18,2000,1000,0.05,0.25,0.0001,0,47,0.917,917,5.960867624999999,450,18,180,10,658,658,56,1372,630
10,5,2,9,2,18,2000,1000,0.05,0.25,0.0001,0,48,0.916,916,6.0858817909999985,450,18,180,10,658,658,56,1372,630
10,5,2,9,2,18,2000,1000,0.05,0.25,0.0001,0,49,0.914,914,6.210906375,450,18,180,10,658,658,56,1372,630
10,5,2,9,2,18,2000,1000,0.05,0.25,0.0001,0,50,0.918,918,6.335600124999999,450,18,180,10,658,658,56,1372,630
10,5,2,9,2,18,2000,1000,0.05,0.25,0.0001,0,51,0.915,915,6.462221332999995,450,18,180,10,658,658,56,1372,630
10,5,2,9,2,18,2000,1000,0.05,0.25,0.0001,0,52,0.918,918,6.587740874999994,450,18,180,10,658,658,56,1372,630
10,5,2,9,2,18,2000,1000,0.05,0.25,0.0001,0,53,0.91,910,6.713120165999996,450,18,180,10,658,658,56,1372,630
10,5,2,9,2,18,2000,1000,0.05,0.25,0.0001,0,54,0.907,907,6.8381024579999945,450,18,180,10,658,658,56,1372,630
10,5,2,9,2,18,2000,1000,0.05,0.25,0.0001,0,55,0.911,911,6.966485665999997,450,18,180,10,658,658,56,1372,630
10,5,2,9,2,18,2000,1000,0.05,0.25,0.0001,0,56,0.916,916,7.090680290999998,450,18,180,10,658,658,56,1372,630
10,5,2,9,2,18,2000,1000,0.05,0.25,0.0001,0,57,0.92,920,7.216310707999995,450,18,180,10,658,658,56,1372,630
10,5,2,9,2,18,2000,1000,0.05,0.25,0.0001,0,58,0.917,917,7.342617457999999,450,18,180,10,658,658,56,1372,630
10,5,2,9,2,18,2000,1000,0.05,0.25,0.0001,0,59,0.914,914,7.468535666000001,450,18,180,10,658,658,56,1372,630
10,5,2,9,2,18,2000,1000,0.05,0.25,0.0001,0,60,0.914,914,7.593129165999997,450,18,180,10,658,658,56,1372,630
10,5,2,9,2,18,2000,1000,0.05,0.25,0.0003,0,1,0.741,741,0.13038870900000177,450,18,180,10,658,658,56,1372,630
10,5,2,9,2,18,2000,1000,0.05,0.25,0.0003,0,2,0.835,835,0.2578367500000027,450,18,180,10,658,658,56,1372,630
10,5,2,9,2,18,2000,1000,0.05,0.25,0.0003,0,3,0.852,852,0.3842197920000032,450,18,180,10,658,658,56,1372,630
10,5,2,9,2,18,2000,1000,0.05,0.25,0.0003,0,4,0.871,871,0.5091590420000003,450,18,180,10,658,658,56,1372,630
10,5,2,9,2,18,2000,1000,0.05,0.25,0.0003,0,5,0.881,881,0.6354335839999976,450,18,180,10,658,658,56,1372,630
10,5,2,9,2,18,2000,1000,0.05,0.25,0.0003,0,6,0.882,882,0.7604247499999985,450,18,180,10,658,658,56,1372,630
10,5,2,9,2,18,2000,1000,0.05,0.25,0.0003,0,7,0.868,868,0.8880593339999976,450,18,180,10,658,658,56,1372,630
10,5,2,9,2,18,2000,1000,0.05,0.25,0.0003,0,8,0.881,881,1.0143761670000018,450,18,180,10,658,658,56,1372,630
10,5,2,9,2,18,2000,1000,0.05,0.25,0.0003,0,9,0.887,887,1.1410370000000043,450,18,180,10,658,658,56,1372,630
10,5,2,9,2,18,2000,1000,0.05,0.25,0.0003,0,10,0.889,889,1.2667047919999987,450,18,180,10,658,658,56,1372,630
10,5,2,9,2,18,2000,1000,0.05,0.25,0.0003,0,11,0.89,890,1.3907690420000023,450,18,180,10,658,658,56,1372,630
10,5,2,9,2,18,2000,1000,0.05,0.25,0.0003,0,12,0.896,896,1.516279500000003,450,18,180,10,658,658,56,1372,630
10,5,2,9,2,18,2000,1000,0.05,0.25,0.0003,0,13,0.896,896,1.6410192920000028,450,18,180,10,658,658,56,1372,630
10,5,2,9,2,18,2000,1000,0.05,0.25,0.0003,0,14,0.896,896,1.7645411670000044,450,18,180,10,658,658,56,1372,630
10,5,2,9,2,18,2000,1000,0.05,0.25,0.0003,0,15,0.89,890,1.8892278340000033,450,18,180,10,658,658,56,1372,630
10,5,2,9,2,18,2000,1000,0.05,0.25,0.0003,0,16,0.88,880,2.014548542,450,18,180,10,658,658,56,1372,630
10,5,2,9,2,18,2000,1000,0.05,0.25,0.0003,0,17,0.887,887,2.1402894590000017,450,18,180,10,658,658,56,1372,630
10,5,2,9,2,18,2000,1000,0.05,0.25,0.0003,0,18,0.884,884,2.2678179589999985,450,18,180,10,658,658,56,1372,630
10,5,2,9,2,18,2000,1000,0.05,0.25,0.0003,0,19,0.899,899,2.394763334000004,450,18,180,10,658,658,56,1372,630
10,5,2,9,2,18,2000,1000,0.05,0.25,0.0003,0,20,0.904,904,2.521877291999999,450,18,180,10,658,658,56,1372,630
10,5,2,9,2,18,2000,1000,0.05,0.25,0.0003,0,21,0.902,902,2.6498092920000005,450,18,180,10,658,658,56,1372,630
10,5,2,9,2,18,2000,1000,0.05,0.25,0.0003,0,22,0.898,898,2.7740152920000014,450,18,180,10,658,658,56,1372,630
10,5,2,9,2,18,2000,1000,0.05,0.25,0.0003,0,23,0.897,897,2.900540042000003,450,18,180,10,658,658,56,1372,630
10,5,2,9,2,18,2000,1000,0.05,0.25,0.0003,0,24,0.893,893,3.0313229590000006,450,18,180,10,658,658,56,1372,630
10,5,2,9,2,18,2000,1000,0.05,0.25,0.0003,0,25,0.899,899,3.1614000840000003,450,18,180,10,658,658,56,1372,630
10,5,2,9,2,18,2000,1000,0.05,0.25,0.0003,0,26,0.908,908,3.291538541999998,450,18,180,10,658,658,56,1372,630
10,5,2,9,2,18,2000,1000,0.05,0.25,0.0003,0,27,0.9,900,3.4243662089999987,450,18,180,10,658,658,56,1372,630
10,5,2,9,2,18,2000,1000,0.05,0.25,0.0003,0,28,0.908,908,3.555522584000002,450,18,180,10,658,658,56,1372,630
10,5,2,9,2,18,2000,1000,0.05,0.25,0.0003,0,29,0.897,897,3.686850624999998,450,18,180,10,658,658,56,1372,630
10,5,2,9,2,18,2000,1000,0.05,0.25,0.0003,0,30,0.893,893,3.816250709000002,450,18,180,10,658,658,56,1372,630
10,5,2,9,2,18,2000,1000,0.05,0.25,0.0003,0,31,0.903,903,3.944134584000004,450,18,180,10,658,658,56,1372,630
10,5,2,9,2,18,2000,1000,0.05,0.25,0.0003,0,32,0.902,902,4.074314334,450,18,180,10,658,658,56,1372,630
10,5,2,9,2,18,2000,1000,0.05,0.25,0.0003,0,33,0.898,898,4.204724834000004,450,18,180,10,658,658,56,1372,630
10,5,2,9,2,18,2000,1000,0.05,0.25,0.0003,0,34,0.894,894,4.331573333999998,450,18,180,10,658,658,56,1372,630
10,5,2,9,2,18,2000,1000,0.05,0.25,0.0003,0,35,0.906,906,4.457618334000003,450,18,180,10,658,658,56,1372,630
10,5,2,9,2,18,2000,1000,0.05,0.25,0.0003,0,36,0.9,900,4.585323250000002,450,18,180,10,658,658,56,1372,630
10,5,2,9,2,18,2000,1000,0.05,0.25,0.0003,0,37,0.903,903,4.712040667000004,450,18,180,10,658,658,56,1372,630
10,5,2,9,2,18,2000,1000,0.05,0.25,0.0003,0,38,0.878,878,4.838464917000003,450,18,180,10,658,658,56,1372,630
10,5,2,9,2,18,2000,1000,0.05,0.25,0.0003,0,39,0.907,907,4.9648617090000045,450,18,180,10,658,658,56,1372,630
10,5,2,9,2,18,2000,1000,0.05,0.25,0.0003,0,40,0.91,910,5.092366750000004,450,18,180,10,658,658,56,1372,630
10,5,2,9,2,18,2000,1000,0.05,0.25,0.0003,0,41,0.909,909,5.223880667000003,450,18,180,10,658,658,56,1372,630
10,5,2,9,2,18,2000,1000,0.05,0.25,0.0003,0,42,0.913,913,5.353067084000003,450,18,180,10,658,658,56,1372,630
10,5,2,9,2,18,2000,1000,0.05,0.25,0.0003,0,43,0.906,906,5.480831250000001,450,18,180,10,658,658,56,1372,630
10,5,2,9,2,18,2000,1000,0.05,0.25,0.0003,0,44,0.9,900,5.607499042000001,450,18,180,10,658,658,56,1372,630
10,5,2,9,2,18,2000,1000,0.05,0.25,0.0003,0,45,0.909,909,5.736656375000003,450,18,180,10,658,658,56,1372,630
10,5,2,9,2,18,2000,1000,0.05,0.25,0.0003,0,46,0.906,906,5.865322083999999,450,18,180,10,658,658,56,1372,630
10,5,2,9,2,18,2000,1000,0.05,0.25,0.0003,0,47,0.907,907,5.992884416999999,450,18,180,10,658,658,56,1372,630
10,5,2,9,2,18,2000,1000,0.05,0.25,0.0003,0,48,0.904,904,6.117550999999999,450,18,180,10,658,658,56,1372,630
10,5,2,9,2,18,2000,1000,0.05,0.25,0.0003,0,49,0.902,902,6.244194084,450,18,180,10,658,658,56,1372,630
10,5,2,9,2,18,2000,1000,0.05,0.25,0.0003,0,50,0.901,901,6.3707097919999995,450,18,180,10,658,658,56,1372,630
10,5,2,9,2,18,2000,1000,0.05,0.25,0.0003,0,51,0.909,909,6.505290084000002,450,18,180,10,658,658,56,1372,630
10,5,2,9,2,18,2000,1000,0.05,0.25,0.0003,0,52,0.911,911,6.630549375000001,450,18,180,10,658,658,56,1372,630
10,5,2,9,2,18,2000,1000,0.05,0.25,0.0003,0,53,0.903,903,6.7602732500000045,450,18,180,10,658,658,56,1372,630
10,5,2,9,2,18,2000,1000,0.05,0.25,0.0003,0,54,0.9,900,6.885937249999998,450,18,180,10,658,658,56,1372,630
10,5,2,9,2,18,2000,1000,0.05,0.25,0.0003,0,55,0.907,907,7.009327667000001,450,18,180,10,658,658,56,1372,630
10,5,2,9,2,18,2000,1000,0.05,0.25,0.0003,0,56,0.91,910,7.132669333999999,450,18,180,10,658,658,56,1372,630
10,5,2,9,2,18,2000,1000,0.05,0.25,0.0003,0,57,0.91,910,7.262155874999998,450,18,180,10,658,658,56,1372,630
10,5,2,9,2,18,2000,1000,0.05,0.25,0.0003,0,58,0.908,908,7.391188624999998,450,18,180,10,658,658,56,1372,630
10,5,2,9,2,18,2000,1000,0.05,0.25,0.0003,0,59,0.909,909,7.519803541999998,450,18,180,10,658,658,56,1372,630
10,5,2,9,2,18,2000,1000,0.05,0.25,0.0003,0,60,0.903,903,7.648242042,450,18,180,10,658,658,56,1372,630
10,5,2,9,2,18,2000,1000,0.05,0.25,0.001,0,1,0.768,768,0.12816216699999927,450,18,180,10,658,658,56,1372,630
10,5,2,9,2,18,2000,1000,0.05,0.25,0.001,0,2,0.837,837,0.2578556670000012,450,18,180,10,658,658,56,1372,630
10,5,2,9,2,18,2000,1000,0.05,0.25,0.001,0,3,0.84,840,0.3841673750000041,450,18,180,10,658,658,56,1372,630
10,5,2,9,2,18,2000,1000,0.05,0.25,0.001,0,4,0.864,864,0.5129470840000039,450,18,180,10,658,658,56,1372,630
10,5,2,9,2,18,2000,1000,0.05,0.25,0.001,0,5,0.871,871,0.6448357089999988,450,18,180,10,658,658,56,1372,630
10,5,2,9,2,18,2000,1000,0.05,0.25,0.001,0,6,0.871,871,0.7709998340000013,450,18,180,10,658,658,56,1372,630
10,5,2,9,2,18,2000,1000,0.05,0.25,0.001,0,7,0.881,881,0.8998518340000032,450,18,180,10,658,658,56,1372,630
10,5,2,9,2,18,2000,1000,0.05,0.25,0.001,0,8,0.882,882,1.029293416999998,450,18,180,10,658,658,56,1372,630
10,5,2,9,2,18,2000,1000,0.05,0.25,0.001,0,9,0.88,880,1.1572041670000033,450,18,180,10,658,658,56,1372,630
10,5,2,9,2,18,2000,1000,0.05,0.25,0.001,0,10,0.881,881,1.2848581249999995,450,18,180,10,658,658,56,1372,630
10,5,2,9,2,18,2000,1000,0.05,0.25,0.001,0,11,0.874,874,1.412227792000003,450,18,180,10,658,658,56,1372,630
10,5,2,9,2,18,2000,1000,0.05,0.25,0.001,0,12,0.881,881,1.5392853339999988,450,18,180,10,658,658,56,1372,630
10,5,2,9,2,18,2000,1000,0.05,0.25,0.001,0,13,0.885,885,1.6673816670000008,450,18,180,10,658,658,56,1372,630
10,5,2,9,2,18,2000,1000,0.05,0.25,0.001,0,14,0.875,875,1.7953879169999993,450,18,180,10,658,658,56,1372,630
10,5,2,9,2,18,2000,1000,0.05,0.25,0.001,0,15,0.882,882,1.9194162500000047,450,18,180,10,658,658,56,1372,630
10,5,2,9,2,18,2000,1000,0.05,0.25,0.001,0,16,0.891,891,2.045262459,450,18,180,10,658,658,56,1372,630
10,5,2,9,2,18,2000,1000,0.05,0.25,0.001,0,17,0.884,884,2.173329125000002,450,18,180,10,658,658,56,1372,630
10,5,2,9,2,18,2000,1000,0.05,0.25,0.001,0,18,0.893,893,2.2972438339999997,450,18,180,10,658,658,56,1372,630
10,5,2,9,2,18,2000,1000,0.05,0.25,0.001,0,19,0.883,883,2.424003374999998,450,18,180,10,658,658,56,1372,630
10,5,2,9,2,18,2000,1000,0.05,0.25,0.001,0,20,0.882,882,2.553780291999999,450,18,180,10,658,658,56,1372,630
10,5,2,9,2,18,2000,1000,0.05,0.25,0.001,0,21,0.888,888,2.682755833999998,450,18,180,10,658,658,56,1372,630
10,5,2,9,2,18,2000,1000,0.05,0.25,0.001,0,22,0.89,890,2.809990584000005,450,18,180,10,658,658,56,1372,630
10,5,2,9,2,18,2000,1000,0.05,0.25,0.001,0,23,0.882,882,2.938311333999998,450,18,180,10,658,658,56,1372,630
10,5,2,9,2,18,2000,1000,0.05,0.25,0.001,0,24,0.895,895,3.0663499170000037,450,18,180,10,658,658,56,1372,630
10,5,2,9,2,18,2000,1000,0.05,0.25,0.001,0,25,0.895,895,3.1954569170000013,450,18,180,10,658,658,56,1372,630
10,5,2,9,2,18,2000,1000,0.05,0.25,0.001,0,26,0.887,887,3.3263311669999993,450,18,180,10,658,658,56,1372,630
10,5,2,9,2,18,2000,1000,0.05,0.25,0.001,0,27,0.901,901,3.4569656250000023,450,18,180,10,658,658,56,1372,630
10,5,2,9,2,18,2000,1000,0.05,0.25,0.001,0,28,0.898,898,3.5857591250000027,450,18,180,10,658,658,56,1372,630
10,5,2,9,2,18,2000,1000,0.05,0.25,0.001,0,29,0.886,886,3.716930167000001,450,18,180,10,658,658,56,1372,630
10,5,2,9,2,18,2000,1000,0.05,0.25,0.001,0,30,0.885,885,3.8440419169999984,450,18,180,10,658,658,56,1372,630
10,5,2,9,2,18,2000,1000,0.05,0.25,0.001,0,31,0.898,898,3.970714167000004,450,18,180,10,658,658,56,1372,630
10,5,2,9,2,18,2000,1000,0.05,0.25,0.001,0,32,0.899,899,4.096415874999998,450,18,180,10,658,658,56,1372,630
10,5,2,9,2,18,2000,1000,0.05,0.25,0.001,0,33,0.89,890,4.222345458999996,450,18,180,10,658,658,56,1372,630
10,5,2,9,2,18,2000,1000,0.05,0.25,0.001,0,34,0.897,897,4.347661584000008,450,18,180,10,658,658,56,1372,630
10,5,2,9,2,18,2000,1000,0.05,0.25,0.001,0,35,0.892,892,4.473740625000005,450,18,180,10,658,658,56,1372,630
10,5,2,9,2,18,2000,1000,0.05,0.25,0.001,0,36,0.89,890,4.600708249999997,450,18,180,10,658,658,56,1372,630
10,5,2,9,2,18,2000,1000,0.05,0.25,0.001,0,37,0.891,891,4.7271989169999955,450,18,180,10,658,658,56,1372,630
10,5,2,9,2,18,2000,1000,0.05,0.25,0.001,0,38,0.898,898,4.854628958999996,450,18,180,10,658,658,56,1372,630
10,5,2,9,2,18,2000,1000,0.05,0.25,0.001,0,39,0.886,886,4.978757375000001,450,18,180,10,658,658,56,1372,630
10,5,2,9,2,18,2000,1000,0.05,0.25,0.001,0,40,0.892,892,5.103577584000007,450,18,180,10,658,658,56,1372,630
10,5,2,9,2,18,2000,1000,0.05,0.25,0.001,0,41,0.89,890,5.229834209000003,450,18,180,10,658,658,56,1372,630
10,5,2,9,2,18,2000,1000,0.05,0.25,0.001,0,42,0.897,897,5.356875459000008,450,18,180,10,658,658,56,1372,630
10,5,2,9,2,18,2000,1000,0.05,0.25,0.001,0,43,0.898,898,5.483292333999998,450,18,180,10,658,658,56,1372,630
10,5,2,9,2,18,2000,1000,0.05,0.25,0.001,0,44,0.894,894,5.608798792000002,450,18,180,10,658,658,56,1372,630
10,5,2,9,2,18,2000,1000,0.05,0.25,0.001,0,45,0.89,890,5.733977334000002,450,18,180,10,658,658,56,1372,630
10,5,2,9,2,18,2000,1000,0.05,0.25,0.001,0,46,0.888,888,5.861162125000007,450,18,180,10,658,658,56,1372,630
10,5,2,9,2,18,2000,1000,0.05,0.25,0.001,0,47,0.888,888,5.989500125000006,450,18,180,10,658,658,56,1372,630
10,5,2,9,2,18,2000,1000,0.05,0.25,0.001,0,48,0.896,896,6.116742125000002,450,18,180,10,658,658,56,1372,630
10,5,2,9,2,18,2000,1000,0.05,0.25,0.001,0,49,0.889,889,6.246686249999996,450,18,180,10,658,658,56,1372,630
10,5,2,9,2,18,2000,1000,0.05,0.25,0.001,0,50,0.89,890,6.375186999999997,450,18,180,10,658,658,56,1372,630
10,5,2,9,2,18,2000,1000,0.05,0.25,0.001,0,51,0.885,885,6.501827875000004,450,18,180,10,658,658,56,1372,630
10,5,2,9,2,18,2000,1000,0.05,0.25,0.001,0,52,0.887,887,6.632083417000004,450,18,180,10,658,658,56,1372,630
10,5,2,9,2,18,2000,1000,0.05,0.25,0.001,0,53,0.889,889,6.760968667,450,18,180,10,658,658,56,1372,630
10,5,2,9,2,18,2000,1000,0.05,0.25,0.001,0,54,0.886,886,6.887103084000003,450,18,180,10,658,658,56,1372,630
10,5,2,9,2,18,2000,1000,0.05,0.25,0.001,0,55,0.895,895,7.014682125000007,450,18,180,10,658,658,56,1372,630
10,5,2,9,2,18,2000,1000,0.05,0.25,0.001,0,56,0.894,894,7.141110084000005,450,18,180,10,658,658,56,1372,630
10,5,2,9,2,18,2000,1000,0.05,0.25,0.001,0,57,0.884,884,7.267963792000003,450,18,180,10,658,658,56,1372,630
10,5,2,9,2,18,2000,1000,0.05,0.25,0.001,0,58,0.899,899,7.393391292000004,450,18,180,10,658,658,56,1372,630
10,5,2,9,2,18,2000,1000,0.05,0.25,0.001,0,59,0.887,887,7.519964709000007,450,18,180,10,658,658,56,1372,630
10,5,2,9,2,18,2000,1000,0.05,0.25,0.001,0,60,0.891,891,7.645758416999996,450,18,180,10,658,658,56,1372,630
10,5,2,9,2,18,2000,1000,0.05,0.25,0.003,0,1,0.789,789,0.1253974579999948,450,18,180,10,658,658,56,1372,630
10,5,2,9,2,18,2000,1000,0.05,0.25,0.003,0,2,0.837,837,0.25229862499999456,450,18,180,10,658,658,56,1372,630
10,5,2,9,2,18,2000,1000,0.05,0.25,0.003,0,3,0.826,826,0.3785272079999942,450,18,180,10,658,658,56,1372,630
10,5,2,9,2,18,2000,1000,0.05,0.25,0.003,0,4,0.846,846,0.503148749999994,450,18,180,10,658,658,56,1372,630
10,5,2,9,2,18,2000,1000,0.05,0.25,0.003,0,5,0.868,868,0.628622749999991,450,18,180,10,658,658,56,1372,630
10,5,2,9,2,18,2000,1000,0.05,0.25,0.003,0,6,0.863,863,0.757527041000003,450,18,180,10,658,658,56,1372,630
10,5,2,9,2,18,2000,1000,0.05,0.25,0.003,0,7,0.876,876,0.8860578749999917,450,18,180,10,658,658,56,1372,630
10,5,2,9,2,18,2000,1000,0.05,0.25,0.003,0,8,0.871,871,1.011821083000001,450,18,180,10,658,658,56,1372,630
10,5,2,9,2,18,2000,1000,0.05,0.25,0.003,0,9,0.889,889,1.1418164159999975,450,18,180,10,658,658,56,1372,630
10,5,2,9,2,18,2000,1000,0.05,0.25,0.003,0,10,0.87,870,1.2721015409999978,450,18,180,10,658,658,56,1372,630
10,5,2,9,2,18,2000,1000,0.05,0.25,0.003,0,11,0.879,879,1.4017524580000043,450,18,180,10,658,658,56,1372,630
10,5,2,9,2,18,2000,1000,0.05,0.25,0.003,0,12,0.886,886,1.5285438330000005,450,18,180,10,658,658,56,1372,630
10,5,2,9,2,18,2000,1000,0.05,0.25,0.003,0,13,0.895,895,1.6559414159999903,450,18,180,10,658,658,56,1372,630
10,5,2,9,2,18,2000,1000,0.05,0.25,0.003,0,14,0.875,875,1.7811967909999993,450,18,180,10,658,658,56,1372,630
10,5,2,9,2,18,2000,1000,0.05,0.25,0.003,0,15,0.891,891,1.9098460409999944,450,18,180,10,658,658,56,1372,630
10,5,2,9,2,18,2000,1000,0.05,0.25,0.003,0,16,0.888,888,2.042884749999999,450,18,180,10,658,658,56,1372,630
10,5,2,9,2,18,2000,1000,0.05,0.25,0.003,0,17,0.883,883,2.1739265829999965,450,18,180,10,658,658,56,1372,630
10,5,2,9,2,18,2000,1000,0.05,0.25,0.003,0,18,0.883,883,2.304543541000001,450,18,180,10,658,658,56,1372,630
10,5,2,9,2,18,2000,1000,0.05,0.25,0.003,0,19,0.89,890,2.4313629999999904,450,18,180,10,658,658,56,1372,630
10,5,2,9,2,18,2000,1000,0.05,0.25,0.003,0,20,0.882,882,2.558980790999996,450,18,180,10,658,658,56,1372,630
10,5,2,9,2,18,2000,1000,0.05,0.25,0.003,0,21,0.89,890,2.687838040999992,450,18,180,10,658,658,56,1372,630
10,5,2,9,2,18,2000,1000,0.05,0.25,0.003,0,22,0.891,891,2.813879,450,18,180,10,658,658,56,1372,630
10,5,2,9,2,18,2000,1000,0.05,0.25,0.003,0,23,0.882,882,2.9410002079999913,450,18,180,10,658,658,56,1372,630
10,5,2,9,2,18,2000,1000,0.05,0.25,0.003,0,24,0.886,886,3.066337875000002,450,18,180,10,658,658,56,1372,630
10,5,2,9,2,18,2000,1000,0.05,0.25,0.003,0,25,0.897,897,3.191487499999994,450,18,180,10,658,658,56,1372,630
10,5,2,9,2,18,2000,1000,0.05,0.25,0.003,0,26,0.884,884,3.316923082999992,450,18,180,10,658,658,56,1372,630
10,5,2,9,2,18,2000,1000,0.05,0.25,0.003,0,27,0.897,897,3.4421135409999977,450,18,180,10,658,658,56,1372,630
10,5,2,9,2,18,2000,1000,0.05,0.25,0.003,0,28,0.894,894,3.5671098330000035,450,18,180,10,658,658,56,1372,630
10,5,2,9,2,18,2000,1000,0.05,0.25,0.003,0,29,0.894,894,3.6924401659999972,450,18,180,10,658,658,56,1372,630
10,5,2,9,2,18,2000,1000,0.05,0.25,0.003,0,30,0.887,887,3.8165983330000017,450,18,180,10,658,658,56,1372,630
10,5,2,9,2,18,2000,1000,0.05,0.25,0.003,0,31,0.893,893,3.940360708,450,18,180,10,658,658,56,1372,630
10,5,2,9,2,18,2000,1000,0.05,0.25,0.003,0,32,0.888,888,4.0652506250000044,450,18,180,10,658,658,56,1372,630
10,5,2,9,2,18,2000,1000,0.05,0.25,0.003,0,33,0.896,896,4.190213208000003,450,18,180,10,658,658,56,1372,630
10,5,2,9,2,18,2000,1000,0.05,0.25,0.003,0,34,0.891,891,4.316990832999991,450,18,180,10,658,658,56,1372,630
10,5,2,9,2,18,2000,1000,0.05,0.25,0.003,0,35,0.892,892,4.440706082999995,450,18,180,10,658,658,56,1372,630
10,5,2,9,2,18,2000,1000,0.05,0.25,0.003,0,36,0.902,902,4.566822375000001,450,18,180,10,658,658,56,1372,630
10,5,2,9,2,18,2000,1000,0.05,0.25,0.003,0,37,0.885,885,4.689608124999992,450,18,180,10,658,658,56,1372,630
10,5,2,9,2,18,2000,1000,0.05,0.25,0.003,0,38,0.89,890,4.814643665999995,450,18,180,10,658,658,56,1372,630
10,5,2,9,2,18,2000,1000,0.05,0.25,0.003,0,39,0.891,891,4.941061332999993,450,18,180,10,658,658,56,1372,630
10,5,2,9,2,18,2000,1000,0.05,0.25,0.003,0,40,0.894,894,5.0753267079999915,450,18,180,10,658,658,56,1372,630
10,5,2,9,2,18,2000,1000,0.05,0.25,0.003,0,41,0.895,895,5.199479249999996,450,18,180,10,658,658,56,1372,630
10,5,2,9,2,18,2000,1000,0.05,0.25,0.003,0,42,0.888,888,5.324349458,450,18,180,10,658,658,56,1372,630
10,5,2,9,2,18,2000,1000,0.05,0.25,0.003,0,43,0.9,900,5.455198166000002,450,18,180,10,658,658,56,1372,630
10,5,2,9,2,18,2000,1000,0.05,0.25,0.003,0,44,0.905,905,5.586092416,450,18,180,10,658,658,56,1372,630
10,5,2,9,2,18,2000,1000,0.05,0.25,0.003,0,45,0.9,900,5.7105693749999915,450,18,180,10,658,658,56,1372,630
10,5,2,9,2,18,2000,1000,0.05,0.25,0.003,0,46,0.895,895,5.836682624999995,450,18,180,10,658,658,56,1372,630
10,5,2,9,2,18,2000,1000,0.05,0.25,0.003,0,47,0.905,905,5.962488540999999,450,18,180,10,658,658,56,1372,630
10,5,2,9,2,18,2000,1000,0.05,0.25,0.003,0,48,0.903,903,6.087129875000002,450,18,180,10,658,658,56,1372,630
10,5,2,9,2,18,2000,1000,0.05,0.25,0.003,0,49,0.898,898,6.211506708000002,450,18,180,10,658,658,56,1372,630
10,5,2,9,2,18,2000,1000,0.05,0.25,0.003,0,50,0.897,897,6.335650540999993,450,18,180,10,658,658,56,1372,630
10,5,2,9,2,18,2000,1000,0.05,0.25,0.003,0,51,0.898,898,6.459632499999998,450,18,180,10,658,658,56,1372,630
10,5,2,9,2,18,2000,1000,0.05,0.25,0.003,0,52,0.897,897,6.586941332999999,450,18,180,10,658,658,56,1372,630
10,5,2,9,2,18,2000,1000,0.05,0.25,0.003,0,53,0.892,892,6.7138898749999925,450,18,180,10,658,658,56,1372,630
10,5,2,9,2,18,2000,1000,0.05,0.25,0.003,0,54,0.894,894,6.841919000000004,450,18,180,10,658,658,56,1372,630
10,5,2,9,2,18,2000,1000,0.05,0.25,0.003,0,55,0.885,885,6.968696457999997,450,18,180,10,658,658,56,1372,630
10,5,2,9,2,18,2000,1000,0.05,0.25,0.003,0,56,0.896,896,7.131314000000003,450,18,180,10,658,658,56,1372,630
10,5,2,9,2,18,2000,1000,0.05,0.25,0.003,0,57,0.886,886,7.259453832999995,450,18,180,10,658,658,56,1372,630
10,5,2,9,2,18,2000,1000,0.05,0.25,0.003,0,58,0.895,895,7.384707290999998,450,18,180,10,658,658,56,1372,630
10,5,2,9,2,18,2000,1000,0.05,0.25,0.003,0,59,0.891,891,7.510795125000001,450,18,180,10,658,658,56,1372,630
10,5,2,9,2,18,2000,1000,0.05,0.25,0.003,0,60,0.893,893,7.6366699160000024,450,18,180,10,658,658,56,1372,630
